id,title,description,link,image_link,price,availability,condition,brand,google_product_category,item_group_id,additional_image_link,color,size,gender,age_group,custom_label_0,custom_label_1
1XAP-07Q200S,"Intention Oversized Gym Tee | Pump Cover — Black, S","Show up for yourself — especially on the hard days. A vertical INTENTION. paired with a quiet reminder to keep showing up. An oversized workout shirt for training with purpose rather than pressure. An oversized gym shirt with the print on the back and a clean front. Heavyweight, garment-dyed cotton that feels broken-in from the first wear. Wear it as a pump cover over your sports bra or tank, with bike shorts for an easy gym outfit, or style it as an oversized graphic tee outside the gym. Details Back print onlyComfort Colors 1717, 100% ring-spun cotton, 6.1 oz heavyweightGarment-dyed for a soft, slightly vintage finishRelaxed unisex fit, US sizingPrinted to orderFit: relaxed. For the oversized look, size up 1–2 — see the size guide in the photos. Care: wash cold, inside out, with like colors. Tumble dry low.",https://aesthwear.com/products/intention-oversized-gym-tee?utm_source=pinterest&utm_medium=catalog&utm_campaign=pinterest-catalog&utm_content=intention-oversized-gym-tee,https://meakamst-stack.github.io/aesth-pinterest-feed/pins/intention-01/intention-01-tee-black-gym-v1.jpg,34.00 USD,in stock,new,AESTH.,Apparel & Accessories > Clothing > Shirts & Tops,intention-oversized-gym-tee,"https://meakamst-stack.github.io/aesth-pinterest-feed/pins/intention-01/intention-01-tee-black-straat-v1.jpg,https://meakamst-stack.github.io/aesth-pinterest-feed/pins/intention-01/intention-01-tee-black-studio-v1.jpg,https://imgproxy.fourthwall.dev/ukeLCAtgBxDzhYhKOKXCnxhR30nIgs8HVabrTtzlMkg/w:1920/sm:1/enc/WMzI0xY-hLEYZW8E/dHn9gw3k2YlLHkYe/zGYq1HVcdjSSOB9N/BITSYCzRjUAanbTK/8OBnzW5gtjBJQo7-/h7ghT5_SWNIfvf7C/6Dnx2bCV4NYB74Cp/k4Vmyc5NHh6SdKe5/vPK-6CQOcZWd5e7x/piM7qow0adaX4gMK/Krl1j7QYu-cFoND_/C-r3qxMQeXeJ7uIO/wSAwgkqXylkMexlq/uZD5xKa--PFj6zEp/AHmRPFpixvI.webp,https://imgproxy.fourthwall.dev/abPJ63SlSYW4Rs71wwz6CqWSmUqVsiC5-J90wlVTw6I/w:1920/sm:1/enc/PFuIv0DVe1WUPhR0/1sx9OU7RlqzR8Ykg/VP4qgNE5x9zMclfv/avBuwtEX3yGe2Uky/CDtbZc1-doYMm7xQ/naFkgqh6g3s44JJM/mTo6u2rfXKlMei-Y/uUIswtD65nmUtu-w/XGxCDcIVOX6cz9YL/puQ9fOTy_DghsicD/TWjSiskIGw0-O9ML/hdYiV0BCXOpuRjht/6F9VHzL8px4_SoUm/r3nboYG5s5jPUA6o/ghXoDmlmJAU.webp,https://imgproxy.fourthwall.dev/-GAkknwU4VJE3n8Y3WfT2b_nzo4FwjuJi_GJho3A0Bo/w:1920/sm:1/enc/-krimqCOgembN9HQ/n_NsIo0n4y5HzqSU/pZvJ7a4EB0dUkYXX/K2n70y1IwapxA9T6/TetraOXKdNVA3wBc/mqBTRyAcEKe_Bbnc/wJS09oByh461YTbh/Njn87jPlUvBCjZdY/cNvevdQUJRChN_tN/pzxSx3RwuPu9th_k/kYdLdyD24otq_INF/2TkPG6GZo9NitWhE/EuSm4zbg6cwfOWli/rLi2araWALFr-wdX/bt2P_pd9_vY.webp",Black,S,unisex,adult,intention-oversized-gym-tee,Black
1XAP-9EV200M,"Intention Oversized Gym Tee | Pump Cover — Black, M","Show up for yourself — especially on the hard days. A vertical INTENTION. paired with a quiet reminder to keep showing up. An oversized workout shirt for training with purpose rather than pressure. An oversized gym shirt with the print on the back and a clean front. Heavyweight, garment-dyed cotton that feels broken-in from the first wear. Wear it as a pump cover over your sports bra or tank, with bike shorts for an easy gym outfit, or style it as an oversized graphic tee outside the gym. Details Back print onlyComfort Colors 1717, 100% ring-spun cotton, 6.1 oz heavyweightGarment-dyed for a soft, slightly vintage finishRelaxed unisex fit, US sizingPrinted to orderFit: relaxed. For the oversized look, size up 1–2 — see the size guide in the photos. Care: wash cold, inside out, with like colors. Tumble dry low.",https://aesthwear.com/products/intention-oversized-gym-tee?utm_source=pinterest&utm_medium=catalog&utm_campaign=pinterest-catalog&utm_content=intention-oversized-gym-tee,https://meakamst-stack.github.io/aesth-pinterest-feed/pins/intention-01/intention-01-tee-black-gym-v1.jpg,34.00 USD,in stock,new,AESTH.,Apparel & Accessories > Clothing > Shirts & Tops,intention-oversized-gym-tee,"https://meakamst-stack.github.io/aesth-pinterest-feed/pins/intention-01/intention-01-tee-black-straat-v1.jpg,https://meakamst-stack.github.io/aesth-pinterest-feed/pins/intention-01/intention-01-tee-black-studio-v1.jpg,https://imgproxy.fourthwall.dev/ukeLCAtgBxDzhYhKOKXCnxhR30nIgs8HVabrTtzlMkg/w:1920/sm:1/enc/WMzI0xY-hLEYZW8E/dHn9gw3k2YlLHkYe/zGYq1HVcdjSSOB9N/BITSYCzRjUAanbTK/8OBnzW5gtjBJQo7-/h7ghT5_SWNIfvf7C/6Dnx2bCV4NYB74Cp/k4Vmyc5NHh6SdKe5/vPK-6CQOcZWd5e7x/piM7qow0adaX4gMK/Krl1j7QYu-cFoND_/C-r3qxMQeXeJ7uIO/wSAwgkqXylkMexlq/uZD5xKa--PFj6zEp/AHmRPFpixvI.webp,https://imgproxy.fourthwall.dev/abPJ63SlSYW4Rs71wwz6CqWSmUqVsiC5-J90wlVTw6I/w:1920/sm:1/enc/PFuIv0DVe1WUPhR0/1sx9OU7RlqzR8Ykg/VP4qgNE5x9zMclfv/avBuwtEX3yGe2Uky/CDtbZc1-doYMm7xQ/naFkgqh6g3s44JJM/mTo6u2rfXKlMei-Y/uUIswtD65nmUtu-w/XGxCDcIVOX6cz9YL/puQ9fOTy_DghsicD/TWjSiskIGw0-O9ML/hdYiV0BCXOpuRjht/6F9VHzL8px4_SoUm/r3nboYG5s5jPUA6o/ghXoDmlmJAU.webp,https://imgproxy.fourthwall.dev/-GAkknwU4VJE3n8Y3WfT2b_nzo4FwjuJi_GJho3A0Bo/w:1920/sm:1/enc/-krimqCOgembN9HQ/n_NsIo0n4y5HzqSU/pZvJ7a4EB0dUkYXX/K2n70y1IwapxA9T6/TetraOXKdNVA3wBc/mqBTRyAcEKe_Bbnc/wJS09oByh461YTbh/Njn87jPlUvBCjZdY/cNvevdQUJRChN_tN/pzxSx3RwuPu9th_k/kYdLdyD24otq_INF/2TkPG6GZo9NitWhE/EuSm4zbg6cwfOWli/rLi2araWALFr-wdX/bt2P_pd9_vY.webp",Black,M,unisex,adult,intention-oversized-gym-tee,Black
1XAP-AEV200L,"Intention Oversized Gym Tee | Pump Cover — Black, L","Show up for yourself — especially on the hard days. A vertical INTENTION. paired with a quiet reminder to keep showing up. An oversized workout shirt for training with purpose rather than pressure. An oversized gym shirt with the print on the back and a clean front. Heavyweight, garment-dyed cotton that feels broken-in from the first wear. Wear it as a pump cover over your sports bra or tank, with bike shorts for an easy gym outfit, or style it as an oversized graphic tee outside the gym. Details Back print onlyComfort Colors 1717, 100% ring-spun cotton, 6.1 oz heavyweightGarment-dyed for a soft, slightly vintage finishRelaxed unisex fit, US sizingPrinted to orderFit: relaxed. For the oversized look, size up 1–2 — see the size guide in the photos. Care: wash cold, inside out, with like colors. Tumble dry low.",https://aesthwear.com/products/intention-oversized-gym-tee?utm_source=pinterest&utm_medium=catalog&utm_campaign=pinterest-catalog&utm_content=intention-oversized-gym-tee,https://meakamst-stack.github.io/aesth-pinterest-feed/pins/intention-01/intention-01-tee-black-gym-v1.jpg,34.00 USD,in stock,new,AESTH.,Apparel & Accessories > Clothing > Shirts & Tops,intention-oversized-gym-tee,"https://meakamst-stack.github.io/aesth-pinterest-feed/pins/intention-01/intention-01-tee-black-straat-v1.jpg,https://meakamst-stack.github.io/aesth-pinterest-feed/pins/intention-01/intention-01-tee-black-studio-v1.jpg,https://imgproxy.fourthwall.dev/ukeLCAtgBxDzhYhKOKXCnxhR30nIgs8HVabrTtzlMkg/w:1920/sm:1/enc/WMzI0xY-hLEYZW8E/dHn9gw3k2YlLHkYe/zGYq1HVcdjSSOB9N/BITSYCzRjUAanbTK/8OBnzW5gtjBJQo7-/h7ghT5_SWNIfvf7C/6Dnx2bCV4NYB74Cp/k4Vmyc5NHh6SdKe5/vPK-6CQOcZWd5e7x/piM7qow0adaX4gMK/Krl1j7QYu-cFoND_/C-r3qxMQeXeJ7uIO/wSAwgkqXylkMexlq/uZD5xKa--PFj6zEp/AHmRPFpixvI.webp,https://imgproxy.fourthwall.dev/abPJ63SlSYW4Rs71wwz6CqWSmUqVsiC5-J90wlVTw6I/w:1920/sm:1/enc/PFuIv0DVe1WUPhR0/1sx9OU7RlqzR8Ykg/VP4qgNE5x9zMclfv/avBuwtEX3yGe2Uky/CDtbZc1-doYMm7xQ/naFkgqh6g3s44JJM/mTo6u2rfXKlMei-Y/uUIswtD65nmUtu-w/XGxCDcIVOX6cz9YL/puQ9fOTy_DghsicD/TWjSiskIGw0-O9ML/hdYiV0BCXOpuRjht/6F9VHzL8px4_SoUm/r3nboYG5s5jPUA6o/ghXoDmlmJAU.webp,https://imgproxy.fourthwall.dev/-GAkknwU4VJE3n8Y3WfT2b_nzo4FwjuJi_GJho3A0Bo/w:1920/sm:1/enc/-krimqCOgembN9HQ/n_NsIo0n4y5HzqSU/pZvJ7a4EB0dUkYXX/K2n70y1IwapxA9T6/TetraOXKdNVA3wBc/mqBTRyAcEKe_Bbnc/wJS09oByh461YTbh/Njn87jPlUvBCjZdY/cNvevdQUJRChN_tN/pzxSx3RwuPu9th_k/kYdLdyD24otq_INF/2TkPG6GZo9NitWhE/EuSm4zbg6cwfOWli/rLi2araWALFr-wdX/bt2P_pd9_vY.webp",Black,L,unisex,adult,intention-oversized-gym-tee,Black
1XAP-X0W20XL,"Intention Oversized Gym Tee | Pump Cover — Black, XL","Show up for yourself — especially on the hard days. A vertical INTENTION. paired with a quiet reminder to keep showing up. An oversized workout shirt for training with purpose rather than pressure. An oversized gym shirt with the print on the back and a clean front. Heavyweight, garment-dyed cotton that feels broken-in from the first wear. Wear it as a pump cover over your sports bra or tank, with bike shorts for an easy gym outfit, or style it as an oversized graphic tee outside the gym. Details Back print onlyComfort Colors 1717, 100% ring-spun cotton, 6.1 oz heavyweightGarment-dyed for a soft, slightly vintage finishRelaxed unisex fit, US sizingPrinted to orderFit: relaxed. For the oversized look, size up 1–2 — see the size guide in the photos. Care: wash cold, inside out, with like colors. Tumble dry low.",https://aesthwear.com/products/intention-oversized-gym-tee?utm_source=pinterest&utm_medium=catalog&utm_campaign=pinterest-catalog&utm_content=intention-oversized-gym-tee,https://meakamst-stack.github.io/aesth-pinterest-feed/pins/intention-01/intention-01-tee-black-gym-v1.jpg,34.00 USD,in stock,new,AESTH.,Apparel & Accessories > Clothing > Shirts & Tops,intention-oversized-gym-tee,"https://meakamst-stack.github.io/aesth-pinterest-feed/pins/intention-01/intention-01-tee-black-straat-v1.jpg,https://meakamst-stack.github.io/aesth-pinterest-feed/pins/intention-01/intention-01-tee-black-studio-v1.jpg,https://imgproxy.fourthwall.dev/ukeLCAtgBxDzhYhKOKXCnxhR30nIgs8HVabrTtzlMkg/w:1920/sm:1/enc/WMzI0xY-hLEYZW8E/dHn9gw3k2YlLHkYe/zGYq1HVcdjSSOB9N/BITSYCzRjUAanbTK/8OBnzW5gtjBJQo7-/h7ghT5_SWNIfvf7C/6Dnx2bCV4NYB74Cp/k4Vmyc5NHh6SdKe5/vPK-6CQOcZWd5e7x/piM7qow0adaX4gMK/Krl1j7QYu-cFoND_/C-r3qxMQeXeJ7uIO/wSAwgkqXylkMexlq/uZD5xKa--PFj6zEp/AHmRPFpixvI.webp,https://imgproxy.fourthwall.dev/abPJ63SlSYW4Rs71wwz6CqWSmUqVsiC5-J90wlVTw6I/w:1920/sm:1/enc/PFuIv0DVe1WUPhR0/1sx9OU7RlqzR8Ykg/VP4qgNE5x9zMclfv/avBuwtEX3yGe2Uky/CDtbZc1-doYMm7xQ/naFkgqh6g3s44JJM/mTo6u2rfXKlMei-Y/uUIswtD65nmUtu-w/XGxCDcIVOX6cz9YL/puQ9fOTy_DghsicD/TWjSiskIGw0-O9ML/hdYiV0BCXOpuRjht/6F9VHzL8px4_SoUm/r3nboYG5s5jPUA6o/ghXoDmlmJAU.webp,https://imgproxy.fourthwall.dev/-GAkknwU4VJE3n8Y3WfT2b_nzo4FwjuJi_GJho3A0Bo/w:1920/sm:1/enc/-krimqCOgembN9HQ/n_NsIo0n4y5HzqSU/pZvJ7a4EB0dUkYXX/K2n70y1IwapxA9T6/TetraOXKdNVA3wBc/mqBTRyAcEKe_Bbnc/wJS09oByh461YTbh/Njn87jPlUvBCjZdY/cNvevdQUJRChN_tN/pzxSx3RwuPu9th_k/kYdLdyD24otq_INF/2TkPG6GZo9NitWhE/EuSm4zbg6cwfOWli/rLi2araWALFr-wdX/bt2P_pd9_vY.webp",Black,XL,unisex,adult,intention-oversized-gym-tee,Black
1XAP-WRU202X,"Intention Oversized Gym Tee | Pump Cover — Black, 2XL","Show up for yourself — especially on the hard days. A vertical INTENTION. paired with a quiet reminder to keep showing up. An oversized workout shirt for training with purpose rather than pressure. An oversized gym shirt with the print on the back and a clean front. Heavyweight, garment-dyed cotton that feels broken-in from the first wear. Wear it as a pump cover over your sports bra or tank, with bike shorts for an easy gym outfit, or style it as an oversized graphic tee outside the gym. Details Back print onlyComfort Colors 1717, 100% ring-spun cotton, 6.1 oz heavyweightGarment-dyed for a soft, slightly vintage finishRelaxed unisex fit, US sizingPrinted to orderFit: relaxed. For the oversized look, size up 1–2 — see the size guide in the photos. Care: wash cold, inside out, with like colors. Tumble dry low.",https://aesthwear.com/products/intention-oversized-gym-tee?utm_source=pinterest&utm_medium=catalog&utm_campaign=pinterest-catalog&utm_content=intention-oversized-gym-tee,https://meakamst-stack.github.io/aesth-pinterest-feed/pins/intention-01/intention-01-tee-black-gym-v1.jpg,36.00 USD,in stock,new,AESTH.,Apparel & Accessories > Clothing > Shirts & Tops,intention-oversized-gym-tee,"https://meakamst-stack.github.io/aesth-pinterest-feed/pins/intention-01/intention-01-tee-black-straat-v1.jpg,https://meakamst-stack.github.io/aesth-pinterest-feed/pins/intention-01/intention-01-tee-black-studio-v1.jpg,https://imgproxy.fourthwall.dev/ukeLCAtgBxDzhYhKOKXCnxhR30nIgs8HVabrTtzlMkg/w:1920/sm:1/enc/WMzI0xY-hLEYZW8E/dHn9gw3k2YlLHkYe/zGYq1HVcdjSSOB9N/BITSYCzRjUAanbTK/8OBnzW5gtjBJQo7-/h7ghT5_SWNIfvf7C/6Dnx2bCV4NYB74Cp/k4Vmyc5NHh6SdKe5/vPK-6CQOcZWd5e7x/piM7qow0adaX4gMK/Krl1j7QYu-cFoND_/C-r3qxMQeXeJ7uIO/wSAwgkqXylkMexlq/uZD5xKa--PFj6zEp/AHmRPFpixvI.webp,https://imgproxy.fourthwall.dev/abPJ63SlSYW4Rs71wwz6CqWSmUqVsiC5-J90wlVTw6I/w:1920/sm:1/enc/PFuIv0DVe1WUPhR0/1sx9OU7RlqzR8Ykg/VP4qgNE5x9zMclfv/avBuwtEX3yGe2Uky/CDtbZc1-doYMm7xQ/naFkgqh6g3s44JJM/mTo6u2rfXKlMei-Y/uUIswtD65nmUtu-w/XGxCDcIVOX6cz9YL/puQ9fOTy_DghsicD/TWjSiskIGw0-O9ML/hdYiV0BCXOpuRjht/6F9VHzL8px4_SoUm/r3nboYG5s5jPUA6o/ghXoDmlmJAU.webp,https://imgproxy.fourthwall.dev/-GAkknwU4VJE3n8Y3WfT2b_nzo4FwjuJi_GJho3A0Bo/w:1920/sm:1/enc/-krimqCOgembN9HQ/n_NsIo0n4y5HzqSU/pZvJ7a4EB0dUkYXX/K2n70y1IwapxA9T6/TetraOXKdNVA3wBc/mqBTRyAcEKe_Bbnc/wJS09oByh461YTbh/Njn87jPlUvBCjZdY/cNvevdQUJRChN_tN/pzxSx3RwuPu9th_k/kYdLdyD24otq_INF/2TkPG6GZo9NitWhE/EuSm4zbg6cwfOWli/rLi2araWALFr-wdX/bt2P_pd9_vY.webp",Black,2XL,unisex,adult,intention-oversized-gym-tee,Black
1XAP-GJ3203X,"Intention Oversized Gym Tee | Pump Cover — Black, 3XL","Show up for yourself — especially on the hard days. A vertical INTENTION. paired with a quiet reminder to keep showing up. An oversized workout shirt for training with purpose rather than pressure. An oversized gym shirt with the print on the back and a clean front. Heavyweight, garment-dyed cotton that feels broken-in from the first wear. Wear it as a pump cover over your sports bra or tank, with bike shorts for an easy gym outfit, or style it as an oversized graphic tee outside the gym. Details Back print onlyComfort Colors 1717, 100% ring-spun cotton, 6.1 oz heavyweightGarment-dyed for a soft, slightly vintage finishRelaxed unisex fit, US sizingPrinted to orderFit: relaxed. For the oversized look, size up 1–2 — see the size guide in the photos. Care: wash cold, inside out, with like colors. Tumble dry low.",https://aesthwear.com/products/intention-oversized-gym-tee?utm_source=pinterest&utm_medium=catalog&utm_campaign=pinterest-catalog&utm_content=intention-oversized-gym-tee,https://meakamst-stack.github.io/aesth-pinterest-feed/pins/intention-01/intention-01-tee-black-gym-v1.jpg,38.00 USD,in stock,new,AESTH.,Apparel & Accessories > Clothing > Shirts & Tops,intention-oversized-gym-tee,"https://meakamst-stack.github.io/aesth-pinterest-feed/pins/intention-01/intention-01-tee-black-straat-v1.jpg,https://meakamst-stack.github.io/aesth-pinterest-feed/pins/intention-01/intention-01-tee-black-studio-v1.jpg,https://imgproxy.fourthwall.dev/ukeLCAtgBxDzhYhKOKXCnxhR30nIgs8HVabrTtzlMkg/w:1920/sm:1/enc/WMzI0xY-hLEYZW8E/dHn9gw3k2YlLHkYe/zGYq1HVcdjSSOB9N/BITSYCzRjUAanbTK/8OBnzW5gtjBJQo7-/h7ghT5_SWNIfvf7C/6Dnx2bCV4NYB74Cp/k4Vmyc5NHh6SdKe5/vPK-6CQOcZWd5e7x/piM7qow0adaX4gMK/Krl1j7QYu-cFoND_/C-r3qxMQeXeJ7uIO/wSAwgkqXylkMexlq/uZD5xKa--PFj6zEp/AHmRPFpixvI.webp,https://imgproxy.fourthwall.dev/abPJ63SlSYW4Rs71wwz6CqWSmUqVsiC5-J90wlVTw6I/w:1920/sm:1/enc/PFuIv0DVe1WUPhR0/1sx9OU7RlqzR8Ykg/VP4qgNE5x9zMclfv/avBuwtEX3yGe2Uky/CDtbZc1-doYMm7xQ/naFkgqh6g3s44JJM/mTo6u2rfXKlMei-Y/uUIswtD65nmUtu-w/XGxCDcIVOX6cz9YL/puQ9fOTy_DghsicD/TWjSiskIGw0-O9ML/hdYiV0BCXOpuRjht/6F9VHzL8px4_SoUm/r3nboYG5s5jPUA6o/ghXoDmlmJAU.webp,https://imgproxy.fourthwall.dev/-GAkknwU4VJE3n8Y3WfT2b_nzo4FwjuJi_GJho3A0Bo/w:1920/sm:1/enc/-krimqCOgembN9HQ/n_NsIo0n4y5HzqSU/pZvJ7a4EB0dUkYXX/K2n70y1IwapxA9T6/TetraOXKdNVA3wBc/mqBTRyAcEKe_Bbnc/wJS09oByh461YTbh/Njn87jPlUvBCjZdY/cNvevdQUJRChN_tN/pzxSx3RwuPu9th_k/kYdLdyD24otq_INF/2TkPG6GZo9NitWhE/EuSm4zbg6cwfOWli/rLi2araWALFr-wdX/bt2P_pd9_vY.webp",Black,3XL,unisex,adult,intention-oversized-gym-tee,Black
1XAP-1P1204X,"Intention Oversized Gym Tee | Pump Cover — Black, 4XL","Show up for yourself — especially on the hard days. A vertical INTENTION. paired with a quiet reminder to keep showing up. An oversized workout shirt for training with purpose rather than pressure. An oversized gym shirt with the print on the back and a clean front. Heavyweight, garment-dyed cotton that feels broken-in from the first wear. Wear it as a pump cover over your sports bra or tank, with bike shorts for an easy gym outfit, or style it as an oversized graphic tee outside the gym. Details Back print onlyComfort Colors 1717, 100% ring-spun cotton, 6.1 oz heavyweightGarment-dyed for a soft, slightly vintage finishRelaxed unisex fit, US sizingPrinted to orderFit: relaxed. For the oversized look, size up 1–2 — see the size guide in the photos. Care: wash cold, inside out, with like colors. Tumble dry low.",https://aesthwear.com/products/intention-oversized-gym-tee?utm_source=pinterest&utm_medium=catalog&utm_campaign=pinterest-catalog&utm_content=intention-oversized-gym-tee,https://meakamst-stack.github.io/aesth-pinterest-feed/pins/intention-01/intention-01-tee-black-gym-v1.jpg,40.00 USD,in stock,new,AESTH.,Apparel & Accessories > Clothing > Shirts & Tops,intention-oversized-gym-tee,"https://meakamst-stack.github.io/aesth-pinterest-feed/pins/intention-01/intention-01-tee-black-straat-v1.jpg,https://meakamst-stack.github.io/aesth-pinterest-feed/pins/intention-01/intention-01-tee-black-studio-v1.jpg,https://imgproxy.fourthwall.dev/ukeLCAtgBxDzhYhKOKXCnxhR30nIgs8HVabrTtzlMkg/w:1920/sm:1/enc/WMzI0xY-hLEYZW8E/dHn9gw3k2YlLHkYe/zGYq1HVcdjSSOB9N/BITSYCzRjUAanbTK/8OBnzW5gtjBJQo7-/h7ghT5_SWNIfvf7C/6Dnx2bCV4NYB74Cp/k4Vmyc5NHh6SdKe5/vPK-6CQOcZWd5e7x/piM7qow0adaX4gMK/Krl1j7QYu-cFoND_/C-r3qxMQeXeJ7uIO/wSAwgkqXylkMexlq/uZD5xKa--PFj6zEp/AHmRPFpixvI.webp,https://imgproxy.fourthwall.dev/abPJ63SlSYW4Rs71wwz6CqWSmUqVsiC5-J90wlVTw6I/w:1920/sm:1/enc/PFuIv0DVe1WUPhR0/1sx9OU7RlqzR8Ykg/VP4qgNE5x9zMclfv/avBuwtEX3yGe2Uky/CDtbZc1-doYMm7xQ/naFkgqh6g3s44JJM/mTo6u2rfXKlMei-Y/uUIswtD65nmUtu-w/XGxCDcIVOX6cz9YL/puQ9fOTy_DghsicD/TWjSiskIGw0-O9ML/hdYiV0BCXOpuRjht/6F9VHzL8px4_SoUm/r3nboYG5s5jPUA6o/ghXoDmlmJAU.webp,https://imgproxy.fourthwall.dev/-GAkknwU4VJE3n8Y3WfT2b_nzo4FwjuJi_GJho3A0Bo/w:1920/sm:1/enc/-krimqCOgembN9HQ/n_NsIo0n4y5HzqSU/pZvJ7a4EB0dUkYXX/K2n70y1IwapxA9T6/TetraOXKdNVA3wBc/mqBTRyAcEKe_Bbnc/wJS09oByh461YTbh/Njn87jPlUvBCjZdY/cNvevdQUJRChN_tN/pzxSx3RwuPu9th_k/kYdLdyD24otq_INF/2TkPG6GZo9NitWhE/EuSm4zbg6cwfOWli/rLi2araWALFr-wdX/bt2P_pd9_vY.webp",Black,4XL,unisex,adult,intention-oversized-gym-tee,Black
1ELU-RZ2P00S,"Intention Oversized Gym Tee | Pump Cover — Ivory, S","Show up for yourself — especially on the hard days. A vertical INTENTION. paired with a quiet reminder to keep showing up. An oversized workout shirt for training with purpose rather than pressure. An oversized gym shirt with the print on the back and a clean front. Heavyweight, garment-dyed cotton that feels broken-in from the first wear. Wear it as a pump cover over your sports bra or tank, with bike shorts for an easy gym outfit, or style it as an oversized graphic tee outside the gym. Details Back print onlyComfort Colors 1717, 100% ring-spun cotton, 6.1 oz heavyweightGarment-dyed for a soft, slightly vintage finishRelaxed unisex fit, US sizingPrinted to orderFit: relaxed. For the oversized look, size up 1–2 — see the size guide in the photos. Care: wash cold, inside out, with like colors. Tumble dry low.",https://aesthwear.com/products/intention-oversized-gym-tee?utm_source=pinterest&utm_medium=catalog&utm_campaign=pinterest-catalog&utm_content=intention-oversized-gym-tee,https://meakamst-stack.github.io/aesth-pinterest-feed/pins/intention-01/intention-01-tee-ivory-gym-v1.jpg,34.00 USD,in stock,new,AESTH.,Apparel & Accessories > Clothing > Shirts & Tops,intention-oversized-gym-tee,"https://meakamst-stack.github.io/aesth-pinterest-feed/pins/intention-01/intention-01-tee-ivory-straat-v1.jpg,https://meakamst-stack.github.io/aesth-pinterest-feed/pins/intention-01/intention-01-tee-ivory-studio-v1.jpg,https://imgproxy.fourthwall.dev/x3diMU5z1eiJCByXeELHpXTj6Me98zgr2jTtcz9dtc8/w:1920/sm:1/enc/9-xAQM4ECxShkLmC/I05rkuehjAmJffkv/JySPyQCPrFcR2_Rf/ezkH_Od1SmdryA2j/GbfUCWmV3T95Di_o/066e87lHFSj11sgU/wKap3ZM4D3poKv3V/f5pNR5PVTJ1gHb75/UFLVaxiqHxvjtwGU/3A28WTVZ738nskiT/TbIZ0_DSwZAqOTlU/VSNfG7JwGV-l-Orz/sn8SaPrHft0LiQV0/OQ9_4CJ_H2TGc6YN/dr2pYorqXT8.webp,https://imgproxy.fourthwall.dev/kZNG3EDs9Wybju1ZVU8vu5rUmZsvGLfIQopkCXmTCuQ/w:1920/sm:1/enc/_axLbdO37Vs1pLRO/gjO2SDHy19EZqZyZ/hHV52gILFEZDUoXy/Fz_aimS5PnsKZbmE/BpkXTimhPhGuAdPf/BFcMI7ZMQcoX3I-8/7giXA7t22nc0VNiq/Hhw5ApNLrqblaGi3/9EiKgDlgRPTm2sIb/TPQduYWHZEV8x2P_/PtIV3T2lbkDgxnZy/tYAiW8fPtOfR6TCQ/MM5DGGh5TP0rajKs/uBzX4UfPFPO_C6K_/vWOH3ZqCZIk.webp,https://imgproxy.fourthwall.dev/jJ6v0G318nSY3qRV82xoz0ZCIPydrbL7uYa2va1UuCA/w:1920/sm:1/enc/YQutTbXKQLM36TyX/YRUvFBkXkiOwhS2t/F979H5PvrHv3GP2R/8hrqLGDx36-x8r1E/X6b8pLNu1R-XS2JX/nAPnvRBDpKQQKhqU/LG0Vuw1hfWAFn_bp/qWkgjT3s1jwN97R0/5Azl8KaXR3GH0_TG/5BTKdO9NEpdjggkC/TprSQCc5qD0c3Lm7/QpAkSONQmmekn-O_/0f3_oiuMnyWLxHCz/kJ8IBDrjA9K1g3uv/2cWQ88E7oCc.webp",Ivory,S,unisex,adult,intention-oversized-gym-tee,Ivory
1ELU-RD4P00M,"Intention Oversized Gym Tee | Pump Cover — Ivory, M","Show up for yourself — especially on the hard days. A vertical INTENTION. paired with a quiet reminder to keep showing up. An oversized workout shirt for training with purpose rather than pressure. An oversized gym shirt with the print on the back and a clean front. Heavyweight, garment-dyed cotton that feels broken-in from the first wear. Wear it as a pump cover over your sports bra or tank, with bike shorts for an easy gym outfit, or style it as an oversized graphic tee outside the gym. Details Back print onlyComfort Colors 1717, 100% ring-spun cotton, 6.1 oz heavyweightGarment-dyed for a soft, slightly vintage finishRelaxed unisex fit, US sizingPrinted to orderFit: relaxed. For the oversized look, size up 1–2 — see the size guide in the photos. Care: wash cold, inside out, with like colors. Tumble dry low.",https://aesthwear.com/products/intention-oversized-gym-tee?utm_source=pinterest&utm_medium=catalog&utm_campaign=pinterest-catalog&utm_content=intention-oversized-gym-tee,https://meakamst-stack.github.io/aesth-pinterest-feed/pins/intention-01/intention-01-tee-ivory-gym-v1.jpg,34.00 USD,in stock,new,AESTH.,Apparel & Accessories > Clothing > Shirts & Tops,intention-oversized-gym-tee,"https://meakamst-stack.github.io/aesth-pinterest-feed/pins/intention-01/intention-01-tee-ivory-straat-v1.jpg,https://meakamst-stack.github.io/aesth-pinterest-feed/pins/intention-01/intention-01-tee-ivory-studio-v1.jpg,https://imgproxy.fourthwall.dev/x3diMU5z1eiJCByXeELHpXTj6Me98zgr2jTtcz9dtc8/w:1920/sm:1/enc/9-xAQM4ECxShkLmC/I05rkuehjAmJffkv/JySPyQCPrFcR2_Rf/ezkH_Od1SmdryA2j/GbfUCWmV3T95Di_o/066e87lHFSj11sgU/wKap3ZM4D3poKv3V/f5pNR5PVTJ1gHb75/UFLVaxiqHxvjtwGU/3A28WTVZ738nskiT/TbIZ0_DSwZAqOTlU/VSNfG7JwGV-l-Orz/sn8SaPrHft0LiQV0/OQ9_4CJ_H2TGc6YN/dr2pYorqXT8.webp,https://imgproxy.fourthwall.dev/kZNG3EDs9Wybju1ZVU8vu5rUmZsvGLfIQopkCXmTCuQ/w:1920/sm:1/enc/_axLbdO37Vs1pLRO/gjO2SDHy19EZqZyZ/hHV52gILFEZDUoXy/Fz_aimS5PnsKZbmE/BpkXTimhPhGuAdPf/BFcMI7ZMQcoX3I-8/7giXA7t22nc0VNiq/Hhw5ApNLrqblaGi3/9EiKgDlgRPTm2sIb/TPQduYWHZEV8x2P_/PtIV3T2lbkDgxnZy/tYAiW8fPtOfR6TCQ/MM5DGGh5TP0rajKs/uBzX4UfPFPO_C6K_/vWOH3ZqCZIk.webp,https://imgproxy.fourthwall.dev/jJ6v0G318nSY3qRV82xoz0ZCIPydrbL7uYa2va1UuCA/w:1920/sm:1/enc/YQutTbXKQLM36TyX/YRUvFBkXkiOwhS2t/F979H5PvrHv3GP2R/8hrqLGDx36-x8r1E/X6b8pLNu1R-XS2JX/nAPnvRBDpKQQKhqU/LG0Vuw1hfWAFn_bp/qWkgjT3s1jwN97R0/5Azl8KaXR3GH0_TG/5BTKdO9NEpdjggkC/TprSQCc5qD0c3Lm7/QpAkSONQmmekn-O_/0f3_oiuMnyWLxHCz/kJ8IBDrjA9K1g3uv/2cWQ88E7oCc.webp",Ivory,M,unisex,adult,intention-oversized-gym-tee,Ivory
1ELU-KDVP00L,"Intention Oversized Gym Tee | Pump Cover — Ivory, L","Show up for yourself — especially on the hard days. A vertical INTENTION. paired with a quiet reminder to keep showing up. An oversized workout shirt for training with purpose rather than pressure. An oversized gym shirt with the print on the back and a clean front. Heavyweight, garment-dyed cotton that feels broken-in from the first wear. Wear it as a pump cover over your sports bra or tank, with bike shorts for an easy gym outfit, or style it as an oversized graphic tee outside the gym. Details Back print onlyComfort Colors 1717, 100% ring-spun cotton, 6.1 oz heavyweightGarment-dyed for a soft, slightly vintage finishRelaxed unisex fit, US sizingPrinted to orderFit: relaxed. For the oversized look, size up 1–2 — see the size guide in the photos. Care: wash cold, inside out, with like colors. Tumble dry low.",https://aesthwear.com/products/intention-oversized-gym-tee?utm_source=pinterest&utm_medium=catalog&utm_campaign=pinterest-catalog&utm_content=intention-oversized-gym-tee,https://meakamst-stack.github.io/aesth-pinterest-feed/pins/intention-01/intention-01-tee-ivory-gym-v1.jpg,34.00 USD,in stock,new,AESTH.,Apparel & Accessories > Clothing > Shirts & Tops,intention-oversized-gym-tee,"https://meakamst-stack.github.io/aesth-pinterest-feed/pins/intention-01/intention-01-tee-ivory-straat-v1.jpg,https://meakamst-stack.github.io/aesth-pinterest-feed/pins/intention-01/intention-01-tee-ivory-studio-v1.jpg,https://imgproxy.fourthwall.dev/x3diMU5z1eiJCByXeELHpXTj6Me98zgr2jTtcz9dtc8/w:1920/sm:1/enc/9-xAQM4ECxShkLmC/I05rkuehjAmJffkv/JySPyQCPrFcR2_Rf/ezkH_Od1SmdryA2j/GbfUCWmV3T95Di_o/066e87lHFSj11sgU/wKap3ZM4D3poKv3V/f5pNR5PVTJ1gHb75/UFLVaxiqHxvjtwGU/3A28WTVZ738nskiT/TbIZ0_DSwZAqOTlU/VSNfG7JwGV-l-Orz/sn8SaPrHft0LiQV0/OQ9_4CJ_H2TGc6YN/dr2pYorqXT8.webp,https://imgproxy.fourthwall.dev/kZNG3EDs9Wybju1ZVU8vu5rUmZsvGLfIQopkCXmTCuQ/w:1920/sm:1/enc/_axLbdO37Vs1pLRO/gjO2SDHy19EZqZyZ/hHV52gILFEZDUoXy/Fz_aimS5PnsKZbmE/BpkXTimhPhGuAdPf/BFcMI7ZMQcoX3I-8/7giXA7t22nc0VNiq/Hhw5ApNLrqblaGi3/9EiKgDlgRPTm2sIb/TPQduYWHZEV8x2P_/PtIV3T2lbkDgxnZy/tYAiW8fPtOfR6TCQ/MM5DGGh5TP0rajKs/uBzX4UfPFPO_C6K_/vWOH3ZqCZIk.webp,https://imgproxy.fourthwall.dev/jJ6v0G318nSY3qRV82xoz0ZCIPydrbL7uYa2va1UuCA/w:1920/sm:1/enc/YQutTbXKQLM36TyX/YRUvFBkXkiOwhS2t/F979H5PvrHv3GP2R/8hrqLGDx36-x8r1E/X6b8pLNu1R-XS2JX/nAPnvRBDpKQQKhqU/LG0Vuw1hfWAFn_bp/qWkgjT3s1jwN97R0/5Azl8KaXR3GH0_TG/5BTKdO9NEpdjggkC/TprSQCc5qD0c3Lm7/QpAkSONQmmekn-O_/0f3_oiuMnyWLxHCz/kJ8IBDrjA9K1g3uv/2cWQ88E7oCc.webp",Ivory,L,unisex,adult,intention-oversized-gym-tee,Ivory
1ELU-DN6P0XL,"Intention Oversized Gym Tee | Pump Cover — Ivory, XL","Show up for yourself — especially on the hard days. A vertical INTENTION. paired with a quiet reminder to keep showing up. An oversized workout shirt for training with purpose rather than pressure. An oversized gym shirt with the print on the back and a clean front. Heavyweight, garment-dyed cotton that feels broken-in from the first wear. Wear it as a pump cover over your sports bra or tank, with bike shorts for an easy gym outfit, or style it as an oversized graphic tee outside the gym. Details Back print onlyComfort Colors 1717, 100% ring-spun cotton, 6.1 oz heavyweightGarment-dyed for a soft, slightly vintage finishRelaxed unisex fit, US sizingPrinted to orderFit: relaxed. For the oversized look, size up 1–2 — see the size guide in the photos. Care: wash cold, inside out, with like colors. Tumble dry low.",https://aesthwear.com/products/intention-oversized-gym-tee?utm_source=pinterest&utm_medium=catalog&utm_campaign=pinterest-catalog&utm_content=intention-oversized-gym-tee,https://meakamst-stack.github.io/aesth-pinterest-feed/pins/intention-01/intention-01-tee-ivory-gym-v1.jpg,34.00 USD,in stock,new,AESTH.,Apparel & Accessories > Clothing > Shirts & Tops,intention-oversized-gym-tee,"https://meakamst-stack.github.io/aesth-pinterest-feed/pins/intention-01/intention-01-tee-ivory-straat-v1.jpg,https://meakamst-stack.github.io/aesth-pinterest-feed/pins/intention-01/intention-01-tee-ivory-studio-v1.jpg,https://imgproxy.fourthwall.dev/x3diMU5z1eiJCByXeELHpXTj6Me98zgr2jTtcz9dtc8/w:1920/sm:1/enc/9-xAQM4ECxShkLmC/I05rkuehjAmJffkv/JySPyQCPrFcR2_Rf/ezkH_Od1SmdryA2j/GbfUCWmV3T95Di_o/066e87lHFSj11sgU/wKap3ZM4D3poKv3V/f5pNR5PVTJ1gHb75/UFLVaxiqHxvjtwGU/3A28WTVZ738nskiT/TbIZ0_DSwZAqOTlU/VSNfG7JwGV-l-Orz/sn8SaPrHft0LiQV0/OQ9_4CJ_H2TGc6YN/dr2pYorqXT8.webp,https://imgproxy.fourthwall.dev/kZNG3EDs9Wybju1ZVU8vu5rUmZsvGLfIQopkCXmTCuQ/w:1920/sm:1/enc/_axLbdO37Vs1pLRO/gjO2SDHy19EZqZyZ/hHV52gILFEZDUoXy/Fz_aimS5PnsKZbmE/BpkXTimhPhGuAdPf/BFcMI7ZMQcoX3I-8/7giXA7t22nc0VNiq/Hhw5ApNLrqblaGi3/9EiKgDlgRPTm2sIb/TPQduYWHZEV8x2P_/PtIV3T2lbkDgxnZy/tYAiW8fPtOfR6TCQ/MM5DGGh5TP0rajKs/uBzX4UfPFPO_C6K_/vWOH3ZqCZIk.webp,https://imgproxy.fourthwall.dev/jJ6v0G318nSY3qRV82xoz0ZCIPydrbL7uYa2va1UuCA/w:1920/sm:1/enc/YQutTbXKQLM36TyX/YRUvFBkXkiOwhS2t/F979H5PvrHv3GP2R/8hrqLGDx36-x8r1E/X6b8pLNu1R-XS2JX/nAPnvRBDpKQQKhqU/LG0Vuw1hfWAFn_bp/qWkgjT3s1jwN97R0/5Azl8KaXR3GH0_TG/5BTKdO9NEpdjggkC/TprSQCc5qD0c3Lm7/QpAkSONQmmekn-O_/0f3_oiuMnyWLxHCz/kJ8IBDrjA9K1g3uv/2cWQ88E7oCc.webp",Ivory,XL,unisex,adult,intention-oversized-gym-tee,Ivory
1ELU-2FXP02X,"Intention Oversized Gym Tee | Pump Cover — Ivory, 2XL","Show up for yourself — especially on the hard days. A vertical INTENTION. paired with a quiet reminder to keep showing up. An oversized workout shirt for training with purpose rather than pressure. An oversized gym shirt with the print on the back and a clean front. Heavyweight, garment-dyed cotton that feels broken-in from the first wear. Wear it as a pump cover over your sports bra or tank, with bike shorts for an easy gym outfit, or style it as an oversized graphic tee outside the gym. Details Back print onlyComfort Colors 1717, 100% ring-spun cotton, 6.1 oz heavyweightGarment-dyed for a soft, slightly vintage finishRelaxed unisex fit, US sizingPrinted to orderFit: relaxed. For the oversized look, size up 1–2 — see the size guide in the photos. Care: wash cold, inside out, with like colors. Tumble dry low.",https://aesthwear.com/products/intention-oversized-gym-tee?utm_source=pinterest&utm_medium=catalog&utm_campaign=pinterest-catalog&utm_content=intention-oversized-gym-tee,https://meakamst-stack.github.io/aesth-pinterest-feed/pins/intention-01/intention-01-tee-ivory-gym-v1.jpg,36.00 USD,in stock,new,AESTH.,Apparel & Accessories > Clothing > Shirts & Tops,intention-oversized-gym-tee,"https://meakamst-stack.github.io/aesth-pinterest-feed/pins/intention-01/intention-01-tee-ivory-straat-v1.jpg,https://meakamst-stack.github.io/aesth-pinterest-feed/pins/intention-01/intention-01-tee-ivory-studio-v1.jpg,https://imgproxy.fourthwall.dev/x3diMU5z1eiJCByXeELHpXTj6Me98zgr2jTtcz9dtc8/w:1920/sm:1/enc/9-xAQM4ECxShkLmC/I05rkuehjAmJffkv/JySPyQCPrFcR2_Rf/ezkH_Od1SmdryA2j/GbfUCWmV3T95Di_o/066e87lHFSj11sgU/wKap3ZM4D3poKv3V/f5pNR5PVTJ1gHb75/UFLVaxiqHxvjtwGU/3A28WTVZ738nskiT/TbIZ0_DSwZAqOTlU/VSNfG7JwGV-l-Orz/sn8SaPrHft0LiQV0/OQ9_4CJ_H2TGc6YN/dr2pYorqXT8.webp,https://imgproxy.fourthwall.dev/kZNG3EDs9Wybju1ZVU8vu5rUmZsvGLfIQopkCXmTCuQ/w:1920/sm:1/enc/_axLbdO37Vs1pLRO/gjO2SDHy19EZqZyZ/hHV52gILFEZDUoXy/Fz_aimS5PnsKZbmE/BpkXTimhPhGuAdPf/BFcMI7ZMQcoX3I-8/7giXA7t22nc0VNiq/Hhw5ApNLrqblaGi3/9EiKgDlgRPTm2sIb/TPQduYWHZEV8x2P_/PtIV3T2lbkDgxnZy/tYAiW8fPtOfR6TCQ/MM5DGGh5TP0rajKs/uBzX4UfPFPO_C6K_/vWOH3ZqCZIk.webp,https://imgproxy.fourthwall.dev/jJ6v0G318nSY3qRV82xoz0ZCIPydrbL7uYa2va1UuCA/w:1920/sm:1/enc/YQutTbXKQLM36TyX/YRUvFBkXkiOwhS2t/F979H5PvrHv3GP2R/8hrqLGDx36-x8r1E/X6b8pLNu1R-XS2JX/nAPnvRBDpKQQKhqU/LG0Vuw1hfWAFn_bp/qWkgjT3s1jwN97R0/5Azl8KaXR3GH0_TG/5BTKdO9NEpdjggkC/TprSQCc5qD0c3Lm7/QpAkSONQmmekn-O_/0f3_oiuMnyWLxHCz/kJ8IBDrjA9K1g3uv/2cWQ88E7oCc.webp",Ivory,2XL,unisex,adult,intention-oversized-gym-tee,Ivory
1ELU-Y4WP03X,"Intention Oversized Gym Tee | Pump Cover — Ivory, 3XL","Show up for yourself — especially on the hard days. A vertical INTENTION. paired with a quiet reminder to keep showing up. An oversized workout shirt for training with purpose rather than pressure. An oversized gym shirt with the print on the back and a clean front. Heavyweight, garment-dyed cotton that feels broken-in from the first wear. Wear it as a pump cover over your sports bra or tank, with bike shorts for an easy gym outfit, or style it as an oversized graphic tee outside the gym. Details Back print onlyComfort Colors 1717, 100% ring-spun cotton, 6.1 oz heavyweightGarment-dyed for a soft, slightly vintage finishRelaxed unisex fit, US sizingPrinted to orderFit: relaxed. For the oversized look, size up 1–2 — see the size guide in the photos. Care: wash cold, inside out, with like colors. Tumble dry low.",https://aesthwear.com/products/intention-oversized-gym-tee?utm_source=pinterest&utm_medium=catalog&utm_campaign=pinterest-catalog&utm_content=intention-oversized-gym-tee,https://meakamst-stack.github.io/aesth-pinterest-feed/pins/intention-01/intention-01-tee-ivory-gym-v1.jpg,38.00 USD,in stock,new,AESTH.,Apparel & Accessories > Clothing > Shirts & Tops,intention-oversized-gym-tee,"https://meakamst-stack.github.io/aesth-pinterest-feed/pins/intention-01/intention-01-tee-ivory-straat-v1.jpg,https://meakamst-stack.github.io/aesth-pinterest-feed/pins/intention-01/intention-01-tee-ivory-studio-v1.jpg,https://imgproxy.fourthwall.dev/x3diMU5z1eiJCByXeELHpXTj6Me98zgr2jTtcz9dtc8/w:1920/sm:1/enc/9-xAQM4ECxShkLmC/I05rkuehjAmJffkv/JySPyQCPrFcR2_Rf/ezkH_Od1SmdryA2j/GbfUCWmV3T95Di_o/066e87lHFSj11sgU/wKap3ZM4D3poKv3V/f5pNR5PVTJ1gHb75/UFLVaxiqHxvjtwGU/3A28WTVZ738nskiT/TbIZ0_DSwZAqOTlU/VSNfG7JwGV-l-Orz/sn8SaPrHft0LiQV0/OQ9_4CJ_H2TGc6YN/dr2pYorqXT8.webp,https://imgproxy.fourthwall.dev/kZNG3EDs9Wybju1ZVU8vu5rUmZsvGLfIQopkCXmTCuQ/w:1920/sm:1/enc/_axLbdO37Vs1pLRO/gjO2SDHy19EZqZyZ/hHV52gILFEZDUoXy/Fz_aimS5PnsKZbmE/BpkXTimhPhGuAdPf/BFcMI7ZMQcoX3I-8/7giXA7t22nc0VNiq/Hhw5ApNLrqblaGi3/9EiKgDlgRPTm2sIb/TPQduYWHZEV8x2P_/PtIV3T2lbkDgxnZy/tYAiW8fPtOfR6TCQ/MM5DGGh5TP0rajKs/uBzX4UfPFPO_C6K_/vWOH3ZqCZIk.webp,https://imgproxy.fourthwall.dev/jJ6v0G318nSY3qRV82xoz0ZCIPydrbL7uYa2va1UuCA/w:1920/sm:1/enc/YQutTbXKQLM36TyX/YRUvFBkXkiOwhS2t/F979H5PvrHv3GP2R/8hrqLGDx36-x8r1E/X6b8pLNu1R-XS2JX/nAPnvRBDpKQQKhqU/LG0Vuw1hfWAFn_bp/qWkgjT3s1jwN97R0/5Azl8KaXR3GH0_TG/5BTKdO9NEpdjggkC/TprSQCc5qD0c3Lm7/QpAkSONQmmekn-O_/0f3_oiuMnyWLxHCz/kJ8IBDrjA9K1g3uv/2cWQ88E7oCc.webp",Ivory,3XL,unisex,adult,intention-oversized-gym-tee,Ivory
1ELU-MNWP04X,"Intention Oversized Gym Tee | Pump Cover — Ivory, 4XL","Show up for yourself — especially on the hard days. A vertical INTENTION. paired with a quiet reminder to keep showing up. An oversized workout shirt for training with purpose rather than pressure. An oversized gym shirt with the print on the back and a clean front. Heavyweight, garment-dyed cotton that feels broken-in from the first wear. Wear it as a pump cover over your sports bra or tank, with bike shorts for an easy gym outfit, or style it as an oversized graphic tee outside the gym. Details Back print onlyComfort Colors 1717, 100% ring-spun cotton, 6.1 oz heavyweightGarment-dyed for a soft, slightly vintage finishRelaxed unisex fit, US sizingPrinted to orderFit: relaxed. For the oversized look, size up 1–2 — see the size guide in the photos. Care: wash cold, inside out, with like colors. Tumble dry low.",https://aesthwear.com/products/intention-oversized-gym-tee?utm_source=pinterest&utm_medium=catalog&utm_campaign=pinterest-catalog&utm_content=intention-oversized-gym-tee,https://meakamst-stack.github.io/aesth-pinterest-feed/pins/intention-01/intention-01-tee-ivory-gym-v1.jpg,40.00 USD,in stock,new,AESTH.,Apparel & Accessories > Clothing > Shirts & Tops,intention-oversized-gym-tee,"https://meakamst-stack.github.io/aesth-pinterest-feed/pins/intention-01/intention-01-tee-ivory-straat-v1.jpg,https://meakamst-stack.github.io/aesth-pinterest-feed/pins/intention-01/intention-01-tee-ivory-studio-v1.jpg,https://imgproxy.fourthwall.dev/x3diMU5z1eiJCByXeELHpXTj6Me98zgr2jTtcz9dtc8/w:1920/sm:1/enc/9-xAQM4ECxShkLmC/I05rkuehjAmJffkv/JySPyQCPrFcR2_Rf/ezkH_Od1SmdryA2j/GbfUCWmV3T95Di_o/066e87lHFSj11sgU/wKap3ZM4D3poKv3V/f5pNR5PVTJ1gHb75/UFLVaxiqHxvjtwGU/3A28WTVZ738nskiT/TbIZ0_DSwZAqOTlU/VSNfG7JwGV-l-Orz/sn8SaPrHft0LiQV0/OQ9_4CJ_H2TGc6YN/dr2pYorqXT8.webp,https://imgproxy.fourthwall.dev/kZNG3EDs9Wybju1ZVU8vu5rUmZsvGLfIQopkCXmTCuQ/w:1920/sm:1/enc/_axLbdO37Vs1pLRO/gjO2SDHy19EZqZyZ/hHV52gILFEZDUoXy/Fz_aimS5PnsKZbmE/BpkXTimhPhGuAdPf/BFcMI7ZMQcoX3I-8/7giXA7t22nc0VNiq/Hhw5ApNLrqblaGi3/9EiKgDlgRPTm2sIb/TPQduYWHZEV8x2P_/PtIV3T2lbkDgxnZy/tYAiW8fPtOfR6TCQ/MM5DGGh5TP0rajKs/uBzX4UfPFPO_C6K_/vWOH3ZqCZIk.webp,https://imgproxy.fourthwall.dev/jJ6v0G318nSY3qRV82xoz0ZCIPydrbL7uYa2va1UuCA/w:1920/sm:1/enc/YQutTbXKQLM36TyX/YRUvFBkXkiOwhS2t/F979H5PvrHv3GP2R/8hrqLGDx36-x8r1E/X6b8pLNu1R-XS2JX/nAPnvRBDpKQQKhqU/LG0Vuw1hfWAFn_bp/qWkgjT3s1jwN97R0/5Azl8KaXR3GH0_TG/5BTKdO9NEpdjggkC/TprSQCc5qD0c3Lm7/QpAkSONQmmekn-O_/0f3_oiuMnyWLxHCz/kJ8IBDrjA9K1g3uv/2cWQ88E7oCc.webp",Ivory,4XL,unisex,adult,intention-oversized-gym-tee,Ivory
1ELU-M9CM00S,"Intention Oversized Gym Tee | Pump Cover — Bay, S","Show up for yourself — especially on the hard days. A vertical INTENTION. paired with a quiet reminder to keep showing up. An oversized workout shirt for training with purpose rather than pressure. An oversized gym shirt with the print on the back and a clean front. Heavyweight, garment-dyed cotton that feels broken-in from the first wear. Wear it as a pump cover over your sports bra or tank, with bike shorts for an easy gym outfit, or style it as an oversized graphic tee outside the gym. Details Back print onlyComfort Colors 1717, 100% ring-spun cotton, 6.1 oz heavyweightGarment-dyed for a soft, slightly vintage finishRelaxed unisex fit, US sizingPrinted to orderFit: relaxed. For the oversized look, size up 1–2 — see the size guide in the photos. Care: wash cold, inside out, with like colors. Tumble dry low.",https://aesthwear.com/products/intention-oversized-gym-tee?utm_source=pinterest&utm_medium=catalog&utm_campaign=pinterest-catalog&utm_content=intention-oversized-gym-tee,https://meakamst-stack.github.io/aesth-pinterest-feed/pins/intention-01/intention-01-tee-bay-gym-v1.jpg,34.00 USD,in stock,new,AESTH.,Apparel & Accessories > Clothing > Shirts & Tops,intention-oversized-gym-tee,"https://meakamst-stack.github.io/aesth-pinterest-feed/pins/intention-01/intention-01-tee-bay-straat-v1.jpg,https://meakamst-stack.github.io/aesth-pinterest-feed/pins/intention-01/intention-01-tee-bay-studio-v1.jpg,https://imgproxy.fourthwall.dev/ATMZp4dGQlWv2ZFEvb9wt2TL8DkTnZ71HuCP9mN1Xn0/w:1920/sm:1/enc/o_5hDYcw8ap5RYDd/PJI4lLaDxhTc3gXQ/SUfa91kRooUU5yGd/dBn1bYm_HCQ2f4dP/V_bEMWjeNAdzN5xJ/jjlO02scoULFD99A/D_pnZfOd32HKL746/qOwzsuZK6dWCFORz/o-lwzrkWBfQbGc1k/jsouvgiC97gshx7D/ftqsA-_E0GjkgRok/eBQ0q-8NXjClfTK4/mHWZsg4XA2UCEiG1/vcoQ6Jc21NaVVphf/nwhecGb6I-M.webp,https://imgproxy.fourthwall.dev/CCHZHbXQE3wzZzSxSSBb9Zygmmw2Z1i6gtWC6baApa8/w:1920/sm:1/enc/tda8Yatnf8MhY56J/S--IqXvXBydUOfEX/oMVQ8y1fZSI5xg8S/8WrRprGy-DXF7qz7/2UYkZgFyoyUsE8fy/zAgKvyHAxTurhCoI/LSP1ELGcTw1l-nBR/TtuS3D7bx_HcSHm9/gUA2Jh365D1t-gIE/1Kph6QQYXhGbLT7q/eJuzr-6R9y0zwQVM/bAkE3gejyIgL88tm/YYNl79grFR1W7NE1/MLyZsVhGIn72UUQr/BBhYCrRShBM.webp,https://imgproxy.fourthwall.dev/k3Whzu_rocOTCX3rZL8QcpS6JV1EzZCj6olM6KDcJFM/w:1920/sm:1/enc/pUBD6pjxkViW7rc1/HktnPQQXTavVpB1I/Eb7F7AzulEcj2qjS/YZWIHXLvhn310mhO/StSyNM_SRMdRJ7Bw/S150h-aqm-UEnR6-/dmAmmRic1KLWTN-u/M3GkO1PFMzRJ-Z2v/UKcm4TQ-rq3yUtsY/8GMhZzK5K37cD2uq/ekpSMYShfPcWSOY5/6usODWEEE4NUsI2S/eOcs1J0QLXXkEJtZ/QmWr_NlY1T5gIwJg/ux2c1FpZtok.webp",Bay,S,unisex,adult,intention-oversized-gym-tee,Bay
1ELU-QU7M00M,"Intention Oversized Gym Tee | Pump Cover — Bay, M","Show up for yourself — especially on the hard days. A vertical INTENTION. paired with a quiet reminder to keep showing up. An oversized workout shirt for training with purpose rather than pressure. An oversized gym shirt with the print on the back and a clean front. Heavyweight, garment-dyed cotton that feels broken-in from the first wear. Wear it as a pump cover over your sports bra or tank, with bike shorts for an easy gym outfit, or style it as an oversized graphic tee outside the gym. Details Back print onlyComfort Colors 1717, 100% ring-spun cotton, 6.1 oz heavyweightGarment-dyed for a soft, slightly vintage finishRelaxed unisex fit, US sizingPrinted to orderFit: relaxed. For the oversized look, size up 1–2 — see the size guide in the photos. Care: wash cold, inside out, with like colors. Tumble dry low.",https://aesthwear.com/products/intention-oversized-gym-tee?utm_source=pinterest&utm_medium=catalog&utm_campaign=pinterest-catalog&utm_content=intention-oversized-gym-tee,https://meakamst-stack.github.io/aesth-pinterest-feed/pins/intention-01/intention-01-tee-bay-gym-v1.jpg,34.00 USD,in stock,new,AESTH.,Apparel & Accessories > Clothing > Shirts & Tops,intention-oversized-gym-tee,"https://meakamst-stack.github.io/aesth-pinterest-feed/pins/intention-01/intention-01-tee-bay-straat-v1.jpg,https://meakamst-stack.github.io/aesth-pinterest-feed/pins/intention-01/intention-01-tee-bay-studio-v1.jpg,https://imgproxy.fourthwall.dev/ATMZp4dGQlWv2ZFEvb9wt2TL8DkTnZ71HuCP9mN1Xn0/w:1920/sm:1/enc/o_5hDYcw8ap5RYDd/PJI4lLaDxhTc3gXQ/SUfa91kRooUU5yGd/dBn1bYm_HCQ2f4dP/V_bEMWjeNAdzN5xJ/jjlO02scoULFD99A/D_pnZfOd32HKL746/qOwzsuZK6dWCFORz/o-lwzrkWBfQbGc1k/jsouvgiC97gshx7D/ftqsA-_E0GjkgRok/eBQ0q-8NXjClfTK4/mHWZsg4XA2UCEiG1/vcoQ6Jc21NaVVphf/nwhecGb6I-M.webp,https://imgproxy.fourthwall.dev/CCHZHbXQE3wzZzSxSSBb9Zygmmw2Z1i6gtWC6baApa8/w:1920/sm:1/enc/tda8Yatnf8MhY56J/S--IqXvXBydUOfEX/oMVQ8y1fZSI5xg8S/8WrRprGy-DXF7qz7/2UYkZgFyoyUsE8fy/zAgKvyHAxTurhCoI/LSP1ELGcTw1l-nBR/TtuS3D7bx_HcSHm9/gUA2Jh365D1t-gIE/1Kph6QQYXhGbLT7q/eJuzr-6R9y0zwQVM/bAkE3gejyIgL88tm/YYNl79grFR1W7NE1/MLyZsVhGIn72UUQr/BBhYCrRShBM.webp,https://imgproxy.fourthwall.dev/k3Whzu_rocOTCX3rZL8QcpS6JV1EzZCj6olM6KDcJFM/w:1920/sm:1/enc/pUBD6pjxkViW7rc1/HktnPQQXTavVpB1I/Eb7F7AzulEcj2qjS/YZWIHXLvhn310mhO/StSyNM_SRMdRJ7Bw/S150h-aqm-UEnR6-/dmAmmRic1KLWTN-u/M3GkO1PFMzRJ-Z2v/UKcm4TQ-rq3yUtsY/8GMhZzK5K37cD2uq/ekpSMYShfPcWSOY5/6usODWEEE4NUsI2S/eOcs1J0QLXXkEJtZ/QmWr_NlY1T5gIwJg/ux2c1FpZtok.webp",Bay,M,unisex,adult,intention-oversized-gym-tee,Bay
1ELU-4Z1M00L,"Intention Oversized Gym Tee | Pump Cover — Bay, L","Show up for yourself — especially on the hard days. A vertical INTENTION. paired with a quiet reminder to keep showing up. An oversized workout shirt for training with purpose rather than pressure. An oversized gym shirt with the print on the back and a clean front. Heavyweight, garment-dyed cotton that feels broken-in from the first wear. Wear it as a pump cover over your sports bra or tank, with bike shorts for an easy gym outfit, or style it as an oversized graphic tee outside the gym. Details Back print onlyComfort Colors 1717, 100% ring-spun cotton, 6.1 oz heavyweightGarment-dyed for a soft, slightly vintage finishRelaxed unisex fit, US sizingPrinted to orderFit: relaxed. For the oversized look, size up 1–2 — see the size guide in the photos. Care: wash cold, inside out, with like colors. Tumble dry low.",https://aesthwear.com/products/intention-oversized-gym-tee?utm_source=pinterest&utm_medium=catalog&utm_campaign=pinterest-catalog&utm_content=intention-oversized-gym-tee,https://meakamst-stack.github.io/aesth-pinterest-feed/pins/intention-01/intention-01-tee-bay-gym-v1.jpg,34.00 USD,in stock,new,AESTH.,Apparel & Accessories > Clothing > Shirts & Tops,intention-oversized-gym-tee,"https://meakamst-stack.github.io/aesth-pinterest-feed/pins/intention-01/intention-01-tee-bay-straat-v1.jpg,https://meakamst-stack.github.io/aesth-pinterest-feed/pins/intention-01/intention-01-tee-bay-studio-v1.jpg,https://imgproxy.fourthwall.dev/ATMZp4dGQlWv2ZFEvb9wt2TL8DkTnZ71HuCP9mN1Xn0/w:1920/sm:1/enc/o_5hDYcw8ap5RYDd/PJI4lLaDxhTc3gXQ/SUfa91kRooUU5yGd/dBn1bYm_HCQ2f4dP/V_bEMWjeNAdzN5xJ/jjlO02scoULFD99A/D_pnZfOd32HKL746/qOwzsuZK6dWCFORz/o-lwzrkWBfQbGc1k/jsouvgiC97gshx7D/ftqsA-_E0GjkgRok/eBQ0q-8NXjClfTK4/mHWZsg4XA2UCEiG1/vcoQ6Jc21NaVVphf/nwhecGb6I-M.webp,https://imgproxy.fourthwall.dev/CCHZHbXQE3wzZzSxSSBb9Zygmmw2Z1i6gtWC6baApa8/w:1920/sm:1/enc/tda8Yatnf8MhY56J/S--IqXvXBydUOfEX/oMVQ8y1fZSI5xg8S/8WrRprGy-DXF7qz7/2UYkZgFyoyUsE8fy/zAgKvyHAxTurhCoI/LSP1ELGcTw1l-nBR/TtuS3D7bx_HcSHm9/gUA2Jh365D1t-gIE/1Kph6QQYXhGbLT7q/eJuzr-6R9y0zwQVM/bAkE3gejyIgL88tm/YYNl79grFR1W7NE1/MLyZsVhGIn72UUQr/BBhYCrRShBM.webp,https://imgproxy.fourthwall.dev/k3Whzu_rocOTCX3rZL8QcpS6JV1EzZCj6olM6KDcJFM/w:1920/sm:1/enc/pUBD6pjxkViW7rc1/HktnPQQXTavVpB1I/Eb7F7AzulEcj2qjS/YZWIHXLvhn310mhO/StSyNM_SRMdRJ7Bw/S150h-aqm-UEnR6-/dmAmmRic1KLWTN-u/M3GkO1PFMzRJ-Z2v/UKcm4TQ-rq3yUtsY/8GMhZzK5K37cD2uq/ekpSMYShfPcWSOY5/6usODWEEE4NUsI2S/eOcs1J0QLXXkEJtZ/QmWr_NlY1T5gIwJg/ux2c1FpZtok.webp",Bay,L,unisex,adult,intention-oversized-gym-tee,Bay
1ELU-QSBM0XL,"Intention Oversized Gym Tee | Pump Cover — Bay, XL","Show up for yourself — especially on the hard days. A vertical INTENTION. paired with a quiet reminder to keep showing up. An oversized workout shirt for training with purpose rather than pressure. An oversized gym shirt with the print on the back and a clean front. Heavyweight, garment-dyed cotton that feels broken-in from the first wear. Wear it as a pump cover over your sports bra or tank, with bike shorts for an easy gym outfit, or style it as an oversized graphic tee outside the gym. Details Back print onlyComfort Colors 1717, 100% ring-spun cotton, 6.1 oz heavyweightGarment-dyed for a soft, slightly vintage finishRelaxed unisex fit, US sizingPrinted to orderFit: relaxed. For the oversized look, size up 1–2 — see the size guide in the photos. Care: wash cold, inside out, with like colors. Tumble dry low.",https://aesthwear.com/products/intention-oversized-gym-tee?utm_source=pinterest&utm_medium=catalog&utm_campaign=pinterest-catalog&utm_content=intention-oversized-gym-tee,https://meakamst-stack.github.io/aesth-pinterest-feed/pins/intention-01/intention-01-tee-bay-gym-v1.jpg,34.00 USD,in stock,new,AESTH.,Apparel & Accessories > Clothing > Shirts & Tops,intention-oversized-gym-tee,"https://meakamst-stack.github.io/aesth-pinterest-feed/pins/intention-01/intention-01-tee-bay-straat-v1.jpg,https://meakamst-stack.github.io/aesth-pinterest-feed/pins/intention-01/intention-01-tee-bay-studio-v1.jpg,https://imgproxy.fourthwall.dev/ATMZp4dGQlWv2ZFEvb9wt2TL8DkTnZ71HuCP9mN1Xn0/w:1920/sm:1/enc/o_5hDYcw8ap5RYDd/PJI4lLaDxhTc3gXQ/SUfa91kRooUU5yGd/dBn1bYm_HCQ2f4dP/V_bEMWjeNAdzN5xJ/jjlO02scoULFD99A/D_pnZfOd32HKL746/qOwzsuZK6dWCFORz/o-lwzrkWBfQbGc1k/jsouvgiC97gshx7D/ftqsA-_E0GjkgRok/eBQ0q-8NXjClfTK4/mHWZsg4XA2UCEiG1/vcoQ6Jc21NaVVphf/nwhecGb6I-M.webp,https://imgproxy.fourthwall.dev/CCHZHbXQE3wzZzSxSSBb9Zygmmw2Z1i6gtWC6baApa8/w:1920/sm:1/enc/tda8Yatnf8MhY56J/S--IqXvXBydUOfEX/oMVQ8y1fZSI5xg8S/8WrRprGy-DXF7qz7/2UYkZgFyoyUsE8fy/zAgKvyHAxTurhCoI/LSP1ELGcTw1l-nBR/TtuS3D7bx_HcSHm9/gUA2Jh365D1t-gIE/1Kph6QQYXhGbLT7q/eJuzr-6R9y0zwQVM/bAkE3gejyIgL88tm/YYNl79grFR1W7NE1/MLyZsVhGIn72UUQr/BBhYCrRShBM.webp,https://imgproxy.fourthwall.dev/k3Whzu_rocOTCX3rZL8QcpS6JV1EzZCj6olM6KDcJFM/w:1920/sm:1/enc/pUBD6pjxkViW7rc1/HktnPQQXTavVpB1I/Eb7F7AzulEcj2qjS/YZWIHXLvhn310mhO/StSyNM_SRMdRJ7Bw/S150h-aqm-UEnR6-/dmAmmRic1KLWTN-u/M3GkO1PFMzRJ-Z2v/UKcm4TQ-rq3yUtsY/8GMhZzK5K37cD2uq/ekpSMYShfPcWSOY5/6usODWEEE4NUsI2S/eOcs1J0QLXXkEJtZ/QmWr_NlY1T5gIwJg/ux2c1FpZtok.webp",Bay,XL,unisex,adult,intention-oversized-gym-tee,Bay
1ELU-ZYRM02X,"Intention Oversized Gym Tee | Pump Cover — Bay, 2XL","Show up for yourself — especially on the hard days. A vertical INTENTION. paired with a quiet reminder to keep showing up. An oversized workout shirt for training with purpose rather than pressure. An oversized gym shirt with the print on the back and a clean front. Heavyweight, garment-dyed cotton that feels broken-in from the first wear. Wear it as a pump cover over your sports bra or tank, with bike shorts for an easy gym outfit, or style it as an oversized graphic tee outside the gym. Details Back print onlyComfort Colors 1717, 100% ring-spun cotton, 6.1 oz heavyweightGarment-dyed for a soft, slightly vintage finishRelaxed unisex fit, US sizingPrinted to orderFit: relaxed. For the oversized look, size up 1–2 — see the size guide in the photos. Care: wash cold, inside out, with like colors. Tumble dry low.",https://aesthwear.com/products/intention-oversized-gym-tee?utm_source=pinterest&utm_medium=catalog&utm_campaign=pinterest-catalog&utm_content=intention-oversized-gym-tee,https://meakamst-stack.github.io/aesth-pinterest-feed/pins/intention-01/intention-01-tee-bay-gym-v1.jpg,36.00 USD,in stock,new,AESTH.,Apparel & Accessories > Clothing > Shirts & Tops,intention-oversized-gym-tee,"https://meakamst-stack.github.io/aesth-pinterest-feed/pins/intention-01/intention-01-tee-bay-straat-v1.jpg,https://meakamst-stack.github.io/aesth-pinterest-feed/pins/intention-01/intention-01-tee-bay-studio-v1.jpg,https://imgproxy.fourthwall.dev/ATMZp4dGQlWv2ZFEvb9wt2TL8DkTnZ71HuCP9mN1Xn0/w:1920/sm:1/enc/o_5hDYcw8ap5RYDd/PJI4lLaDxhTc3gXQ/SUfa91kRooUU5yGd/dBn1bYm_HCQ2f4dP/V_bEMWjeNAdzN5xJ/jjlO02scoULFD99A/D_pnZfOd32HKL746/qOwzsuZK6dWCFORz/o-lwzrkWBfQbGc1k/jsouvgiC97gshx7D/ftqsA-_E0GjkgRok/eBQ0q-8NXjClfTK4/mHWZsg4XA2UCEiG1/vcoQ6Jc21NaVVphf/nwhecGb6I-M.webp,https://imgproxy.fourthwall.dev/CCHZHbXQE3wzZzSxSSBb9Zygmmw2Z1i6gtWC6baApa8/w:1920/sm:1/enc/tda8Yatnf8MhY56J/S--IqXvXBydUOfEX/oMVQ8y1fZSI5xg8S/8WrRprGy-DXF7qz7/2UYkZgFyoyUsE8fy/zAgKvyHAxTurhCoI/LSP1ELGcTw1l-nBR/TtuS3D7bx_HcSHm9/gUA2Jh365D1t-gIE/1Kph6QQYXhGbLT7q/eJuzr-6R9y0zwQVM/bAkE3gejyIgL88tm/YYNl79grFR1W7NE1/MLyZsVhGIn72UUQr/BBhYCrRShBM.webp,https://imgproxy.fourthwall.dev/k3Whzu_rocOTCX3rZL8QcpS6JV1EzZCj6olM6KDcJFM/w:1920/sm:1/enc/pUBD6pjxkViW7rc1/HktnPQQXTavVpB1I/Eb7F7AzulEcj2qjS/YZWIHXLvhn310mhO/StSyNM_SRMdRJ7Bw/S150h-aqm-UEnR6-/dmAmmRic1KLWTN-u/M3GkO1PFMzRJ-Z2v/UKcm4TQ-rq3yUtsY/8GMhZzK5K37cD2uq/ekpSMYShfPcWSOY5/6usODWEEE4NUsI2S/eOcs1J0QLXXkEJtZ/QmWr_NlY1T5gIwJg/ux2c1FpZtok.webp",Bay,2XL,unisex,adult,intention-oversized-gym-tee,Bay
1ELU-54BM03X,"Intention Oversized Gym Tee | Pump Cover — Bay, 3XL","Show up for yourself — especially on the hard days. A vertical INTENTION. paired with a quiet reminder to keep showing up. An oversized workout shirt for training with purpose rather than pressure. An oversized gym shirt with the print on the back and a clean front. Heavyweight, garment-dyed cotton that feels broken-in from the first wear. Wear it as a pump cover over your sports bra or tank, with bike shorts for an easy gym outfit, or style it as an oversized graphic tee outside the gym. Details Back print onlyComfort Colors 1717, 100% ring-spun cotton, 6.1 oz heavyweightGarment-dyed for a soft, slightly vintage finishRelaxed unisex fit, US sizingPrinted to orderFit: relaxed. For the oversized look, size up 1–2 — see the size guide in the photos. Care: wash cold, inside out, with like colors. Tumble dry low.",https://aesthwear.com/products/intention-oversized-gym-tee?utm_source=pinterest&utm_medium=catalog&utm_campaign=pinterest-catalog&utm_content=intention-oversized-gym-tee,https://meakamst-stack.github.io/aesth-pinterest-feed/pins/intention-01/intention-01-tee-bay-gym-v1.jpg,38.00 USD,in stock,new,AESTH.,Apparel & Accessories > Clothing > Shirts & Tops,intention-oversized-gym-tee,"https://meakamst-stack.github.io/aesth-pinterest-feed/pins/intention-01/intention-01-tee-bay-straat-v1.jpg,https://meakamst-stack.github.io/aesth-pinterest-feed/pins/intention-01/intention-01-tee-bay-studio-v1.jpg,https://imgproxy.fourthwall.dev/ATMZp4dGQlWv2ZFEvb9wt2TL8DkTnZ71HuCP9mN1Xn0/w:1920/sm:1/enc/o_5hDYcw8ap5RYDd/PJI4lLaDxhTc3gXQ/SUfa91kRooUU5yGd/dBn1bYm_HCQ2f4dP/V_bEMWjeNAdzN5xJ/jjlO02scoULFD99A/D_pnZfOd32HKL746/qOwzsuZK6dWCFORz/o-lwzrkWBfQbGc1k/jsouvgiC97gshx7D/ftqsA-_E0GjkgRok/eBQ0q-8NXjClfTK4/mHWZsg4XA2UCEiG1/vcoQ6Jc21NaVVphf/nwhecGb6I-M.webp,https://imgproxy.fourthwall.dev/CCHZHbXQE3wzZzSxSSBb9Zygmmw2Z1i6gtWC6baApa8/w:1920/sm:1/enc/tda8Yatnf8MhY56J/S--IqXvXBydUOfEX/oMVQ8y1fZSI5xg8S/8WrRprGy-DXF7qz7/2UYkZgFyoyUsE8fy/zAgKvyHAxTurhCoI/LSP1ELGcTw1l-nBR/TtuS3D7bx_HcSHm9/gUA2Jh365D1t-gIE/1Kph6QQYXhGbLT7q/eJuzr-6R9y0zwQVM/bAkE3gejyIgL88tm/YYNl79grFR1W7NE1/MLyZsVhGIn72UUQr/BBhYCrRShBM.webp,https://imgproxy.fourthwall.dev/k3Whzu_rocOTCX3rZL8QcpS6JV1EzZCj6olM6KDcJFM/w:1920/sm:1/enc/pUBD6pjxkViW7rc1/HktnPQQXTavVpB1I/Eb7F7AzulEcj2qjS/YZWIHXLvhn310mhO/StSyNM_SRMdRJ7Bw/S150h-aqm-UEnR6-/dmAmmRic1KLWTN-u/M3GkO1PFMzRJ-Z2v/UKcm4TQ-rq3yUtsY/8GMhZzK5K37cD2uq/ekpSMYShfPcWSOY5/6usODWEEE4NUsI2S/eOcs1J0QLXXkEJtZ/QmWr_NlY1T5gIwJg/ux2c1FpZtok.webp",Bay,3XL,unisex,adult,intention-oversized-gym-tee,Bay
1ELU-NSAM04X,"Intention Oversized Gym Tee | Pump Cover — Bay, 4XL","Show up for yourself — especially on the hard days. A vertical INTENTION. paired with a quiet reminder to keep showing up. An oversized workout shirt for training with purpose rather than pressure. An oversized gym shirt with the print on the back and a clean front. Heavyweight, garment-dyed cotton that feels broken-in from the first wear. Wear it as a pump cover over your sports bra or tank, with bike shorts for an easy gym outfit, or style it as an oversized graphic tee outside the gym. Details Back print onlyComfort Colors 1717, 100% ring-spun cotton, 6.1 oz heavyweightGarment-dyed for a soft, slightly vintage finishRelaxed unisex fit, US sizingPrinted to orderFit: relaxed. For the oversized look, size up 1–2 — see the size guide in the photos. Care: wash cold, inside out, with like colors. Tumble dry low.",https://aesthwear.com/products/intention-oversized-gym-tee?utm_source=pinterest&utm_medium=catalog&utm_campaign=pinterest-catalog&utm_content=intention-oversized-gym-tee,https://meakamst-stack.github.io/aesth-pinterest-feed/pins/intention-01/intention-01-tee-bay-gym-v1.jpg,40.00 USD,in stock,new,AESTH.,Apparel & Accessories > Clothing > Shirts & Tops,intention-oversized-gym-tee,"https://meakamst-stack.github.io/aesth-pinterest-feed/pins/intention-01/intention-01-tee-bay-straat-v1.jpg,https://meakamst-stack.github.io/aesth-pinterest-feed/pins/intention-01/intention-01-tee-bay-studio-v1.jpg,https://imgproxy.fourthwall.dev/ATMZp4dGQlWv2ZFEvb9wt2TL8DkTnZ71HuCP9mN1Xn0/w:1920/sm:1/enc/o_5hDYcw8ap5RYDd/PJI4lLaDxhTc3gXQ/SUfa91kRooUU5yGd/dBn1bYm_HCQ2f4dP/V_bEMWjeNAdzN5xJ/jjlO02scoULFD99A/D_pnZfOd32HKL746/qOwzsuZK6dWCFORz/o-lwzrkWBfQbGc1k/jsouvgiC97gshx7D/ftqsA-_E0GjkgRok/eBQ0q-8NXjClfTK4/mHWZsg4XA2UCEiG1/vcoQ6Jc21NaVVphf/nwhecGb6I-M.webp,https://imgproxy.fourthwall.dev/CCHZHbXQE3wzZzSxSSBb9Zygmmw2Z1i6gtWC6baApa8/w:1920/sm:1/enc/tda8Yatnf8MhY56J/S--IqXvXBydUOfEX/oMVQ8y1fZSI5xg8S/8WrRprGy-DXF7qz7/2UYkZgFyoyUsE8fy/zAgKvyHAxTurhCoI/LSP1ELGcTw1l-nBR/TtuS3D7bx_HcSHm9/gUA2Jh365D1t-gIE/1Kph6QQYXhGbLT7q/eJuzr-6R9y0zwQVM/bAkE3gejyIgL88tm/YYNl79grFR1W7NE1/MLyZsVhGIn72UUQr/BBhYCrRShBM.webp,https://imgproxy.fourthwall.dev/k3Whzu_rocOTCX3rZL8QcpS6JV1EzZCj6olM6KDcJFM/w:1920/sm:1/enc/pUBD6pjxkViW7rc1/HktnPQQXTavVpB1I/Eb7F7AzulEcj2qjS/YZWIHXLvhn310mhO/StSyNM_SRMdRJ7Bw/S150h-aqm-UEnR6-/dmAmmRic1KLWTN-u/M3GkO1PFMzRJ-Z2v/UKcm4TQ-rq3yUtsY/8GMhZzK5K37cD2uq/ekpSMYShfPcWSOY5/6usODWEEE4NUsI2S/eOcs1J0QLXXkEJtZ/QmWr_NlY1T5gIwJg/ux2c1FpZtok.webp",Bay,4XL,unisex,adult,intention-oversized-gym-tee,Bay
1F33-BND200S,"My Kind of Self-Care Oversized Gym Tee | Pump Cover — Black, S","Gym. My kind of self-care. A heart built from tiny gym icons — dumbbells, kettlebells, shakers — around a bold GYM. A workout shirt for women who know exactly how they recharge. An oversized gym shirt with the print on the back and a clean front. Heavyweight, garment-dyed cotton that feels broken-in from the first wear. Wear it as a pump cover over your sports bra or tank, with bike shorts for an easy gym outfit, or style it as an oversized graphic tee outside the gym. Details Back print onlyComfort Colors 1717, 100% ring-spun cotton, 6.1 oz heavyweightGarment-dyed for a soft, slightly vintage finishRelaxed unisex fit, US sizingPrinted to orderFit: relaxed. For the oversized look, size up 1–2 — see the size guide in the photos. Care: wash cold, inside out, with like colors. Tumble dry low.",https://aesthwear.com/products/my-kind-of-self-care-oversized-gym-tee?utm_source=pinterest&utm_medium=catalog&utm_campaign=pinterest-catalog&utm_content=my-kind-of-self-care-oversized-gym-tee,https://meakamst-stack.github.io/aesth-pinterest-feed/pins/gymheart-02/gymheart-02-tee-black-gym-v1.jpg,34.00 USD,in stock,new,AESTH.,Apparel & Accessories > Clothing > Shirts & Tops,my-kind-of-self-care-oversized-gym-tee,"https://meakamst-stack.github.io/aesth-pinterest-feed/pins/gymheart-02/gymheart-02-tee-black-straat-v1.jpg,https://meakamst-stack.github.io/aesth-pinterest-feed/pins/gymheart-02/gymheart-02-tee-black-studio-v1.jpg,https://imgproxy.fourthwall.dev/e3X7QtcBsjSqm16bHv2Tt9LHQ5wIeJ0N7_78xkojuYY/w:1920/sm:1/enc/Ebi0xs4QHvOQxyhh/4GvFaSbU5uSzg-Kx/V4z9B_fRP0xDWpB1/5g5sDjsQ9MXenDon/3SWJAhGZREY069bK/2Pht8-PSuY67vgbn/BSC0s460qae7Zkma/tyDCLBt65WDa1-cE/_SARDh8NDMopNBrP/Lzcow7RQtbyk2h4w/YDa6EvRwDwhpeARz/naMGOffwKFWYPujQ/EaKjZIwXlBBNRjLZ/SWGWvUgwO2pHwSMA/8mzzI39jKuY.webp,https://imgproxy.fourthwall.dev/5WVVrc-W_QeYgKMvPYoPvu1yUbo0beeOLRqvZ4pUxkY/w:1920/sm:1/enc/TI3f2e_mP1N4UMkN/seTfi4vn03DaCc1y/SZYtZRHd2S0yHVo0/Gx6rCe0ZmjnpSeMr/HPKg9GnFfLJBs4Sf/3kC4YbGyuWMs9gyO/JWBxcnt77-jBL4o2/4l9XTLEKrpkUU5oc/BcDxptNO9aNw0n1s/7zrx41lKQrCf4xGr/_NCn6SHd7Xk0j4I8/ovxKbomES-BUy-CE/SGvTphYnrfChcw-k/t0pVS2RAkUXt1AsE/og2W2haMvms.webp,https://imgproxy.fourthwall.dev/mJRETVmolnzgVIBRcmLj01LWU4bIqqLDCUSNR_myiEA/w:1920/sm:1/enc/m8CYCqCTy9rEqNBu/C1zmlBNgXob6Lt-c/A6h-F4uSew1TXTg-/IlU-Fe1R5jf8TgDm/JRVEGVx5Ic2zfpna/ONEs9UnP2Wuwt1Re/568ciGqdOb_LA279/aEdcR1s9W779cmoZ/TSm2eIo6k6P-psgH/pmwyciRir58CT_Rk/YL4sutrS0aiLrURb/3Fp-bG0IosEo7cmn/VXA3TsrXwvAg83-P/vEIkn3pJ0HcJC37q/XahW619VFIY.webp",Black,S,unisex,adult,my-kind-of-self-care-oversized-gym-tee,Black
1F33-FLR200M,"My Kind of Self-Care Oversized Gym Tee | Pump Cover — Black, M","Gym. My kind of self-care. A heart built from tiny gym icons — dumbbells, kettlebells, shakers — around a bold GYM. A workout shirt for women who know exactly how they recharge. An oversized gym shirt with the print on the back and a clean front. Heavyweight, garment-dyed cotton that feels broken-in from the first wear. Wear it as a pump cover over your sports bra or tank, with bike shorts for an easy gym outfit, or style it as an oversized graphic tee outside the gym. Details Back print onlyComfort Colors 1717, 100% ring-spun cotton, 6.1 oz heavyweightGarment-dyed for a soft, slightly vintage finishRelaxed unisex fit, US sizingPrinted to orderFit: relaxed. For the oversized look, size up 1–2 — see the size guide in the photos. Care: wash cold, inside out, with like colors. Tumble dry low.",https://aesthwear.com/products/my-kind-of-self-care-oversized-gym-tee?utm_source=pinterest&utm_medium=catalog&utm_campaign=pinterest-catalog&utm_content=my-kind-of-self-care-oversized-gym-tee,https://meakamst-stack.github.io/aesth-pinterest-feed/pins/gymheart-02/gymheart-02-tee-black-gym-v1.jpg,34.00 USD,in stock,new,AESTH.,Apparel & Accessories > Clothing > Shirts & Tops,my-kind-of-self-care-oversized-gym-tee,"https://meakamst-stack.github.io/aesth-pinterest-feed/pins/gymheart-02/gymheart-02-tee-black-straat-v1.jpg,https://meakamst-stack.github.io/aesth-pinterest-feed/pins/gymheart-02/gymheart-02-tee-black-studio-v1.jpg,https://imgproxy.fourthwall.dev/e3X7QtcBsjSqm16bHv2Tt9LHQ5wIeJ0N7_78xkojuYY/w:1920/sm:1/enc/Ebi0xs4QHvOQxyhh/4GvFaSbU5uSzg-Kx/V4z9B_fRP0xDWpB1/5g5sDjsQ9MXenDon/3SWJAhGZREY069bK/2Pht8-PSuY67vgbn/BSC0s460qae7Zkma/tyDCLBt65WDa1-cE/_SARDh8NDMopNBrP/Lzcow7RQtbyk2h4w/YDa6EvRwDwhpeARz/naMGOffwKFWYPujQ/EaKjZIwXlBBNRjLZ/SWGWvUgwO2pHwSMA/8mzzI39jKuY.webp,https://imgproxy.fourthwall.dev/5WVVrc-W_QeYgKMvPYoPvu1yUbo0beeOLRqvZ4pUxkY/w:1920/sm:1/enc/TI3f2e_mP1N4UMkN/seTfi4vn03DaCc1y/SZYtZRHd2S0yHVo0/Gx6rCe0ZmjnpSeMr/HPKg9GnFfLJBs4Sf/3kC4YbGyuWMs9gyO/JWBxcnt77-jBL4o2/4l9XTLEKrpkUU5oc/BcDxptNO9aNw0n1s/7zrx41lKQrCf4xGr/_NCn6SHd7Xk0j4I8/ovxKbomES-BUy-CE/SGvTphYnrfChcw-k/t0pVS2RAkUXt1AsE/og2W2haMvms.webp,https://imgproxy.fourthwall.dev/mJRETVmolnzgVIBRcmLj01LWU4bIqqLDCUSNR_myiEA/w:1920/sm:1/enc/m8CYCqCTy9rEqNBu/C1zmlBNgXob6Lt-c/A6h-F4uSew1TXTg-/IlU-Fe1R5jf8TgDm/JRVEGVx5Ic2zfpna/ONEs9UnP2Wuwt1Re/568ciGqdOb_LA279/aEdcR1s9W779cmoZ/TSm2eIo6k6P-psgH/pmwyciRir58CT_Rk/YL4sutrS0aiLrURb/3Fp-bG0IosEo7cmn/VXA3TsrXwvAg83-P/vEIkn3pJ0HcJC37q/XahW619VFIY.webp",Black,M,unisex,adult,my-kind-of-self-care-oversized-gym-tee,Black
1F33-XVJ200L,"My Kind of Self-Care Oversized Gym Tee | Pump Cover — Black, L","Gym. My kind of self-care. A heart built from tiny gym icons — dumbbells, kettlebells, shakers — around a bold GYM. A workout shirt for women who know exactly how they recharge. An oversized gym shirt with the print on the back and a clean front. Heavyweight, garment-dyed cotton that feels broken-in from the first wear. Wear it as a pump cover over your sports bra or tank, with bike shorts for an easy gym outfit, or style it as an oversized graphic tee outside the gym. Details Back print onlyComfort Colors 1717, 100% ring-spun cotton, 6.1 oz heavyweightGarment-dyed for a soft, slightly vintage finishRelaxed unisex fit, US sizingPrinted to orderFit: relaxed. For the oversized look, size up 1–2 — see the size guide in the photos. Care: wash cold, inside out, with like colors. Tumble dry low.",https://aesthwear.com/products/my-kind-of-self-care-oversized-gym-tee?utm_source=pinterest&utm_medium=catalog&utm_campaign=pinterest-catalog&utm_content=my-kind-of-self-care-oversized-gym-tee,https://meakamst-stack.github.io/aesth-pinterest-feed/pins/gymheart-02/gymheart-02-tee-black-gym-v1.jpg,34.00 USD,in stock,new,AESTH.,Apparel & Accessories > Clothing > Shirts & Tops,my-kind-of-self-care-oversized-gym-tee,"https://meakamst-stack.github.io/aesth-pinterest-feed/pins/gymheart-02/gymheart-02-tee-black-straat-v1.jpg,https://meakamst-stack.github.io/aesth-pinterest-feed/pins/gymheart-02/gymheart-02-tee-black-studio-v1.jpg,https://imgproxy.fourthwall.dev/e3X7QtcBsjSqm16bHv2Tt9LHQ5wIeJ0N7_78xkojuYY/w:1920/sm:1/enc/Ebi0xs4QHvOQxyhh/4GvFaSbU5uSzg-Kx/V4z9B_fRP0xDWpB1/5g5sDjsQ9MXenDon/3SWJAhGZREY069bK/2Pht8-PSuY67vgbn/BSC0s460qae7Zkma/tyDCLBt65WDa1-cE/_SARDh8NDMopNBrP/Lzcow7RQtbyk2h4w/YDa6EvRwDwhpeARz/naMGOffwKFWYPujQ/EaKjZIwXlBBNRjLZ/SWGWvUgwO2pHwSMA/8mzzI39jKuY.webp,https://imgproxy.fourthwall.dev/5WVVrc-W_QeYgKMvPYoPvu1yUbo0beeOLRqvZ4pUxkY/w:1920/sm:1/enc/TI3f2e_mP1N4UMkN/seTfi4vn03DaCc1y/SZYtZRHd2S0yHVo0/Gx6rCe0ZmjnpSeMr/HPKg9GnFfLJBs4Sf/3kC4YbGyuWMs9gyO/JWBxcnt77-jBL4o2/4l9XTLEKrpkUU5oc/BcDxptNO9aNw0n1s/7zrx41lKQrCf4xGr/_NCn6SHd7Xk0j4I8/ovxKbomES-BUy-CE/SGvTphYnrfChcw-k/t0pVS2RAkUXt1AsE/og2W2haMvms.webp,https://imgproxy.fourthwall.dev/mJRETVmolnzgVIBRcmLj01LWU4bIqqLDCUSNR_myiEA/w:1920/sm:1/enc/m8CYCqCTy9rEqNBu/C1zmlBNgXob6Lt-c/A6h-F4uSew1TXTg-/IlU-Fe1R5jf8TgDm/JRVEGVx5Ic2zfpna/ONEs9UnP2Wuwt1Re/568ciGqdOb_LA279/aEdcR1s9W779cmoZ/TSm2eIo6k6P-psgH/pmwyciRir58CT_Rk/YL4sutrS0aiLrURb/3Fp-bG0IosEo7cmn/VXA3TsrXwvAg83-P/vEIkn3pJ0HcJC37q/XahW619VFIY.webp",Black,L,unisex,adult,my-kind-of-self-care-oversized-gym-tee,Black
1F33-PN320XL,"My Kind of Self-Care Oversized Gym Tee | Pump Cover — Black, XL","Gym. My kind of self-care. A heart built from tiny gym icons — dumbbells, kettlebells, shakers — around a bold GYM. A workout shirt for women who know exactly how they recharge. An oversized gym shirt with the print on the back and a clean front. Heavyweight, garment-dyed cotton that feels broken-in from the first wear. Wear it as a pump cover over your sports bra or tank, with bike shorts for an easy gym outfit, or style it as an oversized graphic tee outside the gym. Details Back print onlyComfort Colors 1717, 100% ring-spun cotton, 6.1 oz heavyweightGarment-dyed for a soft, slightly vintage finishRelaxed unisex fit, US sizingPrinted to orderFit: relaxed. For the oversized look, size up 1–2 — see the size guide in the photos. Care: wash cold, inside out, with like colors. Tumble dry low.",https://aesthwear.com/products/my-kind-of-self-care-oversized-gym-tee?utm_source=pinterest&utm_medium=catalog&utm_campaign=pinterest-catalog&utm_content=my-kind-of-self-care-oversized-gym-tee,https://meakamst-stack.github.io/aesth-pinterest-feed/pins/gymheart-02/gymheart-02-tee-black-gym-v1.jpg,34.00 USD,in stock,new,AESTH.,Apparel & Accessories > Clothing > Shirts & Tops,my-kind-of-self-care-oversized-gym-tee,"https://meakamst-stack.github.io/aesth-pinterest-feed/pins/gymheart-02/gymheart-02-tee-black-straat-v1.jpg,https://meakamst-stack.github.io/aesth-pinterest-feed/pins/gymheart-02/gymheart-02-tee-black-studio-v1.jpg,https://imgproxy.fourthwall.dev/e3X7QtcBsjSqm16bHv2Tt9LHQ5wIeJ0N7_78xkojuYY/w:1920/sm:1/enc/Ebi0xs4QHvOQxyhh/4GvFaSbU5uSzg-Kx/V4z9B_fRP0xDWpB1/5g5sDjsQ9MXenDon/3SWJAhGZREY069bK/2Pht8-PSuY67vgbn/BSC0s460qae7Zkma/tyDCLBt65WDa1-cE/_SARDh8NDMopNBrP/Lzcow7RQtbyk2h4w/YDa6EvRwDwhpeARz/naMGOffwKFWYPujQ/EaKjZIwXlBBNRjLZ/SWGWvUgwO2pHwSMA/8mzzI39jKuY.webp,https://imgproxy.fourthwall.dev/5WVVrc-W_QeYgKMvPYoPvu1yUbo0beeOLRqvZ4pUxkY/w:1920/sm:1/enc/TI3f2e_mP1N4UMkN/seTfi4vn03DaCc1y/SZYtZRHd2S0yHVo0/Gx6rCe0ZmjnpSeMr/HPKg9GnFfLJBs4Sf/3kC4YbGyuWMs9gyO/JWBxcnt77-jBL4o2/4l9XTLEKrpkUU5oc/BcDxptNO9aNw0n1s/7zrx41lKQrCf4xGr/_NCn6SHd7Xk0j4I8/ovxKbomES-BUy-CE/SGvTphYnrfChcw-k/t0pVS2RAkUXt1AsE/og2W2haMvms.webp,https://imgproxy.fourthwall.dev/mJRETVmolnzgVIBRcmLj01LWU4bIqqLDCUSNR_myiEA/w:1920/sm:1/enc/m8CYCqCTy9rEqNBu/C1zmlBNgXob6Lt-c/A6h-F4uSew1TXTg-/IlU-Fe1R5jf8TgDm/JRVEGVx5Ic2zfpna/ONEs9UnP2Wuwt1Re/568ciGqdOb_LA279/aEdcR1s9W779cmoZ/TSm2eIo6k6P-psgH/pmwyciRir58CT_Rk/YL4sutrS0aiLrURb/3Fp-bG0IosEo7cmn/VXA3TsrXwvAg83-P/vEIkn3pJ0HcJC37q/XahW619VFIY.webp",Black,XL,unisex,adult,my-kind-of-self-care-oversized-gym-tee,Black
1F33-LT6202X,"My Kind of Self-Care Oversized Gym Tee | Pump Cover — Black, 2XL","Gym. My kind of self-care. A heart built from tiny gym icons — dumbbells, kettlebells, shakers — around a bold GYM. A workout shirt for women who know exactly how they recharge. An oversized gym shirt with the print on the back and a clean front. Heavyweight, garment-dyed cotton that feels broken-in from the first wear. Wear it as a pump cover over your sports bra or tank, with bike shorts for an easy gym outfit, or style it as an oversized graphic tee outside the gym. Details Back print onlyComfort Colors 1717, 100% ring-spun cotton, 6.1 oz heavyweightGarment-dyed for a soft, slightly vintage finishRelaxed unisex fit, US sizingPrinted to orderFit: relaxed. For the oversized look, size up 1–2 — see the size guide in the photos. Care: wash cold, inside out, with like colors. Tumble dry low.",https://aesthwear.com/products/my-kind-of-self-care-oversized-gym-tee?utm_source=pinterest&utm_medium=catalog&utm_campaign=pinterest-catalog&utm_content=my-kind-of-self-care-oversized-gym-tee,https://meakamst-stack.github.io/aesth-pinterest-feed/pins/gymheart-02/gymheart-02-tee-black-gym-v1.jpg,36.00 USD,in stock,new,AESTH.,Apparel & Accessories > Clothing > Shirts & Tops,my-kind-of-self-care-oversized-gym-tee,"https://meakamst-stack.github.io/aesth-pinterest-feed/pins/gymheart-02/gymheart-02-tee-black-straat-v1.jpg,https://meakamst-stack.github.io/aesth-pinterest-feed/pins/gymheart-02/gymheart-02-tee-black-studio-v1.jpg,https://imgproxy.fourthwall.dev/e3X7QtcBsjSqm16bHv2Tt9LHQ5wIeJ0N7_78xkojuYY/w:1920/sm:1/enc/Ebi0xs4QHvOQxyhh/4GvFaSbU5uSzg-Kx/V4z9B_fRP0xDWpB1/5g5sDjsQ9MXenDon/3SWJAhGZREY069bK/2Pht8-PSuY67vgbn/BSC0s460qae7Zkma/tyDCLBt65WDa1-cE/_SARDh8NDMopNBrP/Lzcow7RQtbyk2h4w/YDa6EvRwDwhpeARz/naMGOffwKFWYPujQ/EaKjZIwXlBBNRjLZ/SWGWvUgwO2pHwSMA/8mzzI39jKuY.webp,https://imgproxy.fourthwall.dev/5WVVrc-W_QeYgKMvPYoPvu1yUbo0beeOLRqvZ4pUxkY/w:1920/sm:1/enc/TI3f2e_mP1N4UMkN/seTfi4vn03DaCc1y/SZYtZRHd2S0yHVo0/Gx6rCe0ZmjnpSeMr/HPKg9GnFfLJBs4Sf/3kC4YbGyuWMs9gyO/JWBxcnt77-jBL4o2/4l9XTLEKrpkUU5oc/BcDxptNO9aNw0n1s/7zrx41lKQrCf4xGr/_NCn6SHd7Xk0j4I8/ovxKbomES-BUy-CE/SGvTphYnrfChcw-k/t0pVS2RAkUXt1AsE/og2W2haMvms.webp,https://imgproxy.fourthwall.dev/mJRETVmolnzgVIBRcmLj01LWU4bIqqLDCUSNR_myiEA/w:1920/sm:1/enc/m8CYCqCTy9rEqNBu/C1zmlBNgXob6Lt-c/A6h-F4uSew1TXTg-/IlU-Fe1R5jf8TgDm/JRVEGVx5Ic2zfpna/ONEs9UnP2Wuwt1Re/568ciGqdOb_LA279/aEdcR1s9W779cmoZ/TSm2eIo6k6P-psgH/pmwyciRir58CT_Rk/YL4sutrS0aiLrURb/3Fp-bG0IosEo7cmn/VXA3TsrXwvAg83-P/vEIkn3pJ0HcJC37q/XahW619VFIY.webp",Black,2XL,unisex,adult,my-kind-of-self-care-oversized-gym-tee,Black
1F33-1NF203X,"My Kind of Self-Care Oversized Gym Tee | Pump Cover — Black, 3XL","Gym. My kind of self-care. A heart built from tiny gym icons — dumbbells, kettlebells, shakers — around a bold GYM. A workout shirt for women who know exactly how they recharge. An oversized gym shirt with the print on the back and a clean front. Heavyweight, garment-dyed cotton that feels broken-in from the first wear. Wear it as a pump cover over your sports bra or tank, with bike shorts for an easy gym outfit, or style it as an oversized graphic tee outside the gym. Details Back print onlyComfort Colors 1717, 100% ring-spun cotton, 6.1 oz heavyweightGarment-dyed for a soft, slightly vintage finishRelaxed unisex fit, US sizingPrinted to orderFit: relaxed. For the oversized look, size up 1–2 — see the size guide in the photos. Care: wash cold, inside out, with like colors. Tumble dry low.",https://aesthwear.com/products/my-kind-of-self-care-oversized-gym-tee?utm_source=pinterest&utm_medium=catalog&utm_campaign=pinterest-catalog&utm_content=my-kind-of-self-care-oversized-gym-tee,https://meakamst-stack.github.io/aesth-pinterest-feed/pins/gymheart-02/gymheart-02-tee-black-gym-v1.jpg,38.00 USD,in stock,new,AESTH.,Apparel & Accessories > Clothing > Shirts & Tops,my-kind-of-self-care-oversized-gym-tee,"https://meakamst-stack.github.io/aesth-pinterest-feed/pins/gymheart-02/gymheart-02-tee-black-straat-v1.jpg,https://meakamst-stack.github.io/aesth-pinterest-feed/pins/gymheart-02/gymheart-02-tee-black-studio-v1.jpg,https://imgproxy.fourthwall.dev/e3X7QtcBsjSqm16bHv2Tt9LHQ5wIeJ0N7_78xkojuYY/w:1920/sm:1/enc/Ebi0xs4QHvOQxyhh/4GvFaSbU5uSzg-Kx/V4z9B_fRP0xDWpB1/5g5sDjsQ9MXenDon/3SWJAhGZREY069bK/2Pht8-PSuY67vgbn/BSC0s460qae7Zkma/tyDCLBt65WDa1-cE/_SARDh8NDMopNBrP/Lzcow7RQtbyk2h4w/YDa6EvRwDwhpeARz/naMGOffwKFWYPujQ/EaKjZIwXlBBNRjLZ/SWGWvUgwO2pHwSMA/8mzzI39jKuY.webp,https://imgproxy.fourthwall.dev/5WVVrc-W_QeYgKMvPYoPvu1yUbo0beeOLRqvZ4pUxkY/w:1920/sm:1/enc/TI3f2e_mP1N4UMkN/seTfi4vn03DaCc1y/SZYtZRHd2S0yHVo0/Gx6rCe0ZmjnpSeMr/HPKg9GnFfLJBs4Sf/3kC4YbGyuWMs9gyO/JWBxcnt77-jBL4o2/4l9XTLEKrpkUU5oc/BcDxptNO9aNw0n1s/7zrx41lKQrCf4xGr/_NCn6SHd7Xk0j4I8/ovxKbomES-BUy-CE/SGvTphYnrfChcw-k/t0pVS2RAkUXt1AsE/og2W2haMvms.webp,https://imgproxy.fourthwall.dev/mJRETVmolnzgVIBRcmLj01LWU4bIqqLDCUSNR_myiEA/w:1920/sm:1/enc/m8CYCqCTy9rEqNBu/C1zmlBNgXob6Lt-c/A6h-F4uSew1TXTg-/IlU-Fe1R5jf8TgDm/JRVEGVx5Ic2zfpna/ONEs9UnP2Wuwt1Re/568ciGqdOb_LA279/aEdcR1s9W779cmoZ/TSm2eIo6k6P-psgH/pmwyciRir58CT_Rk/YL4sutrS0aiLrURb/3Fp-bG0IosEo7cmn/VXA3TsrXwvAg83-P/vEIkn3pJ0HcJC37q/XahW619VFIY.webp",Black,3XL,unisex,adult,my-kind-of-self-care-oversized-gym-tee,Black
1F33-BY6204X,"My Kind of Self-Care Oversized Gym Tee | Pump Cover — Black, 4XL","Gym. My kind of self-care. A heart built from tiny gym icons — dumbbells, kettlebells, shakers — around a bold GYM. A workout shirt for women who know exactly how they recharge. An oversized gym shirt with the print on the back and a clean front. Heavyweight, garment-dyed cotton that feels broken-in from the first wear. Wear it as a pump cover over your sports bra or tank, with bike shorts for an easy gym outfit, or style it as an oversized graphic tee outside the gym. Details Back print onlyComfort Colors 1717, 100% ring-spun cotton, 6.1 oz heavyweightGarment-dyed for a soft, slightly vintage finishRelaxed unisex fit, US sizingPrinted to orderFit: relaxed. For the oversized look, size up 1–2 — see the size guide in the photos. Care: wash cold, inside out, with like colors. Tumble dry low.",https://aesthwear.com/products/my-kind-of-self-care-oversized-gym-tee?utm_source=pinterest&utm_medium=catalog&utm_campaign=pinterest-catalog&utm_content=my-kind-of-self-care-oversized-gym-tee,https://meakamst-stack.github.io/aesth-pinterest-feed/pins/gymheart-02/gymheart-02-tee-black-gym-v1.jpg,40.00 USD,in stock,new,AESTH.,Apparel & Accessories > Clothing > Shirts & Tops,my-kind-of-self-care-oversized-gym-tee,"https://meakamst-stack.github.io/aesth-pinterest-feed/pins/gymheart-02/gymheart-02-tee-black-straat-v1.jpg,https://meakamst-stack.github.io/aesth-pinterest-feed/pins/gymheart-02/gymheart-02-tee-black-studio-v1.jpg,https://imgproxy.fourthwall.dev/e3X7QtcBsjSqm16bHv2Tt9LHQ5wIeJ0N7_78xkojuYY/w:1920/sm:1/enc/Ebi0xs4QHvOQxyhh/4GvFaSbU5uSzg-Kx/V4z9B_fRP0xDWpB1/5g5sDjsQ9MXenDon/3SWJAhGZREY069bK/2Pht8-PSuY67vgbn/BSC0s460qae7Zkma/tyDCLBt65WDa1-cE/_SARDh8NDMopNBrP/Lzcow7RQtbyk2h4w/YDa6EvRwDwhpeARz/naMGOffwKFWYPujQ/EaKjZIwXlBBNRjLZ/SWGWvUgwO2pHwSMA/8mzzI39jKuY.webp,https://imgproxy.fourthwall.dev/5WVVrc-W_QeYgKMvPYoPvu1yUbo0beeOLRqvZ4pUxkY/w:1920/sm:1/enc/TI3f2e_mP1N4UMkN/seTfi4vn03DaCc1y/SZYtZRHd2S0yHVo0/Gx6rCe0ZmjnpSeMr/HPKg9GnFfLJBs4Sf/3kC4YbGyuWMs9gyO/JWBxcnt77-jBL4o2/4l9XTLEKrpkUU5oc/BcDxptNO9aNw0n1s/7zrx41lKQrCf4xGr/_NCn6SHd7Xk0j4I8/ovxKbomES-BUy-CE/SGvTphYnrfChcw-k/t0pVS2RAkUXt1AsE/og2W2haMvms.webp,https://imgproxy.fourthwall.dev/mJRETVmolnzgVIBRcmLj01LWU4bIqqLDCUSNR_myiEA/w:1920/sm:1/enc/m8CYCqCTy9rEqNBu/C1zmlBNgXob6Lt-c/A6h-F4uSew1TXTg-/IlU-Fe1R5jf8TgDm/JRVEGVx5Ic2zfpna/ONEs9UnP2Wuwt1Re/568ciGqdOb_LA279/aEdcR1s9W779cmoZ/TSm2eIo6k6P-psgH/pmwyciRir58CT_Rk/YL4sutrS0aiLrURb/3Fp-bG0IosEo7cmn/VXA3TsrXwvAg83-P/vEIkn3pJ0HcJC37q/XahW619VFIY.webp",Black,4XL,unisex,adult,my-kind-of-self-care-oversized-gym-tee,Black
1TX0-VMUM00S,"My Kind of Self-Care Oversized Gym Tee | Pump Cover — Bay, S","Gym. My kind of self-care. A heart built from tiny gym icons — dumbbells, kettlebells, shakers — around a bold GYM. A workout shirt for women who know exactly how they recharge. An oversized gym shirt with the print on the back and a clean front. Heavyweight, garment-dyed cotton that feels broken-in from the first wear. Wear it as a pump cover over your sports bra or tank, with bike shorts for an easy gym outfit, or style it as an oversized graphic tee outside the gym. Details Back print onlyComfort Colors 1717, 100% ring-spun cotton, 6.1 oz heavyweightGarment-dyed for a soft, slightly vintage finishRelaxed unisex fit, US sizingPrinted to orderFit: relaxed. For the oversized look, size up 1–2 — see the size guide in the photos. Care: wash cold, inside out, with like colors. Tumble dry low.",https://aesthwear.com/products/my-kind-of-self-care-oversized-gym-tee?utm_source=pinterest&utm_medium=catalog&utm_campaign=pinterest-catalog&utm_content=my-kind-of-self-care-oversized-gym-tee,https://meakamst-stack.github.io/aesth-pinterest-feed/pins/gymheart-02/gymheart-02-tee-bay-gym-v1.jpg,34.00 USD,in stock,new,AESTH.,Apparel & Accessories > Clothing > Shirts & Tops,my-kind-of-self-care-oversized-gym-tee,"https://meakamst-stack.github.io/aesth-pinterest-feed/pins/gymheart-02/gymheart-02-tee-bay-straat-v1.jpg,https://meakamst-stack.github.io/aesth-pinterest-feed/pins/gymheart-02/gymheart-02-tee-bay-studio-v1.jpg,https://imgproxy.fourthwall.dev/piL3rXUbj2Xi9wKt4oqrOg7KcxPN9HlW2CuWfBcNf8M/w:1920/sm:1/enc/iuOLgAIpiZrJeqpx/Nd7bnNzvF2mGdSdg/UA7j9EAvJ4COzYfs/5CmJpJOIJMcYElqc/xArqIVfqTdHPXjsK/H6SyxRhL-vZMPqYI/QvzxufJhC_yY4gVp/HnqJy5TdZ9owV8o3/GjVQXDqfHWau-erY/7C1zLbluTWVR1c5A/aqrUzUZpMMhpuDyx/QF6Ccthp26sotEkt/3NgSs7N2H7F_F4ja/Lev4mEaYWGz30cCL/v_6_-T4dLE0.webp,https://imgproxy.fourthwall.dev/hrdg1_MvLhL3aCgPgy9SvrFCojUFOjuVdmZ8dyCNiwM/w:1920/sm:1/enc/PSvw7c6glCsw8JgD/fm5yA6jU9hT1Mur8/ooT-_HIQJ7sg9Bb5/uI1QOzq-6FWkOIun/dPbD5QBCOiMWxGyY/a6DZNwgdw7nQU2Wz/e27qKCn_p13Z6xsW/6ra-vsqlsLD9xj1_/2qbfLjU-IWfCkuKW/bXK1mvC6VFKkL4mQ/l1QOZeVFjBI7URfa/nCGOgveIcrxpCsR0/2xPMm8oT88Ch83rO/ZfBXgisoYnXm6uPY/W15SX7rh_V0.webp,https://imgproxy.fourthwall.dev/yWwyr8eZuyEgO_TDqfA5hhQGXvsEeJOkFqB9e_0sdIo/w:1920/sm:1/enc/CZuPzamd9bvVy5hP/aOs7uOwvhgU4xMcW/-LuJ_k6Sgi4dB9Nx/3EwIvNo6V7lQjsxx/JkUEWvnDrg0MWjfF/6TLwMsJb-u0ziZ6F/pnw-scRpRkv37mtN/ScgHOOSXhMnASDE8/TFYBiFP01t_05Vi4/5_WINgYRMPI_3R1Y/Jr1ZEkreqd1LJbnW/v3gqj-iQUWS4Yh2z/xhjC4rKNPa7PYJHT/EobsQzAGq0O97KMh/RodzaEii7F0.webp",Bay,S,unisex,adult,my-kind-of-self-care-oversized-gym-tee,Bay
1TX0-0C7M00M,"My Kind of Self-Care Oversized Gym Tee | Pump Cover — Bay, M","Gym. My kind of self-care. A heart built from tiny gym icons — dumbbells, kettlebells, shakers — around a bold GYM. A workout shirt for women who know exactly how they recharge. An oversized gym shirt with the print on the back and a clean front. Heavyweight, garment-dyed cotton that feels broken-in from the first wear. Wear it as a pump cover over your sports bra or tank, with bike shorts for an easy gym outfit, or style it as an oversized graphic tee outside the gym. Details Back print onlyComfort Colors 1717, 100% ring-spun cotton, 6.1 oz heavyweightGarment-dyed for a soft, slightly vintage finishRelaxed unisex fit, US sizingPrinted to orderFit: relaxed. For the oversized look, size up 1–2 — see the size guide in the photos. Care: wash cold, inside out, with like colors. Tumble dry low.",https://aesthwear.com/products/my-kind-of-self-care-oversized-gym-tee?utm_source=pinterest&utm_medium=catalog&utm_campaign=pinterest-catalog&utm_content=my-kind-of-self-care-oversized-gym-tee,https://meakamst-stack.github.io/aesth-pinterest-feed/pins/gymheart-02/gymheart-02-tee-bay-gym-v1.jpg,34.00 USD,in stock,new,AESTH.,Apparel & Accessories > Clothing > Shirts & Tops,my-kind-of-self-care-oversized-gym-tee,"https://meakamst-stack.github.io/aesth-pinterest-feed/pins/gymheart-02/gymheart-02-tee-bay-straat-v1.jpg,https://meakamst-stack.github.io/aesth-pinterest-feed/pins/gymheart-02/gymheart-02-tee-bay-studio-v1.jpg,https://imgproxy.fourthwall.dev/piL3rXUbj2Xi9wKt4oqrOg7KcxPN9HlW2CuWfBcNf8M/w:1920/sm:1/enc/iuOLgAIpiZrJeqpx/Nd7bnNzvF2mGdSdg/UA7j9EAvJ4COzYfs/5CmJpJOIJMcYElqc/xArqIVfqTdHPXjsK/H6SyxRhL-vZMPqYI/QvzxufJhC_yY4gVp/HnqJy5TdZ9owV8o3/GjVQXDqfHWau-erY/7C1zLbluTWVR1c5A/aqrUzUZpMMhpuDyx/QF6Ccthp26sotEkt/3NgSs7N2H7F_F4ja/Lev4mEaYWGz30cCL/v_6_-T4dLE0.webp,https://imgproxy.fourthwall.dev/hrdg1_MvLhL3aCgPgy9SvrFCojUFOjuVdmZ8dyCNiwM/w:1920/sm:1/enc/PSvw7c6glCsw8JgD/fm5yA6jU9hT1Mur8/ooT-_HIQJ7sg9Bb5/uI1QOzq-6FWkOIun/dPbD5QBCOiMWxGyY/a6DZNwgdw7nQU2Wz/e27qKCn_p13Z6xsW/6ra-vsqlsLD9xj1_/2qbfLjU-IWfCkuKW/bXK1mvC6VFKkL4mQ/l1QOZeVFjBI7URfa/nCGOgveIcrxpCsR0/2xPMm8oT88Ch83rO/ZfBXgisoYnXm6uPY/W15SX7rh_V0.webp,https://imgproxy.fourthwall.dev/yWwyr8eZuyEgO_TDqfA5hhQGXvsEeJOkFqB9e_0sdIo/w:1920/sm:1/enc/CZuPzamd9bvVy5hP/aOs7uOwvhgU4xMcW/-LuJ_k6Sgi4dB9Nx/3EwIvNo6V7lQjsxx/JkUEWvnDrg0MWjfF/6TLwMsJb-u0ziZ6F/pnw-scRpRkv37mtN/ScgHOOSXhMnASDE8/TFYBiFP01t_05Vi4/5_WINgYRMPI_3R1Y/Jr1ZEkreqd1LJbnW/v3gqj-iQUWS4Yh2z/xhjC4rKNPa7PYJHT/EobsQzAGq0O97KMh/RodzaEii7F0.webp",Bay,M,unisex,adult,my-kind-of-self-care-oversized-gym-tee,Bay
1TX0-TAEM00L,"My Kind of Self-Care Oversized Gym Tee | Pump Cover — Bay, L","Gym. My kind of self-care. A heart built from tiny gym icons — dumbbells, kettlebells, shakers — around a bold GYM. A workout shirt for women who know exactly how they recharge. An oversized gym shirt with the print on the back and a clean front. Heavyweight, garment-dyed cotton that feels broken-in from the first wear. Wear it as a pump cover over your sports bra or tank, with bike shorts for an easy gym outfit, or style it as an oversized graphic tee outside the gym. Details Back print onlyComfort Colors 1717, 100% ring-spun cotton, 6.1 oz heavyweightGarment-dyed for a soft, slightly vintage finishRelaxed unisex fit, US sizingPrinted to orderFit: relaxed. For the oversized look, size up 1–2 — see the size guide in the photos. Care: wash cold, inside out, with like colors. Tumble dry low.",https://aesthwear.com/products/my-kind-of-self-care-oversized-gym-tee?utm_source=pinterest&utm_medium=catalog&utm_campaign=pinterest-catalog&utm_content=my-kind-of-self-care-oversized-gym-tee,https://meakamst-stack.github.io/aesth-pinterest-feed/pins/gymheart-02/gymheart-02-tee-bay-gym-v1.jpg,34.00 USD,in stock,new,AESTH.,Apparel & Accessories > Clothing > Shirts & Tops,my-kind-of-self-care-oversized-gym-tee,"https://meakamst-stack.github.io/aesth-pinterest-feed/pins/gymheart-02/gymheart-02-tee-bay-straat-v1.jpg,https://meakamst-stack.github.io/aesth-pinterest-feed/pins/gymheart-02/gymheart-02-tee-bay-studio-v1.jpg,https://imgproxy.fourthwall.dev/piL3rXUbj2Xi9wKt4oqrOg7KcxPN9HlW2CuWfBcNf8M/w:1920/sm:1/enc/iuOLgAIpiZrJeqpx/Nd7bnNzvF2mGdSdg/UA7j9EAvJ4COzYfs/5CmJpJOIJMcYElqc/xArqIVfqTdHPXjsK/H6SyxRhL-vZMPqYI/QvzxufJhC_yY4gVp/HnqJy5TdZ9owV8o3/GjVQXDqfHWau-erY/7C1zLbluTWVR1c5A/aqrUzUZpMMhpuDyx/QF6Ccthp26sotEkt/3NgSs7N2H7F_F4ja/Lev4mEaYWGz30cCL/v_6_-T4dLE0.webp,https://imgproxy.fourthwall.dev/hrdg1_MvLhL3aCgPgy9SvrFCojUFOjuVdmZ8dyCNiwM/w:1920/sm:1/enc/PSvw7c6glCsw8JgD/fm5yA6jU9hT1Mur8/ooT-_HIQJ7sg9Bb5/uI1QOzq-6FWkOIun/dPbD5QBCOiMWxGyY/a6DZNwgdw7nQU2Wz/e27qKCn_p13Z6xsW/6ra-vsqlsLD9xj1_/2qbfLjU-IWfCkuKW/bXK1mvC6VFKkL4mQ/l1QOZeVFjBI7URfa/nCGOgveIcrxpCsR0/2xPMm8oT88Ch83rO/ZfBXgisoYnXm6uPY/W15SX7rh_V0.webp,https://imgproxy.fourthwall.dev/yWwyr8eZuyEgO_TDqfA5hhQGXvsEeJOkFqB9e_0sdIo/w:1920/sm:1/enc/CZuPzamd9bvVy5hP/aOs7uOwvhgU4xMcW/-LuJ_k6Sgi4dB9Nx/3EwIvNo6V7lQjsxx/JkUEWvnDrg0MWjfF/6TLwMsJb-u0ziZ6F/pnw-scRpRkv37mtN/ScgHOOSXhMnASDE8/TFYBiFP01t_05Vi4/5_WINgYRMPI_3R1Y/Jr1ZEkreqd1LJbnW/v3gqj-iQUWS4Yh2z/xhjC4rKNPa7PYJHT/EobsQzAGq0O97KMh/RodzaEii7F0.webp",Bay,L,unisex,adult,my-kind-of-self-care-oversized-gym-tee,Bay
1TX0-13UM0XL,"My Kind of Self-Care Oversized Gym Tee | Pump Cover — Bay, XL","Gym. My kind of self-care. A heart built from tiny gym icons — dumbbells, kettlebells, shakers — around a bold GYM. A workout shirt for women who know exactly how they recharge. An oversized gym shirt with the print on the back and a clean front. Heavyweight, garment-dyed cotton that feels broken-in from the first wear. Wear it as a pump cover over your sports bra or tank, with bike shorts for an easy gym outfit, or style it as an oversized graphic tee outside the gym. Details Back print onlyComfort Colors 1717, 100% ring-spun cotton, 6.1 oz heavyweightGarment-dyed for a soft, slightly vintage finishRelaxed unisex fit, US sizingPrinted to orderFit: relaxed. For the oversized look, size up 1–2 — see the size guide in the photos. Care: wash cold, inside out, with like colors. Tumble dry low.",https://aesthwear.com/products/my-kind-of-self-care-oversized-gym-tee?utm_source=pinterest&utm_medium=catalog&utm_campaign=pinterest-catalog&utm_content=my-kind-of-self-care-oversized-gym-tee,https://meakamst-stack.github.io/aesth-pinterest-feed/pins/gymheart-02/gymheart-02-tee-bay-gym-v1.jpg,34.00 USD,in stock,new,AESTH.,Apparel & Accessories > Clothing > Shirts & Tops,my-kind-of-self-care-oversized-gym-tee,"https://meakamst-stack.github.io/aesth-pinterest-feed/pins/gymheart-02/gymheart-02-tee-bay-straat-v1.jpg,https://meakamst-stack.github.io/aesth-pinterest-feed/pins/gymheart-02/gymheart-02-tee-bay-studio-v1.jpg,https://imgproxy.fourthwall.dev/piL3rXUbj2Xi9wKt4oqrOg7KcxPN9HlW2CuWfBcNf8M/w:1920/sm:1/enc/iuOLgAIpiZrJeqpx/Nd7bnNzvF2mGdSdg/UA7j9EAvJ4COzYfs/5CmJpJOIJMcYElqc/xArqIVfqTdHPXjsK/H6SyxRhL-vZMPqYI/QvzxufJhC_yY4gVp/HnqJy5TdZ9owV8o3/GjVQXDqfHWau-erY/7C1zLbluTWVR1c5A/aqrUzUZpMMhpuDyx/QF6Ccthp26sotEkt/3NgSs7N2H7F_F4ja/Lev4mEaYWGz30cCL/v_6_-T4dLE0.webp,https://imgproxy.fourthwall.dev/hrdg1_MvLhL3aCgPgy9SvrFCojUFOjuVdmZ8dyCNiwM/w:1920/sm:1/enc/PSvw7c6glCsw8JgD/fm5yA6jU9hT1Mur8/ooT-_HIQJ7sg9Bb5/uI1QOzq-6FWkOIun/dPbD5QBCOiMWxGyY/a6DZNwgdw7nQU2Wz/e27qKCn_p13Z6xsW/6ra-vsqlsLD9xj1_/2qbfLjU-IWfCkuKW/bXK1mvC6VFKkL4mQ/l1QOZeVFjBI7URfa/nCGOgveIcrxpCsR0/2xPMm8oT88Ch83rO/ZfBXgisoYnXm6uPY/W15SX7rh_V0.webp,https://imgproxy.fourthwall.dev/yWwyr8eZuyEgO_TDqfA5hhQGXvsEeJOkFqB9e_0sdIo/w:1920/sm:1/enc/CZuPzamd9bvVy5hP/aOs7uOwvhgU4xMcW/-LuJ_k6Sgi4dB9Nx/3EwIvNo6V7lQjsxx/JkUEWvnDrg0MWjfF/6TLwMsJb-u0ziZ6F/pnw-scRpRkv37mtN/ScgHOOSXhMnASDE8/TFYBiFP01t_05Vi4/5_WINgYRMPI_3R1Y/Jr1ZEkreqd1LJbnW/v3gqj-iQUWS4Yh2z/xhjC4rKNPa7PYJHT/EobsQzAGq0O97KMh/RodzaEii7F0.webp",Bay,XL,unisex,adult,my-kind-of-self-care-oversized-gym-tee,Bay
1TX0-2TXM02X,"My Kind of Self-Care Oversized Gym Tee | Pump Cover — Bay, 2XL","Gym. My kind of self-care. A heart built from tiny gym icons — dumbbells, kettlebells, shakers — around a bold GYM. A workout shirt for women who know exactly how they recharge. An oversized gym shirt with the print on the back and a clean front. Heavyweight, garment-dyed cotton that feels broken-in from the first wear. Wear it as a pump cover over your sports bra or tank, with bike shorts for an easy gym outfit, or style it as an oversized graphic tee outside the gym. Details Back print onlyComfort Colors 1717, 100% ring-spun cotton, 6.1 oz heavyweightGarment-dyed for a soft, slightly vintage finishRelaxed unisex fit, US sizingPrinted to orderFit: relaxed. For the oversized look, size up 1–2 — see the size guide in the photos. Care: wash cold, inside out, with like colors. Tumble dry low.",https://aesthwear.com/products/my-kind-of-self-care-oversized-gym-tee?utm_source=pinterest&utm_medium=catalog&utm_campaign=pinterest-catalog&utm_content=my-kind-of-self-care-oversized-gym-tee,https://meakamst-stack.github.io/aesth-pinterest-feed/pins/gymheart-02/gymheart-02-tee-bay-gym-v1.jpg,36.00 USD,in stock,new,AESTH.,Apparel & Accessories > Clothing > Shirts & Tops,my-kind-of-self-care-oversized-gym-tee,"https://meakamst-stack.github.io/aesth-pinterest-feed/pins/gymheart-02/gymheart-02-tee-bay-straat-v1.jpg,https://meakamst-stack.github.io/aesth-pinterest-feed/pins/gymheart-02/gymheart-02-tee-bay-studio-v1.jpg,https://imgproxy.fourthwall.dev/piL3rXUbj2Xi9wKt4oqrOg7KcxPN9HlW2CuWfBcNf8M/w:1920/sm:1/enc/iuOLgAIpiZrJeqpx/Nd7bnNzvF2mGdSdg/UA7j9EAvJ4COzYfs/5CmJpJOIJMcYElqc/xArqIVfqTdHPXjsK/H6SyxRhL-vZMPqYI/QvzxufJhC_yY4gVp/HnqJy5TdZ9owV8o3/GjVQXDqfHWau-erY/7C1zLbluTWVR1c5A/aqrUzUZpMMhpuDyx/QF6Ccthp26sotEkt/3NgSs7N2H7F_F4ja/Lev4mEaYWGz30cCL/v_6_-T4dLE0.webp,https://imgproxy.fourthwall.dev/hrdg1_MvLhL3aCgPgy9SvrFCojUFOjuVdmZ8dyCNiwM/w:1920/sm:1/enc/PSvw7c6glCsw8JgD/fm5yA6jU9hT1Mur8/ooT-_HIQJ7sg9Bb5/uI1QOzq-6FWkOIun/dPbD5QBCOiMWxGyY/a6DZNwgdw7nQU2Wz/e27qKCn_p13Z6xsW/6ra-vsqlsLD9xj1_/2qbfLjU-IWfCkuKW/bXK1mvC6VFKkL4mQ/l1QOZeVFjBI7URfa/nCGOgveIcrxpCsR0/2xPMm8oT88Ch83rO/ZfBXgisoYnXm6uPY/W15SX7rh_V0.webp,https://imgproxy.fourthwall.dev/yWwyr8eZuyEgO_TDqfA5hhQGXvsEeJOkFqB9e_0sdIo/w:1920/sm:1/enc/CZuPzamd9bvVy5hP/aOs7uOwvhgU4xMcW/-LuJ_k6Sgi4dB9Nx/3EwIvNo6V7lQjsxx/JkUEWvnDrg0MWjfF/6TLwMsJb-u0ziZ6F/pnw-scRpRkv37mtN/ScgHOOSXhMnASDE8/TFYBiFP01t_05Vi4/5_WINgYRMPI_3R1Y/Jr1ZEkreqd1LJbnW/v3gqj-iQUWS4Yh2z/xhjC4rKNPa7PYJHT/EobsQzAGq0O97KMh/RodzaEii7F0.webp",Bay,2XL,unisex,adult,my-kind-of-self-care-oversized-gym-tee,Bay
1TX0-83EM03X,"My Kind of Self-Care Oversized Gym Tee | Pump Cover — Bay, 3XL","Gym. My kind of self-care. A heart built from tiny gym icons — dumbbells, kettlebells, shakers — around a bold GYM. A workout shirt for women who know exactly how they recharge. An oversized gym shirt with the print on the back and a clean front. Heavyweight, garment-dyed cotton that feels broken-in from the first wear. Wear it as a pump cover over your sports bra or tank, with bike shorts for an easy gym outfit, or style it as an oversized graphic tee outside the gym. Details Back print onlyComfort Colors 1717, 100% ring-spun cotton, 6.1 oz heavyweightGarment-dyed for a soft, slightly vintage finishRelaxed unisex fit, US sizingPrinted to orderFit: relaxed. For the oversized look, size up 1–2 — see the size guide in the photos. Care: wash cold, inside out, with like colors. Tumble dry low.",https://aesthwear.com/products/my-kind-of-self-care-oversized-gym-tee?utm_source=pinterest&utm_medium=catalog&utm_campaign=pinterest-catalog&utm_content=my-kind-of-self-care-oversized-gym-tee,https://meakamst-stack.github.io/aesth-pinterest-feed/pins/gymheart-02/gymheart-02-tee-bay-gym-v1.jpg,38.00 USD,in stock,new,AESTH.,Apparel & Accessories > Clothing > Shirts & Tops,my-kind-of-self-care-oversized-gym-tee,"https://meakamst-stack.github.io/aesth-pinterest-feed/pins/gymheart-02/gymheart-02-tee-bay-straat-v1.jpg,https://meakamst-stack.github.io/aesth-pinterest-feed/pins/gymheart-02/gymheart-02-tee-bay-studio-v1.jpg,https://imgproxy.fourthwall.dev/piL3rXUbj2Xi9wKt4oqrOg7KcxPN9HlW2CuWfBcNf8M/w:1920/sm:1/enc/iuOLgAIpiZrJeqpx/Nd7bnNzvF2mGdSdg/UA7j9EAvJ4COzYfs/5CmJpJOIJMcYElqc/xArqIVfqTdHPXjsK/H6SyxRhL-vZMPqYI/QvzxufJhC_yY4gVp/HnqJy5TdZ9owV8o3/GjVQXDqfHWau-erY/7C1zLbluTWVR1c5A/aqrUzUZpMMhpuDyx/QF6Ccthp26sotEkt/3NgSs7N2H7F_F4ja/Lev4mEaYWGz30cCL/v_6_-T4dLE0.webp,https://imgproxy.fourthwall.dev/hrdg1_MvLhL3aCgPgy9SvrFCojUFOjuVdmZ8dyCNiwM/w:1920/sm:1/enc/PSvw7c6glCsw8JgD/fm5yA6jU9hT1Mur8/ooT-_HIQJ7sg9Bb5/uI1QOzq-6FWkOIun/dPbD5QBCOiMWxGyY/a6DZNwgdw7nQU2Wz/e27qKCn_p13Z6xsW/6ra-vsqlsLD9xj1_/2qbfLjU-IWfCkuKW/bXK1mvC6VFKkL4mQ/l1QOZeVFjBI7URfa/nCGOgveIcrxpCsR0/2xPMm8oT88Ch83rO/ZfBXgisoYnXm6uPY/W15SX7rh_V0.webp,https://imgproxy.fourthwall.dev/yWwyr8eZuyEgO_TDqfA5hhQGXvsEeJOkFqB9e_0sdIo/w:1920/sm:1/enc/CZuPzamd9bvVy5hP/aOs7uOwvhgU4xMcW/-LuJ_k6Sgi4dB9Nx/3EwIvNo6V7lQjsxx/JkUEWvnDrg0MWjfF/6TLwMsJb-u0ziZ6F/pnw-scRpRkv37mtN/ScgHOOSXhMnASDE8/TFYBiFP01t_05Vi4/5_WINgYRMPI_3R1Y/Jr1ZEkreqd1LJbnW/v3gqj-iQUWS4Yh2z/xhjC4rKNPa7PYJHT/EobsQzAGq0O97KMh/RodzaEii7F0.webp",Bay,3XL,unisex,adult,my-kind-of-self-care-oversized-gym-tee,Bay
1TX0-E25M04X,"My Kind of Self-Care Oversized Gym Tee | Pump Cover — Bay, 4XL","Gym. My kind of self-care. A heart built from tiny gym icons — dumbbells, kettlebells, shakers — around a bold GYM. A workout shirt for women who know exactly how they recharge. An oversized gym shirt with the print on the back and a clean front. Heavyweight, garment-dyed cotton that feels broken-in from the first wear. Wear it as a pump cover over your sports bra or tank, with bike shorts for an easy gym outfit, or style it as an oversized graphic tee outside the gym. Details Back print onlyComfort Colors 1717, 100% ring-spun cotton, 6.1 oz heavyweightGarment-dyed for a soft, slightly vintage finishRelaxed unisex fit, US sizingPrinted to orderFit: relaxed. For the oversized look, size up 1–2 — see the size guide in the photos. Care: wash cold, inside out, with like colors. Tumble dry low.",https://aesthwear.com/products/my-kind-of-self-care-oversized-gym-tee?utm_source=pinterest&utm_medium=catalog&utm_campaign=pinterest-catalog&utm_content=my-kind-of-self-care-oversized-gym-tee,https://meakamst-stack.github.io/aesth-pinterest-feed/pins/gymheart-02/gymheart-02-tee-bay-gym-v1.jpg,40.00 USD,in stock,new,AESTH.,Apparel & Accessories > Clothing > Shirts & Tops,my-kind-of-self-care-oversized-gym-tee,"https://meakamst-stack.github.io/aesth-pinterest-feed/pins/gymheart-02/gymheart-02-tee-bay-straat-v1.jpg,https://meakamst-stack.github.io/aesth-pinterest-feed/pins/gymheart-02/gymheart-02-tee-bay-studio-v1.jpg,https://imgproxy.fourthwall.dev/piL3rXUbj2Xi9wKt4oqrOg7KcxPN9HlW2CuWfBcNf8M/w:1920/sm:1/enc/iuOLgAIpiZrJeqpx/Nd7bnNzvF2mGdSdg/UA7j9EAvJ4COzYfs/5CmJpJOIJMcYElqc/xArqIVfqTdHPXjsK/H6SyxRhL-vZMPqYI/QvzxufJhC_yY4gVp/HnqJy5TdZ9owV8o3/GjVQXDqfHWau-erY/7C1zLbluTWVR1c5A/aqrUzUZpMMhpuDyx/QF6Ccthp26sotEkt/3NgSs7N2H7F_F4ja/Lev4mEaYWGz30cCL/v_6_-T4dLE0.webp,https://imgproxy.fourthwall.dev/hrdg1_MvLhL3aCgPgy9SvrFCojUFOjuVdmZ8dyCNiwM/w:1920/sm:1/enc/PSvw7c6glCsw8JgD/fm5yA6jU9hT1Mur8/ooT-_HIQJ7sg9Bb5/uI1QOzq-6FWkOIun/dPbD5QBCOiMWxGyY/a6DZNwgdw7nQU2Wz/e27qKCn_p13Z6xsW/6ra-vsqlsLD9xj1_/2qbfLjU-IWfCkuKW/bXK1mvC6VFKkL4mQ/l1QOZeVFjBI7URfa/nCGOgveIcrxpCsR0/2xPMm8oT88Ch83rO/ZfBXgisoYnXm6uPY/W15SX7rh_V0.webp,https://imgproxy.fourthwall.dev/yWwyr8eZuyEgO_TDqfA5hhQGXvsEeJOkFqB9e_0sdIo/w:1920/sm:1/enc/CZuPzamd9bvVy5hP/aOs7uOwvhgU4xMcW/-LuJ_k6Sgi4dB9Nx/3EwIvNo6V7lQjsxx/JkUEWvnDrg0MWjfF/6TLwMsJb-u0ziZ6F/pnw-scRpRkv37mtN/ScgHOOSXhMnASDE8/TFYBiFP01t_05Vi4/5_WINgYRMPI_3R1Y/Jr1ZEkreqd1LJbnW/v3gqj-iQUWS4Yh2z/xhjC4rKNPa7PYJHT/EobsQzAGq0O97KMh/RodzaEii7F0.webp",Bay,4XL,unisex,adult,my-kind-of-self-care-oversized-gym-tee,Bay
1TX0-5G3P00S,"My Kind of Self-Care Oversized Gym Tee | Pump Cover — Ivory, S","Gym. My kind of self-care. A heart built from tiny gym icons — dumbbells, kettlebells, shakers — around a bold GYM. A workout shirt for women who know exactly how they recharge. An oversized gym shirt with the print on the back and a clean front. Heavyweight, garment-dyed cotton that feels broken-in from the first wear. Wear it as a pump cover over your sports bra or tank, with bike shorts for an easy gym outfit, or style it as an oversized graphic tee outside the gym. Details Back print onlyComfort Colors 1717, 100% ring-spun cotton, 6.1 oz heavyweightGarment-dyed for a soft, slightly vintage finishRelaxed unisex fit, US sizingPrinted to orderFit: relaxed. For the oversized look, size up 1–2 — see the size guide in the photos. Care: wash cold, inside out, with like colors. Tumble dry low.",https://aesthwear.com/products/my-kind-of-self-care-oversized-gym-tee?utm_source=pinterest&utm_medium=catalog&utm_campaign=pinterest-catalog&utm_content=my-kind-of-self-care-oversized-gym-tee,https://meakamst-stack.github.io/aesth-pinterest-feed/pins/gymheart-02/gymheart-02-tee-ivory-gym-v1.jpg,34.00 USD,in stock,new,AESTH.,Apparel & Accessories > Clothing > Shirts & Tops,my-kind-of-self-care-oversized-gym-tee,"https://meakamst-stack.github.io/aesth-pinterest-feed/pins/gymheart-02/gymheart-02-tee-ivory-straat-v1.jpg,https://meakamst-stack.github.io/aesth-pinterest-feed/pins/gymheart-02/gymheart-02-tee-ivory-studio-v1.jpg,https://imgproxy.fourthwall.dev/JGy-Yc3OYVS6_Dltu_wiFpTkAUbx1J8NEBuMaaZCD_k/w:1920/sm:1/enc/qbv0QPOavDopG6MB/0iBtZUKxk9wckIUu/f3kl5UF045v6LLs7/_yZal4I-SaNvypYd/EJ9KIlPWqMCqYj0l/rfX1-PnWLsv2KJ8-/NVYoaRPrnpxx91zC/QAAMD8IWcYpgj_0R/Lwxwky9PRfn9M_Qf/iay5rkEjB1GcdSgj/K2W_qZcYE9vwG3br/sCrzRHUoMyBH62Xs/PYdgOzkRSxvhyRJC/x04A7HO4ttAyL_D7/wLAhuLI9u3s.webp,https://imgproxy.fourthwall.dev/Kgr83X4G1op8rcObyOLx0V35fMOV6U81XuWDhr5Piz0/w:1920/sm:1/enc/wqI-LciTdXolL-5G/s5DZrRz7J8tnSAfa/3JXcqCIBY90GXs9v/DIYGX6W395J2BZM3/ig4HTI1lyG2-aTPD/EStgpximFqG8lFQo/WZ9hfv7dGm0vLYkm/A_qTWdlycK3Z6dfr/gO7GLZDjVnPhxCzo/O0i7VALzDlCPDqF1/Vj34KLTEVCvqU00o/RbMlY-t4lDgf2VWJ/iXoK4spmBMEp-HIq/-NhSOTEqLdvSS2w_/eJr5h7i8AzY.webp,https://imgproxy.fourthwall.dev/wCG9lnFFMXpAuLfUKwx-AbTZtijgaupDD_VpPHTW_tM/w:1920/sm:1/enc/1A9xp-0cZoJxD7QU/hD0LOCXJWYHtQdZh/Vp1swg1PMcZuPSOn/zODMksdFugW72tWn/37PRZIvlmvOcxOMc/rCW6Mn05dMnbaoif/QkbfC3W_5xsjUGWB/b9xeAHhQ4FyhXq3g/fTRNdRuvAmmbaM4C/dZuJ74zY5qSn4H9v/NnX5fqqyYgxfKWXQ/CZoUfGEa6zunvCse/x954juMe7XTT-Rk6/Bj-aTOybkIdEM3nm/W-yVpB0jLAc.webp",Ivory,S,unisex,adult,my-kind-of-self-care-oversized-gym-tee,Ivory
1TX0-WJ6P00M,"My Kind of Self-Care Oversized Gym Tee | Pump Cover — Ivory, M","Gym. My kind of self-care. A heart built from tiny gym icons — dumbbells, kettlebells, shakers — around a bold GYM. A workout shirt for women who know exactly how they recharge. An oversized gym shirt with the print on the back and a clean front. Heavyweight, garment-dyed cotton that feels broken-in from the first wear. Wear it as a pump cover over your sports bra or tank, with bike shorts for an easy gym outfit, or style it as an oversized graphic tee outside the gym. Details Back print onlyComfort Colors 1717, 100% ring-spun cotton, 6.1 oz heavyweightGarment-dyed for a soft, slightly vintage finishRelaxed unisex fit, US sizingPrinted to orderFit: relaxed. For the oversized look, size up 1–2 — see the size guide in the photos. Care: wash cold, inside out, with like colors. Tumble dry low.",https://aesthwear.com/products/my-kind-of-self-care-oversized-gym-tee?utm_source=pinterest&utm_medium=catalog&utm_campaign=pinterest-catalog&utm_content=my-kind-of-self-care-oversized-gym-tee,https://meakamst-stack.github.io/aesth-pinterest-feed/pins/gymheart-02/gymheart-02-tee-ivory-gym-v1.jpg,34.00 USD,in stock,new,AESTH.,Apparel & Accessories > Clothing > Shirts & Tops,my-kind-of-self-care-oversized-gym-tee,"https://meakamst-stack.github.io/aesth-pinterest-feed/pins/gymheart-02/gymheart-02-tee-ivory-straat-v1.jpg,https://meakamst-stack.github.io/aesth-pinterest-feed/pins/gymheart-02/gymheart-02-tee-ivory-studio-v1.jpg,https://imgproxy.fourthwall.dev/JGy-Yc3OYVS6_Dltu_wiFpTkAUbx1J8NEBuMaaZCD_k/w:1920/sm:1/enc/qbv0QPOavDopG6MB/0iBtZUKxk9wckIUu/f3kl5UF045v6LLs7/_yZal4I-SaNvypYd/EJ9KIlPWqMCqYj0l/rfX1-PnWLsv2KJ8-/NVYoaRPrnpxx91zC/QAAMD8IWcYpgj_0R/Lwxwky9PRfn9M_Qf/iay5rkEjB1GcdSgj/K2W_qZcYE9vwG3br/sCrzRHUoMyBH62Xs/PYdgOzkRSxvhyRJC/x04A7HO4ttAyL_D7/wLAhuLI9u3s.webp,https://imgproxy.fourthwall.dev/Kgr83X4G1op8rcObyOLx0V35fMOV6U81XuWDhr5Piz0/w:1920/sm:1/enc/wqI-LciTdXolL-5G/s5DZrRz7J8tnSAfa/3JXcqCIBY90GXs9v/DIYGX6W395J2BZM3/ig4HTI1lyG2-aTPD/EStgpximFqG8lFQo/WZ9hfv7dGm0vLYkm/A_qTWdlycK3Z6dfr/gO7GLZDjVnPhxCzo/O0i7VALzDlCPDqF1/Vj34KLTEVCvqU00o/RbMlY-t4lDgf2VWJ/iXoK4spmBMEp-HIq/-NhSOTEqLdvSS2w_/eJr5h7i8AzY.webp,https://imgproxy.fourthwall.dev/wCG9lnFFMXpAuLfUKwx-AbTZtijgaupDD_VpPHTW_tM/w:1920/sm:1/enc/1A9xp-0cZoJxD7QU/hD0LOCXJWYHtQdZh/Vp1swg1PMcZuPSOn/zODMksdFugW72tWn/37PRZIvlmvOcxOMc/rCW6Mn05dMnbaoif/QkbfC3W_5xsjUGWB/b9xeAHhQ4FyhXq3g/fTRNdRuvAmmbaM4C/dZuJ74zY5qSn4H9v/NnX5fqqyYgxfKWXQ/CZoUfGEa6zunvCse/x954juMe7XTT-Rk6/Bj-aTOybkIdEM3nm/W-yVpB0jLAc.webp",Ivory,M,unisex,adult,my-kind-of-self-care-oversized-gym-tee,Ivory
1TX0-ECZP00L,"My Kind of Self-Care Oversized Gym Tee | Pump Cover — Ivory, L","Gym. My kind of self-care. A heart built from tiny gym icons — dumbbells, kettlebells, shakers — around a bold GYM. A workout shirt for women who know exactly how they recharge. An oversized gym shirt with the print on the back and a clean front. Heavyweight, garment-dyed cotton that feels broken-in from the first wear. Wear it as a pump cover over your sports bra or tank, with bike shorts for an easy gym outfit, or style it as an oversized graphic tee outside the gym. Details Back print onlyComfort Colors 1717, 100% ring-spun cotton, 6.1 oz heavyweightGarment-dyed for a soft, slightly vintage finishRelaxed unisex fit, US sizingPrinted to orderFit: relaxed. For the oversized look, size up 1–2 — see the size guide in the photos. Care: wash cold, inside out, with like colors. Tumble dry low.",https://aesthwear.com/products/my-kind-of-self-care-oversized-gym-tee?utm_source=pinterest&utm_medium=catalog&utm_campaign=pinterest-catalog&utm_content=my-kind-of-self-care-oversized-gym-tee,https://meakamst-stack.github.io/aesth-pinterest-feed/pins/gymheart-02/gymheart-02-tee-ivory-gym-v1.jpg,34.00 USD,in stock,new,AESTH.,Apparel & Accessories > Clothing > Shirts & Tops,my-kind-of-self-care-oversized-gym-tee,"https://meakamst-stack.github.io/aesth-pinterest-feed/pins/gymheart-02/gymheart-02-tee-ivory-straat-v1.jpg,https://meakamst-stack.github.io/aesth-pinterest-feed/pins/gymheart-02/gymheart-02-tee-ivory-studio-v1.jpg,https://imgproxy.fourthwall.dev/JGy-Yc3OYVS6_Dltu_wiFpTkAUbx1J8NEBuMaaZCD_k/w:1920/sm:1/enc/qbv0QPOavDopG6MB/0iBtZUKxk9wckIUu/f3kl5UF045v6LLs7/_yZal4I-SaNvypYd/EJ9KIlPWqMCqYj0l/rfX1-PnWLsv2KJ8-/NVYoaRPrnpxx91zC/QAAMD8IWcYpgj_0R/Lwxwky9PRfn9M_Qf/iay5rkEjB1GcdSgj/K2W_qZcYE9vwG3br/sCrzRHUoMyBH62Xs/PYdgOzkRSxvhyRJC/x04A7HO4ttAyL_D7/wLAhuLI9u3s.webp,https://imgproxy.fourthwall.dev/Kgr83X4G1op8rcObyOLx0V35fMOV6U81XuWDhr5Piz0/w:1920/sm:1/enc/wqI-LciTdXolL-5G/s5DZrRz7J8tnSAfa/3JXcqCIBY90GXs9v/DIYGX6W395J2BZM3/ig4HTI1lyG2-aTPD/EStgpximFqG8lFQo/WZ9hfv7dGm0vLYkm/A_qTWdlycK3Z6dfr/gO7GLZDjVnPhxCzo/O0i7VALzDlCPDqF1/Vj34KLTEVCvqU00o/RbMlY-t4lDgf2VWJ/iXoK4spmBMEp-HIq/-NhSOTEqLdvSS2w_/eJr5h7i8AzY.webp,https://imgproxy.fourthwall.dev/wCG9lnFFMXpAuLfUKwx-AbTZtijgaupDD_VpPHTW_tM/w:1920/sm:1/enc/1A9xp-0cZoJxD7QU/hD0LOCXJWYHtQdZh/Vp1swg1PMcZuPSOn/zODMksdFugW72tWn/37PRZIvlmvOcxOMc/rCW6Mn05dMnbaoif/QkbfC3W_5xsjUGWB/b9xeAHhQ4FyhXq3g/fTRNdRuvAmmbaM4C/dZuJ74zY5qSn4H9v/NnX5fqqyYgxfKWXQ/CZoUfGEa6zunvCse/x954juMe7XTT-Rk6/Bj-aTOybkIdEM3nm/W-yVpB0jLAc.webp",Ivory,L,unisex,adult,my-kind-of-self-care-oversized-gym-tee,Ivory
1TX0-4G6P0XL,"My Kind of Self-Care Oversized Gym Tee | Pump Cover — Ivory, XL","Gym. My kind of self-care. A heart built from tiny gym icons — dumbbells, kettlebells, shakers — around a bold GYM. A workout shirt for women who know exactly how they recharge. An oversized gym shirt with the print on the back and a clean front. Heavyweight, garment-dyed cotton that feels broken-in from the first wear. Wear it as a pump cover over your sports bra or tank, with bike shorts for an easy gym outfit, or style it as an oversized graphic tee outside the gym. Details Back print onlyComfort Colors 1717, 100% ring-spun cotton, 6.1 oz heavyweightGarment-dyed for a soft, slightly vintage finishRelaxed unisex fit, US sizingPrinted to orderFit: relaxed. For the oversized look, size up 1–2 — see the size guide in the photos. Care: wash cold, inside out, with like colors. Tumble dry low.",https://aesthwear.com/products/my-kind-of-self-care-oversized-gym-tee?utm_source=pinterest&utm_medium=catalog&utm_campaign=pinterest-catalog&utm_content=my-kind-of-self-care-oversized-gym-tee,https://meakamst-stack.github.io/aesth-pinterest-feed/pins/gymheart-02/gymheart-02-tee-ivory-gym-v1.jpg,34.00 USD,in stock,new,AESTH.,Apparel & Accessories > Clothing > Shirts & Tops,my-kind-of-self-care-oversized-gym-tee,"https://meakamst-stack.github.io/aesth-pinterest-feed/pins/gymheart-02/gymheart-02-tee-ivory-straat-v1.jpg,https://meakamst-stack.github.io/aesth-pinterest-feed/pins/gymheart-02/gymheart-02-tee-ivory-studio-v1.jpg,https://imgproxy.fourthwall.dev/JGy-Yc3OYVS6_Dltu_wiFpTkAUbx1J8NEBuMaaZCD_k/w:1920/sm:1/enc/qbv0QPOavDopG6MB/0iBtZUKxk9wckIUu/f3kl5UF045v6LLs7/_yZal4I-SaNvypYd/EJ9KIlPWqMCqYj0l/rfX1-PnWLsv2KJ8-/NVYoaRPrnpxx91zC/QAAMD8IWcYpgj_0R/Lwxwky9PRfn9M_Qf/iay5rkEjB1GcdSgj/K2W_qZcYE9vwG3br/sCrzRHUoMyBH62Xs/PYdgOzkRSxvhyRJC/x04A7HO4ttAyL_D7/wLAhuLI9u3s.webp,https://imgproxy.fourthwall.dev/Kgr83X4G1op8rcObyOLx0V35fMOV6U81XuWDhr5Piz0/w:1920/sm:1/enc/wqI-LciTdXolL-5G/s5DZrRz7J8tnSAfa/3JXcqCIBY90GXs9v/DIYGX6W395J2BZM3/ig4HTI1lyG2-aTPD/EStgpximFqG8lFQo/WZ9hfv7dGm0vLYkm/A_qTWdlycK3Z6dfr/gO7GLZDjVnPhxCzo/O0i7VALzDlCPDqF1/Vj34KLTEVCvqU00o/RbMlY-t4lDgf2VWJ/iXoK4spmBMEp-HIq/-NhSOTEqLdvSS2w_/eJr5h7i8AzY.webp,https://imgproxy.fourthwall.dev/wCG9lnFFMXpAuLfUKwx-AbTZtijgaupDD_VpPHTW_tM/w:1920/sm:1/enc/1A9xp-0cZoJxD7QU/hD0LOCXJWYHtQdZh/Vp1swg1PMcZuPSOn/zODMksdFugW72tWn/37PRZIvlmvOcxOMc/rCW6Mn05dMnbaoif/QkbfC3W_5xsjUGWB/b9xeAHhQ4FyhXq3g/fTRNdRuvAmmbaM4C/dZuJ74zY5qSn4H9v/NnX5fqqyYgxfKWXQ/CZoUfGEa6zunvCse/x954juMe7XTT-Rk6/Bj-aTOybkIdEM3nm/W-yVpB0jLAc.webp",Ivory,XL,unisex,adult,my-kind-of-self-care-oversized-gym-tee,Ivory
1TX0-U9NP02X,"My Kind of Self-Care Oversized Gym Tee | Pump Cover — Ivory, 2XL","Gym. My kind of self-care. A heart built from tiny gym icons — dumbbells, kettlebells, shakers — around a bold GYM. A workout shirt for women who know exactly how they recharge. An oversized gym shirt with the print on the back and a clean front. Heavyweight, garment-dyed cotton that feels broken-in from the first wear. Wear it as a pump cover over your sports bra or tank, with bike shorts for an easy gym outfit, or style it as an oversized graphic tee outside the gym. Details Back print onlyComfort Colors 1717, 100% ring-spun cotton, 6.1 oz heavyweightGarment-dyed for a soft, slightly vintage finishRelaxed unisex fit, US sizingPrinted to orderFit: relaxed. For the oversized look, size up 1–2 — see the size guide in the photos. Care: wash cold, inside out, with like colors. Tumble dry low.",https://aesthwear.com/products/my-kind-of-self-care-oversized-gym-tee?utm_source=pinterest&utm_medium=catalog&utm_campaign=pinterest-catalog&utm_content=my-kind-of-self-care-oversized-gym-tee,https://meakamst-stack.github.io/aesth-pinterest-feed/pins/gymheart-02/gymheart-02-tee-ivory-gym-v1.jpg,36.00 USD,in stock,new,AESTH.,Apparel & Accessories > Clothing > Shirts & Tops,my-kind-of-self-care-oversized-gym-tee,"https://meakamst-stack.github.io/aesth-pinterest-feed/pins/gymheart-02/gymheart-02-tee-ivory-straat-v1.jpg,https://meakamst-stack.github.io/aesth-pinterest-feed/pins/gymheart-02/gymheart-02-tee-ivory-studio-v1.jpg,https://imgproxy.fourthwall.dev/JGy-Yc3OYVS6_Dltu_wiFpTkAUbx1J8NEBuMaaZCD_k/w:1920/sm:1/enc/qbv0QPOavDopG6MB/0iBtZUKxk9wckIUu/f3kl5UF045v6LLs7/_yZal4I-SaNvypYd/EJ9KIlPWqMCqYj0l/rfX1-PnWLsv2KJ8-/NVYoaRPrnpxx91zC/QAAMD8IWcYpgj_0R/Lwxwky9PRfn9M_Qf/iay5rkEjB1GcdSgj/K2W_qZcYE9vwG3br/sCrzRHUoMyBH62Xs/PYdgOzkRSxvhyRJC/x04A7HO4ttAyL_D7/wLAhuLI9u3s.webp,https://imgproxy.fourthwall.dev/Kgr83X4G1op8rcObyOLx0V35fMOV6U81XuWDhr5Piz0/w:1920/sm:1/enc/wqI-LciTdXolL-5G/s5DZrRz7J8tnSAfa/3JXcqCIBY90GXs9v/DIYGX6W395J2BZM3/ig4HTI1lyG2-aTPD/EStgpximFqG8lFQo/WZ9hfv7dGm0vLYkm/A_qTWdlycK3Z6dfr/gO7GLZDjVnPhxCzo/O0i7VALzDlCPDqF1/Vj34KLTEVCvqU00o/RbMlY-t4lDgf2VWJ/iXoK4spmBMEp-HIq/-NhSOTEqLdvSS2w_/eJr5h7i8AzY.webp,https://imgproxy.fourthwall.dev/wCG9lnFFMXpAuLfUKwx-AbTZtijgaupDD_VpPHTW_tM/w:1920/sm:1/enc/1A9xp-0cZoJxD7QU/hD0LOCXJWYHtQdZh/Vp1swg1PMcZuPSOn/zODMksdFugW72tWn/37PRZIvlmvOcxOMc/rCW6Mn05dMnbaoif/QkbfC3W_5xsjUGWB/b9xeAHhQ4FyhXq3g/fTRNdRuvAmmbaM4C/dZuJ74zY5qSn4H9v/NnX5fqqyYgxfKWXQ/CZoUfGEa6zunvCse/x954juMe7XTT-Rk6/Bj-aTOybkIdEM3nm/W-yVpB0jLAc.webp",Ivory,2XL,unisex,adult,my-kind-of-self-care-oversized-gym-tee,Ivory
1TX0-B18P03X,"My Kind of Self-Care Oversized Gym Tee | Pump Cover — Ivory, 3XL","Gym. My kind of self-care. A heart built from tiny gym icons — dumbbells, kettlebells, shakers — around a bold GYM. A workout shirt for women who know exactly how they recharge. An oversized gym shirt with the print on the back and a clean front. Heavyweight, garment-dyed cotton that feels broken-in from the first wear. Wear it as a pump cover over your sports bra or tank, with bike shorts for an easy gym outfit, or style it as an oversized graphic tee outside the gym. Details Back print onlyComfort Colors 1717, 100% ring-spun cotton, 6.1 oz heavyweightGarment-dyed for a soft, slightly vintage finishRelaxed unisex fit, US sizingPrinted to orderFit: relaxed. For the oversized look, size up 1–2 — see the size guide in the photos. Care: wash cold, inside out, with like colors. Tumble dry low.",https://aesthwear.com/products/my-kind-of-self-care-oversized-gym-tee?utm_source=pinterest&utm_medium=catalog&utm_campaign=pinterest-catalog&utm_content=my-kind-of-self-care-oversized-gym-tee,https://meakamst-stack.github.io/aesth-pinterest-feed/pins/gymheart-02/gymheart-02-tee-ivory-gym-v1.jpg,38.00 USD,in stock,new,AESTH.,Apparel & Accessories > Clothing > Shirts & Tops,my-kind-of-self-care-oversized-gym-tee,"https://meakamst-stack.github.io/aesth-pinterest-feed/pins/gymheart-02/gymheart-02-tee-ivory-straat-v1.jpg,https://meakamst-stack.github.io/aesth-pinterest-feed/pins/gymheart-02/gymheart-02-tee-ivory-studio-v1.jpg,https://imgproxy.fourthwall.dev/JGy-Yc3OYVS6_Dltu_wiFpTkAUbx1J8NEBuMaaZCD_k/w:1920/sm:1/enc/qbv0QPOavDopG6MB/0iBtZUKxk9wckIUu/f3kl5UF045v6LLs7/_yZal4I-SaNvypYd/EJ9KIlPWqMCqYj0l/rfX1-PnWLsv2KJ8-/NVYoaRPrnpxx91zC/QAAMD8IWcYpgj_0R/Lwxwky9PRfn9M_Qf/iay5rkEjB1GcdSgj/K2W_qZcYE9vwG3br/sCrzRHUoMyBH62Xs/PYdgOzkRSxvhyRJC/x04A7HO4ttAyL_D7/wLAhuLI9u3s.webp,https://imgproxy.fourthwall.dev/Kgr83X4G1op8rcObyOLx0V35fMOV6U81XuWDhr5Piz0/w:1920/sm:1/enc/wqI-LciTdXolL-5G/s5DZrRz7J8tnSAfa/3JXcqCIBY90GXs9v/DIYGX6W395J2BZM3/ig4HTI1lyG2-aTPD/EStgpximFqG8lFQo/WZ9hfv7dGm0vLYkm/A_qTWdlycK3Z6dfr/gO7GLZDjVnPhxCzo/O0i7VALzDlCPDqF1/Vj34KLTEVCvqU00o/RbMlY-t4lDgf2VWJ/iXoK4spmBMEp-HIq/-NhSOTEqLdvSS2w_/eJr5h7i8AzY.webp,https://imgproxy.fourthwall.dev/wCG9lnFFMXpAuLfUKwx-AbTZtijgaupDD_VpPHTW_tM/w:1920/sm:1/enc/1A9xp-0cZoJxD7QU/hD0LOCXJWYHtQdZh/Vp1swg1PMcZuPSOn/zODMksdFugW72tWn/37PRZIvlmvOcxOMc/rCW6Mn05dMnbaoif/QkbfC3W_5xsjUGWB/b9xeAHhQ4FyhXq3g/fTRNdRuvAmmbaM4C/dZuJ74zY5qSn4H9v/NnX5fqqyYgxfKWXQ/CZoUfGEa6zunvCse/x954juMe7XTT-Rk6/Bj-aTOybkIdEM3nm/W-yVpB0jLAc.webp",Ivory,3XL,unisex,adult,my-kind-of-self-care-oversized-gym-tee,Ivory
1TX0-521P04X,"My Kind of Self-Care Oversized Gym Tee | Pump Cover — Ivory, 4XL","Gym. My kind of self-care. A heart built from tiny gym icons — dumbbells, kettlebells, shakers — around a bold GYM. A workout shirt for women who know exactly how they recharge. An oversized gym shirt with the print on the back and a clean front. Heavyweight, garment-dyed cotton that feels broken-in from the first wear. Wear it as a pump cover over your sports bra or tank, with bike shorts for an easy gym outfit, or style it as an oversized graphic tee outside the gym. Details Back print onlyComfort Colors 1717, 100% ring-spun cotton, 6.1 oz heavyweightGarment-dyed for a soft, slightly vintage finishRelaxed unisex fit, US sizingPrinted to orderFit: relaxed. For the oversized look, size up 1–2 — see the size guide in the photos. Care: wash cold, inside out, with like colors. Tumble dry low.",https://aesthwear.com/products/my-kind-of-self-care-oversized-gym-tee?utm_source=pinterest&utm_medium=catalog&utm_campaign=pinterest-catalog&utm_content=my-kind-of-self-care-oversized-gym-tee,https://meakamst-stack.github.io/aesth-pinterest-feed/pins/gymheart-02/gymheart-02-tee-ivory-gym-v1.jpg,40.00 USD,in stock,new,AESTH.,Apparel & Accessories > Clothing > Shirts & Tops,my-kind-of-self-care-oversized-gym-tee,"https://meakamst-stack.github.io/aesth-pinterest-feed/pins/gymheart-02/gymheart-02-tee-ivory-straat-v1.jpg,https://meakamst-stack.github.io/aesth-pinterest-feed/pins/gymheart-02/gymheart-02-tee-ivory-studio-v1.jpg,https://imgproxy.fourthwall.dev/JGy-Yc3OYVS6_Dltu_wiFpTkAUbx1J8NEBuMaaZCD_k/w:1920/sm:1/enc/qbv0QPOavDopG6MB/0iBtZUKxk9wckIUu/f3kl5UF045v6LLs7/_yZal4I-SaNvypYd/EJ9KIlPWqMCqYj0l/rfX1-PnWLsv2KJ8-/NVYoaRPrnpxx91zC/QAAMD8IWcYpgj_0R/Lwxwky9PRfn9M_Qf/iay5rkEjB1GcdSgj/K2W_qZcYE9vwG3br/sCrzRHUoMyBH62Xs/PYdgOzkRSxvhyRJC/x04A7HO4ttAyL_D7/wLAhuLI9u3s.webp,https://imgproxy.fourthwall.dev/Kgr83X4G1op8rcObyOLx0V35fMOV6U81XuWDhr5Piz0/w:1920/sm:1/enc/wqI-LciTdXolL-5G/s5DZrRz7J8tnSAfa/3JXcqCIBY90GXs9v/DIYGX6W395J2BZM3/ig4HTI1lyG2-aTPD/EStgpximFqG8lFQo/WZ9hfv7dGm0vLYkm/A_qTWdlycK3Z6dfr/gO7GLZDjVnPhxCzo/O0i7VALzDlCPDqF1/Vj34KLTEVCvqU00o/RbMlY-t4lDgf2VWJ/iXoK4spmBMEp-HIq/-NhSOTEqLdvSS2w_/eJr5h7i8AzY.webp,https://imgproxy.fourthwall.dev/wCG9lnFFMXpAuLfUKwx-AbTZtijgaupDD_VpPHTW_tM/w:1920/sm:1/enc/1A9xp-0cZoJxD7QU/hD0LOCXJWYHtQdZh/Vp1swg1PMcZuPSOn/zODMksdFugW72tWn/37PRZIvlmvOcxOMc/rCW6Mn05dMnbaoif/QkbfC3W_5xsjUGWB/b9xeAHhQ4FyhXq3g/fTRNdRuvAmmbaM4C/dZuJ74zY5qSn4H9v/NnX5fqqyYgxfKWXQ/CZoUfGEa6zunvCse/x954juMe7XTT-Rk6/Bj-aTOybkIdEM3nm/W-yVpB0jLAc.webp",Ivory,4XL,unisex,adult,my-kind-of-self-care-oversized-gym-tee,Ivory
14UW-FJ1200S,"Progression Oversized Gym Tee | Pump Cover — Black, S","Do the work. Every single day. Bold Progression lettering with a script Do the Work underneath. A workout shirt for the slow, steady kind of progress — one more rep, one more week, one more plate. An oversized gym shirt with the print on the back and a clean front. Heavyweight, garment-dyed cotton that feels broken-in from the first wear. Wear it as a pump cover over your sports bra or tank, with bike shorts for an easy gym outfit, or style it as an oversized graphic tee outside the gym. Details Back print onlyComfort Colors 1717, 100% ring-spun cotton, 6.1 oz heavyweightGarment-dyed for a soft, slightly vintage finishRelaxed unisex fit, US sizingPrinted to orderFit: relaxed. For the oversized look, size up 1–2 — see the size guide in the photos. Care: wash cold, inside out, with like colors. Tumble dry low.",https://aesthwear.com/products/progression-oversized-gym-tee?utm_source=pinterest&utm_medium=catalog&utm_campaign=pinterest-catalog&utm_content=progression-oversized-gym-tee,https://meakamst-stack.github.io/aesth-pinterest-feed/pins/progression-01/progression-01-tee-black-gym-v1.jpg,34.00 USD,in stock,new,AESTH.,Apparel & Accessories > Clothing > Shirts & Tops,progression-oversized-gym-tee,"https://meakamst-stack.github.io/aesth-pinterest-feed/pins/progression-01/progression-01-tee-black-straat-v1.jpg,https://meakamst-stack.github.io/aesth-pinterest-feed/pins/progression-01/progression-01-tee-black-studio-v1.jpg,https://imgproxy.fourthwall.dev/dXs5Ycrhf1prCTwjCg1cp_c0eqXQ2bNtH51JfJX4by4/w:1920/sm:1/enc/q-fYIgsxgfqgxBK3/pQig9q6fuWAQCCqn/Oepf0xgR-rlf3qsC/Et5pzF9vQBP-Jwg1/-OmEFd2ia8WrTpVv/RD5SiYyk6vaLkzr5/kJdJIxOtqcjRsbWT/y48RudizvJa9FuFj/-C_l7Ul0B3AlgZtt/aMozoevQgU8e9m4J/koPnUq75cJHT9jzM/vRYjkmb5J0eNAicM/Z0uZghO4yh0DFwu6/WwJGOWW6igfVMGE8/ahlXh5j_X1M.webp,https://imgproxy.fourthwall.dev/9Mz9cyWNA4sNtn5DK_vmMAa6l7OimJlsWllhA2t2Exk/w:1920/sm:1/enc/6W0jGaJ_u2VGF6pq/dSBCLkOQobajTBOf/LRnahqn5i4d4bdXs/S9wWPee7tyiZXLRT/zYm3h-A773PHD9BC/CB8hcpKalIERJYfo/TLEyvt16sF6snzcF/pQYVKj_H-ZuEFmXe/qS80Qi4acwDFY24q/fa-fc-2KEc0yehC2/1F4olZVbCaR65Gvl/JYYC4L6JSWJE9s5G/MhPsBJ0LN1XeZdk_/ftKFpAw14VGfReFd/K1jxy9_1Gus.webp,https://imgproxy.fourthwall.dev/v525J4_KGk1NOWhpFHCrhz3MCa_s80ew9q7Fy4OnTCg/w:1920/sm:1/enc/jGYR09PTBg_OJlBq/pf5GxAar8CBFoleY/UdPaWj4GGptOabJE/FWjJMqmoNB8UmDzY/sRWYYKtaC8JMnrqL/UUiOy63KTHc8cQib/Ju1Rr8KiYAuuboKb/9RkM0YJArSTJoQtv/GjJUa3H7kiJ-FLiE/ib8t3nI0sV-lTGno/jJmSk8P_v1nq_gt4/tu9fXlfs7YE94eVS/3J5REj5mrS1omKJE/HVjBrmcWLv_Gre9s/zQoEBHPX3aI.webp",Black,S,unisex,adult,progression-oversized-gym-tee,Black
14UW-8U7200M,"Progression Oversized Gym Tee | Pump Cover — Black, M","Do the work. Every single day. Bold Progression lettering with a script Do the Work underneath. A workout shirt for the slow, steady kind of progress — one more rep, one more week, one more plate. An oversized gym shirt with the print on the back and a clean front. Heavyweight, garment-dyed cotton that feels broken-in from the first wear. Wear it as a pump cover over your sports bra or tank, with bike shorts for an easy gym outfit, or style it as an oversized graphic tee outside the gym. Details Back print onlyComfort Colors 1717, 100% ring-spun cotton, 6.1 oz heavyweightGarment-dyed for a soft, slightly vintage finishRelaxed unisex fit, US sizingPrinted to orderFit: relaxed. For the oversized look, size up 1–2 — see the size guide in the photos. Care: wash cold, inside out, with like colors. Tumble dry low.",https://aesthwear.com/products/progression-oversized-gym-tee?utm_source=pinterest&utm_medium=catalog&utm_campaign=pinterest-catalog&utm_content=progression-oversized-gym-tee,https://meakamst-stack.github.io/aesth-pinterest-feed/pins/progression-01/progression-01-tee-black-gym-v1.jpg,34.00 USD,in stock,new,AESTH.,Apparel & Accessories > Clothing > Shirts & Tops,progression-oversized-gym-tee,"https://meakamst-stack.github.io/aesth-pinterest-feed/pins/progression-01/progression-01-tee-black-straat-v1.jpg,https://meakamst-stack.github.io/aesth-pinterest-feed/pins/progression-01/progression-01-tee-black-studio-v1.jpg,https://imgproxy.fourthwall.dev/dXs5Ycrhf1prCTwjCg1cp_c0eqXQ2bNtH51JfJX4by4/w:1920/sm:1/enc/q-fYIgsxgfqgxBK3/pQig9q6fuWAQCCqn/Oepf0xgR-rlf3qsC/Et5pzF9vQBP-Jwg1/-OmEFd2ia8WrTpVv/RD5SiYyk6vaLkzr5/kJdJIxOtqcjRsbWT/y48RudizvJa9FuFj/-C_l7Ul0B3AlgZtt/aMozoevQgU8e9m4J/koPnUq75cJHT9jzM/vRYjkmb5J0eNAicM/Z0uZghO4yh0DFwu6/WwJGOWW6igfVMGE8/ahlXh5j_X1M.webp,https://imgproxy.fourthwall.dev/9Mz9cyWNA4sNtn5DK_vmMAa6l7OimJlsWllhA2t2Exk/w:1920/sm:1/enc/6W0jGaJ_u2VGF6pq/dSBCLkOQobajTBOf/LRnahqn5i4d4bdXs/S9wWPee7tyiZXLRT/zYm3h-A773PHD9BC/CB8hcpKalIERJYfo/TLEyvt16sF6snzcF/pQYVKj_H-ZuEFmXe/qS80Qi4acwDFY24q/fa-fc-2KEc0yehC2/1F4olZVbCaR65Gvl/JYYC4L6JSWJE9s5G/MhPsBJ0LN1XeZdk_/ftKFpAw14VGfReFd/K1jxy9_1Gus.webp,https://imgproxy.fourthwall.dev/v525J4_KGk1NOWhpFHCrhz3MCa_s80ew9q7Fy4OnTCg/w:1920/sm:1/enc/jGYR09PTBg_OJlBq/pf5GxAar8CBFoleY/UdPaWj4GGptOabJE/FWjJMqmoNB8UmDzY/sRWYYKtaC8JMnrqL/UUiOy63KTHc8cQib/Ju1Rr8KiYAuuboKb/9RkM0YJArSTJoQtv/GjJUa3H7kiJ-FLiE/ib8t3nI0sV-lTGno/jJmSk8P_v1nq_gt4/tu9fXlfs7YE94eVS/3J5REj5mrS1omKJE/HVjBrmcWLv_Gre9s/zQoEBHPX3aI.webp",Black,M,unisex,adult,progression-oversized-gym-tee,Black
14UW-F5B200L,"Progression Oversized Gym Tee | Pump Cover — Black, L","Do the work. Every single day. Bold Progression lettering with a script Do the Work underneath. A workout shirt for the slow, steady kind of progress — one more rep, one more week, one more plate. An oversized gym shirt with the print on the back and a clean front. Heavyweight, garment-dyed cotton that feels broken-in from the first wear. Wear it as a pump cover over your sports bra or tank, with bike shorts for an easy gym outfit, or style it as an oversized graphic tee outside the gym. Details Back print onlyComfort Colors 1717, 100% ring-spun cotton, 6.1 oz heavyweightGarment-dyed for a soft, slightly vintage finishRelaxed unisex fit, US sizingPrinted to orderFit: relaxed. For the oversized look, size up 1–2 — see the size guide in the photos. Care: wash cold, inside out, with like colors. Tumble dry low.",https://aesthwear.com/products/progression-oversized-gym-tee?utm_source=pinterest&utm_medium=catalog&utm_campaign=pinterest-catalog&utm_content=progression-oversized-gym-tee,https://meakamst-stack.github.io/aesth-pinterest-feed/pins/progression-01/progression-01-tee-black-gym-v1.jpg,34.00 USD,in stock,new,AESTH.,Apparel & Accessories > Clothing > Shirts & Tops,progression-oversized-gym-tee,"https://meakamst-stack.github.io/aesth-pinterest-feed/pins/progression-01/progression-01-tee-black-straat-v1.jpg,https://meakamst-stack.github.io/aesth-pinterest-feed/pins/progression-01/progression-01-tee-black-studio-v1.jpg,https://imgproxy.fourthwall.dev/dXs5Ycrhf1prCTwjCg1cp_c0eqXQ2bNtH51JfJX4by4/w:1920/sm:1/enc/q-fYIgsxgfqgxBK3/pQig9q6fuWAQCCqn/Oepf0xgR-rlf3qsC/Et5pzF9vQBP-Jwg1/-OmEFd2ia8WrTpVv/RD5SiYyk6vaLkzr5/kJdJIxOtqcjRsbWT/y48RudizvJa9FuFj/-C_l7Ul0B3AlgZtt/aMozoevQgU8e9m4J/koPnUq75cJHT9jzM/vRYjkmb5J0eNAicM/Z0uZghO4yh0DFwu6/WwJGOWW6igfVMGE8/ahlXh5j_X1M.webp,https://imgproxy.fourthwall.dev/9Mz9cyWNA4sNtn5DK_vmMAa6l7OimJlsWllhA2t2Exk/w:1920/sm:1/enc/6W0jGaJ_u2VGF6pq/dSBCLkOQobajTBOf/LRnahqn5i4d4bdXs/S9wWPee7tyiZXLRT/zYm3h-A773PHD9BC/CB8hcpKalIERJYfo/TLEyvt16sF6snzcF/pQYVKj_H-ZuEFmXe/qS80Qi4acwDFY24q/fa-fc-2KEc0yehC2/1F4olZVbCaR65Gvl/JYYC4L6JSWJE9s5G/MhPsBJ0LN1XeZdk_/ftKFpAw14VGfReFd/K1jxy9_1Gus.webp,https://imgproxy.fourthwall.dev/v525J4_KGk1NOWhpFHCrhz3MCa_s80ew9q7Fy4OnTCg/w:1920/sm:1/enc/jGYR09PTBg_OJlBq/pf5GxAar8CBFoleY/UdPaWj4GGptOabJE/FWjJMqmoNB8UmDzY/sRWYYKtaC8JMnrqL/UUiOy63KTHc8cQib/Ju1Rr8KiYAuuboKb/9RkM0YJArSTJoQtv/GjJUa3H7kiJ-FLiE/ib8t3nI0sV-lTGno/jJmSk8P_v1nq_gt4/tu9fXlfs7YE94eVS/3J5REj5mrS1omKJE/HVjBrmcWLv_Gre9s/zQoEBHPX3aI.webp",Black,L,unisex,adult,progression-oversized-gym-tee,Black
14UW-9WZ20XL,"Progression Oversized Gym Tee | Pump Cover — Black, XL","Do the work. Every single day. Bold Progression lettering with a script Do the Work underneath. A workout shirt for the slow, steady kind of progress — one more rep, one more week, one more plate. An oversized gym shirt with the print on the back and a clean front. Heavyweight, garment-dyed cotton that feels broken-in from the first wear. Wear it as a pump cover over your sports bra or tank, with bike shorts for an easy gym outfit, or style it as an oversized graphic tee outside the gym. Details Back print onlyComfort Colors 1717, 100% ring-spun cotton, 6.1 oz heavyweightGarment-dyed for a soft, slightly vintage finishRelaxed unisex fit, US sizingPrinted to orderFit: relaxed. For the oversized look, size up 1–2 — see the size guide in the photos. Care: wash cold, inside out, with like colors. Tumble dry low.",https://aesthwear.com/products/progression-oversized-gym-tee?utm_source=pinterest&utm_medium=catalog&utm_campaign=pinterest-catalog&utm_content=progression-oversized-gym-tee,https://meakamst-stack.github.io/aesth-pinterest-feed/pins/progression-01/progression-01-tee-black-gym-v1.jpg,34.00 USD,in stock,new,AESTH.,Apparel & Accessories > Clothing > Shirts & Tops,progression-oversized-gym-tee,"https://meakamst-stack.github.io/aesth-pinterest-feed/pins/progression-01/progression-01-tee-black-straat-v1.jpg,https://meakamst-stack.github.io/aesth-pinterest-feed/pins/progression-01/progression-01-tee-black-studio-v1.jpg,https://imgproxy.fourthwall.dev/dXs5Ycrhf1prCTwjCg1cp_c0eqXQ2bNtH51JfJX4by4/w:1920/sm:1/enc/q-fYIgsxgfqgxBK3/pQig9q6fuWAQCCqn/Oepf0xgR-rlf3qsC/Et5pzF9vQBP-Jwg1/-OmEFd2ia8WrTpVv/RD5SiYyk6vaLkzr5/kJdJIxOtqcjRsbWT/y48RudizvJa9FuFj/-C_l7Ul0B3AlgZtt/aMozoevQgU8e9m4J/koPnUq75cJHT9jzM/vRYjkmb5J0eNAicM/Z0uZghO4yh0DFwu6/WwJGOWW6igfVMGE8/ahlXh5j_X1M.webp,https://imgproxy.fourthwall.dev/9Mz9cyWNA4sNtn5DK_vmMAa6l7OimJlsWllhA2t2Exk/w:1920/sm:1/enc/6W0jGaJ_u2VGF6pq/dSBCLkOQobajTBOf/LRnahqn5i4d4bdXs/S9wWPee7tyiZXLRT/zYm3h-A773PHD9BC/CB8hcpKalIERJYfo/TLEyvt16sF6snzcF/pQYVKj_H-ZuEFmXe/qS80Qi4acwDFY24q/fa-fc-2KEc0yehC2/1F4olZVbCaR65Gvl/JYYC4L6JSWJE9s5G/MhPsBJ0LN1XeZdk_/ftKFpAw14VGfReFd/K1jxy9_1Gus.webp,https://imgproxy.fourthwall.dev/v525J4_KGk1NOWhpFHCrhz3MCa_s80ew9q7Fy4OnTCg/w:1920/sm:1/enc/jGYR09PTBg_OJlBq/pf5GxAar8CBFoleY/UdPaWj4GGptOabJE/FWjJMqmoNB8UmDzY/sRWYYKtaC8JMnrqL/UUiOy63KTHc8cQib/Ju1Rr8KiYAuuboKb/9RkM0YJArSTJoQtv/GjJUa3H7kiJ-FLiE/ib8t3nI0sV-lTGno/jJmSk8P_v1nq_gt4/tu9fXlfs7YE94eVS/3J5REj5mrS1omKJE/HVjBrmcWLv_Gre9s/zQoEBHPX3aI.webp",Black,XL,unisex,adult,progression-oversized-gym-tee,Black
14UW-E48202X,"Progression Oversized Gym Tee | Pump Cover — Black, 2XL","Do the work. Every single day. Bold Progression lettering with a script Do the Work underneath. A workout shirt for the slow, steady kind of progress — one more rep, one more week, one more plate. An oversized gym shirt with the print on the back and a clean front. Heavyweight, garment-dyed cotton that feels broken-in from the first wear. Wear it as a pump cover over your sports bra or tank, with bike shorts for an easy gym outfit, or style it as an oversized graphic tee outside the gym. Details Back print onlyComfort Colors 1717, 100% ring-spun cotton, 6.1 oz heavyweightGarment-dyed for a soft, slightly vintage finishRelaxed unisex fit, US sizingPrinted to orderFit: relaxed. For the oversized look, size up 1–2 — see the size guide in the photos. Care: wash cold, inside out, with like colors. Tumble dry low.",https://aesthwear.com/products/progression-oversized-gym-tee?utm_source=pinterest&utm_medium=catalog&utm_campaign=pinterest-catalog&utm_content=progression-oversized-gym-tee,https://meakamst-stack.github.io/aesth-pinterest-feed/pins/progression-01/progression-01-tee-black-gym-v1.jpg,36.00 USD,in stock,new,AESTH.,Apparel & Accessories > Clothing > Shirts & Tops,progression-oversized-gym-tee,"https://meakamst-stack.github.io/aesth-pinterest-feed/pins/progression-01/progression-01-tee-black-straat-v1.jpg,https://meakamst-stack.github.io/aesth-pinterest-feed/pins/progression-01/progression-01-tee-black-studio-v1.jpg,https://imgproxy.fourthwall.dev/dXs5Ycrhf1prCTwjCg1cp_c0eqXQ2bNtH51JfJX4by4/w:1920/sm:1/enc/q-fYIgsxgfqgxBK3/pQig9q6fuWAQCCqn/Oepf0xgR-rlf3qsC/Et5pzF9vQBP-Jwg1/-OmEFd2ia8WrTpVv/RD5SiYyk6vaLkzr5/kJdJIxOtqcjRsbWT/y48RudizvJa9FuFj/-C_l7Ul0B3AlgZtt/aMozoevQgU8e9m4J/koPnUq75cJHT9jzM/vRYjkmb5J0eNAicM/Z0uZghO4yh0DFwu6/WwJGOWW6igfVMGE8/ahlXh5j_X1M.webp,https://imgproxy.fourthwall.dev/9Mz9cyWNA4sNtn5DK_vmMAa6l7OimJlsWllhA2t2Exk/w:1920/sm:1/enc/6W0jGaJ_u2VGF6pq/dSBCLkOQobajTBOf/LRnahqn5i4d4bdXs/S9wWPee7tyiZXLRT/zYm3h-A773PHD9BC/CB8hcpKalIERJYfo/TLEyvt16sF6snzcF/pQYVKj_H-ZuEFmXe/qS80Qi4acwDFY24q/fa-fc-2KEc0yehC2/1F4olZVbCaR65Gvl/JYYC4L6JSWJE9s5G/MhPsBJ0LN1XeZdk_/ftKFpAw14VGfReFd/K1jxy9_1Gus.webp,https://imgproxy.fourthwall.dev/v525J4_KGk1NOWhpFHCrhz3MCa_s80ew9q7Fy4OnTCg/w:1920/sm:1/enc/jGYR09PTBg_OJlBq/pf5GxAar8CBFoleY/UdPaWj4GGptOabJE/FWjJMqmoNB8UmDzY/sRWYYKtaC8JMnrqL/UUiOy63KTHc8cQib/Ju1Rr8KiYAuuboKb/9RkM0YJArSTJoQtv/GjJUa3H7kiJ-FLiE/ib8t3nI0sV-lTGno/jJmSk8P_v1nq_gt4/tu9fXlfs7YE94eVS/3J5REj5mrS1omKJE/HVjBrmcWLv_Gre9s/zQoEBHPX3aI.webp",Black,2XL,unisex,adult,progression-oversized-gym-tee,Black
14UW-7VC203X,"Progression Oversized Gym Tee | Pump Cover — Black, 3XL","Do the work. Every single day. Bold Progression lettering with a script Do the Work underneath. A workout shirt for the slow, steady kind of progress — one more rep, one more week, one more plate. An oversized gym shirt with the print on the back and a clean front. Heavyweight, garment-dyed cotton that feels broken-in from the first wear. Wear it as a pump cover over your sports bra or tank, with bike shorts for an easy gym outfit, or style it as an oversized graphic tee outside the gym. Details Back print onlyComfort Colors 1717, 100% ring-spun cotton, 6.1 oz heavyweightGarment-dyed for a soft, slightly vintage finishRelaxed unisex fit, US sizingPrinted to orderFit: relaxed. For the oversized look, size up 1–2 — see the size guide in the photos. Care: wash cold, inside out, with like colors. Tumble dry low.",https://aesthwear.com/products/progression-oversized-gym-tee?utm_source=pinterest&utm_medium=catalog&utm_campaign=pinterest-catalog&utm_content=progression-oversized-gym-tee,https://meakamst-stack.github.io/aesth-pinterest-feed/pins/progression-01/progression-01-tee-black-gym-v1.jpg,38.00 USD,in stock,new,AESTH.,Apparel & Accessories > Clothing > Shirts & Tops,progression-oversized-gym-tee,"https://meakamst-stack.github.io/aesth-pinterest-feed/pins/progression-01/progression-01-tee-black-straat-v1.jpg,https://meakamst-stack.github.io/aesth-pinterest-feed/pins/progression-01/progression-01-tee-black-studio-v1.jpg,https://imgproxy.fourthwall.dev/dXs5Ycrhf1prCTwjCg1cp_c0eqXQ2bNtH51JfJX4by4/w:1920/sm:1/enc/q-fYIgsxgfqgxBK3/pQig9q6fuWAQCCqn/Oepf0xgR-rlf3qsC/Et5pzF9vQBP-Jwg1/-OmEFd2ia8WrTpVv/RD5SiYyk6vaLkzr5/kJdJIxOtqcjRsbWT/y48RudizvJa9FuFj/-C_l7Ul0B3AlgZtt/aMozoevQgU8e9m4J/koPnUq75cJHT9jzM/vRYjkmb5J0eNAicM/Z0uZghO4yh0DFwu6/WwJGOWW6igfVMGE8/ahlXh5j_X1M.webp,https://imgproxy.fourthwall.dev/9Mz9cyWNA4sNtn5DK_vmMAa6l7OimJlsWllhA2t2Exk/w:1920/sm:1/enc/6W0jGaJ_u2VGF6pq/dSBCLkOQobajTBOf/LRnahqn5i4d4bdXs/S9wWPee7tyiZXLRT/zYm3h-A773PHD9BC/CB8hcpKalIERJYfo/TLEyvt16sF6snzcF/pQYVKj_H-ZuEFmXe/qS80Qi4acwDFY24q/fa-fc-2KEc0yehC2/1F4olZVbCaR65Gvl/JYYC4L6JSWJE9s5G/MhPsBJ0LN1XeZdk_/ftKFpAw14VGfReFd/K1jxy9_1Gus.webp,https://imgproxy.fourthwall.dev/v525J4_KGk1NOWhpFHCrhz3MCa_s80ew9q7Fy4OnTCg/w:1920/sm:1/enc/jGYR09PTBg_OJlBq/pf5GxAar8CBFoleY/UdPaWj4GGptOabJE/FWjJMqmoNB8UmDzY/sRWYYKtaC8JMnrqL/UUiOy63KTHc8cQib/Ju1Rr8KiYAuuboKb/9RkM0YJArSTJoQtv/GjJUa3H7kiJ-FLiE/ib8t3nI0sV-lTGno/jJmSk8P_v1nq_gt4/tu9fXlfs7YE94eVS/3J5REj5mrS1omKJE/HVjBrmcWLv_Gre9s/zQoEBHPX3aI.webp",Black,3XL,unisex,adult,progression-oversized-gym-tee,Black
14UW-R8A204X,"Progression Oversized Gym Tee | Pump Cover — Black, 4XL","Do the work. Every single day. Bold Progression lettering with a script Do the Work underneath. A workout shirt for the slow, steady kind of progress — one more rep, one more week, one more plate. An oversized gym shirt with the print on the back and a clean front. Heavyweight, garment-dyed cotton that feels broken-in from the first wear. Wear it as a pump cover over your sports bra or tank, with bike shorts for an easy gym outfit, or style it as an oversized graphic tee outside the gym. Details Back print onlyComfort Colors 1717, 100% ring-spun cotton, 6.1 oz heavyweightGarment-dyed for a soft, slightly vintage finishRelaxed unisex fit, US sizingPrinted to orderFit: relaxed. For the oversized look, size up 1–2 — see the size guide in the photos. Care: wash cold, inside out, with like colors. Tumble dry low.",https://aesthwear.com/products/progression-oversized-gym-tee?utm_source=pinterest&utm_medium=catalog&utm_campaign=pinterest-catalog&utm_content=progression-oversized-gym-tee,https://meakamst-stack.github.io/aesth-pinterest-feed/pins/progression-01/progression-01-tee-black-gym-v1.jpg,40.00 USD,in stock,new,AESTH.,Apparel & Accessories > Clothing > Shirts & Tops,progression-oversized-gym-tee,"https://meakamst-stack.github.io/aesth-pinterest-feed/pins/progression-01/progression-01-tee-black-straat-v1.jpg,https://meakamst-stack.github.io/aesth-pinterest-feed/pins/progression-01/progression-01-tee-black-studio-v1.jpg,https://imgproxy.fourthwall.dev/dXs5Ycrhf1prCTwjCg1cp_c0eqXQ2bNtH51JfJX4by4/w:1920/sm:1/enc/q-fYIgsxgfqgxBK3/pQig9q6fuWAQCCqn/Oepf0xgR-rlf3qsC/Et5pzF9vQBP-Jwg1/-OmEFd2ia8WrTpVv/RD5SiYyk6vaLkzr5/kJdJIxOtqcjRsbWT/y48RudizvJa9FuFj/-C_l7Ul0B3AlgZtt/aMozoevQgU8e9m4J/koPnUq75cJHT9jzM/vRYjkmb5J0eNAicM/Z0uZghO4yh0DFwu6/WwJGOWW6igfVMGE8/ahlXh5j_X1M.webp,https://imgproxy.fourthwall.dev/9Mz9cyWNA4sNtn5DK_vmMAa6l7OimJlsWllhA2t2Exk/w:1920/sm:1/enc/6W0jGaJ_u2VGF6pq/dSBCLkOQobajTBOf/LRnahqn5i4d4bdXs/S9wWPee7tyiZXLRT/zYm3h-A773PHD9BC/CB8hcpKalIERJYfo/TLEyvt16sF6snzcF/pQYVKj_H-ZuEFmXe/qS80Qi4acwDFY24q/fa-fc-2KEc0yehC2/1F4olZVbCaR65Gvl/JYYC4L6JSWJE9s5G/MhPsBJ0LN1XeZdk_/ftKFpAw14VGfReFd/K1jxy9_1Gus.webp,https://imgproxy.fourthwall.dev/v525J4_KGk1NOWhpFHCrhz3MCa_s80ew9q7Fy4OnTCg/w:1920/sm:1/enc/jGYR09PTBg_OJlBq/pf5GxAar8CBFoleY/UdPaWj4GGptOabJE/FWjJMqmoNB8UmDzY/sRWYYKtaC8JMnrqL/UUiOy63KTHc8cQib/Ju1Rr8KiYAuuboKb/9RkM0YJArSTJoQtv/GjJUa3H7kiJ-FLiE/ib8t3nI0sV-lTGno/jJmSk8P_v1nq_gt4/tu9fXlfs7YE94eVS/3J5REj5mrS1omKJE/HVjBrmcWLv_Gre9s/zQoEBHPX3aI.webp",Black,4XL,unisex,adult,progression-oversized-gym-tee,Black
1D6B-QXSM00S,"Progression Oversized Gym Tee | Pump Cover — Bay, S","Do the work. Every single day. Bold Progression lettering with a script Do the Work underneath. A workout shirt for the slow, steady kind of progress — one more rep, one more week, one more plate. An oversized gym shirt with the print on the back and a clean front. Heavyweight, garment-dyed cotton that feels broken-in from the first wear. Wear it as a pump cover over your sports bra or tank, with bike shorts for an easy gym outfit, or style it as an oversized graphic tee outside the gym. Details Back print onlyComfort Colors 1717, 100% ring-spun cotton, 6.1 oz heavyweightGarment-dyed for a soft, slightly vintage finishRelaxed unisex fit, US sizingPrinted to orderFit: relaxed. For the oversized look, size up 1–2 — see the size guide in the photos. Care: wash cold, inside out, with like colors. Tumble dry low.",https://aesthwear.com/products/progression-oversized-gym-tee?utm_source=pinterest&utm_medium=catalog&utm_campaign=pinterest-catalog&utm_content=progression-oversized-gym-tee,https://meakamst-stack.github.io/aesth-pinterest-feed/pins/progression-01/progression-01-tee-bay-gym-v1.jpg,34.00 USD,in stock,new,AESTH.,Apparel & Accessories > Clothing > Shirts & Tops,progression-oversized-gym-tee,"https://meakamst-stack.github.io/aesth-pinterest-feed/pins/progression-01/progression-01-tee-bay-straat-v1.jpg,https://meakamst-stack.github.io/aesth-pinterest-feed/pins/progression-01/progression-01-tee-bay-studio-v1.jpg,https://imgproxy.fourthwall.dev/fIS8c229f3vj4qVzn1ywGGJWGQmm7-PIFSLpPX81j-U/w:1920/sm:1/enc/2j9CMvXI-4lN5u4F/5Q31zqG7LPOH6Uid/zsH92qp55WEWnYv2/hXhZNy5kssf8Kzdc/-VQN6L10fU9FMp2V/eg_fnI8Bt6VtQaJ4/TXfCmD1VkVdeUGVC/KBB-5qfiFdRabDsz/QcIkwxX8yO4KPQ2p/DljFWsq4qYjUl8Wo/0PyeCIxx4bFvkKXy/FDsOSvifTVQSJG46/5yAqGk4nqlh0uNLK/7SAKSbofjMFTGmSv/altd_WL-sk4.webp,https://imgproxy.fourthwall.dev/D2Fq6naBBiqDvivxl-9WsHYd_esyD6_qMJxX-_QcArA/w:1920/sm:1/enc/Z0BVPLSWd3QAEEll/bc6hgkHt8qRXwT4c/XFt1xTxWesg2fiSv/RbuNVWpuZoenQPmO/JkHyNB47Wz2DsNW3/OGVOxmXaPx3g3GiZ/Xcw57_1gCWM9fF8O/IjFo63KrzlFyylpm/P78kfutNCtdGMOno/pK28pZ-JrW3SjU8r/UDb7hi75P1Ovb0Rq/9k7WFBLe9XZbgEI4/kxclRznm6Y9HaA8x/vu870VdLhop_5IQ4/SnAS6X3Ae4s.webp,https://imgproxy.fourthwall.dev/SOU7rITPIGF2a3vRXpBhknn6JsRbfqNYxEJaqytyj3c/w:1920/sm:1/enc/J66MsrUW_d2YWEAm/gWXRIXAJDGVl3eOK/YQR9ImklTQMHt3Dv/uBg3xONEFliNvAzR/UnDaqh5qGiwe-kkN/gyiLaBP4NsWe66BW/lAvWxnrSQYIe2Nbe/6UNjdTt7NHvdl8Fu/1GHRUhQVosF2D7J9/-gubRofNdpMXtwu1/ovGEU1mYxZJUWKhl/4t-ASgL7wgqm-r4j/WzS6u873b_3-jLF4/AYsIhzuvOoUd5TMl/wEkHxTqs53s.webp",Bay,S,unisex,adult,progression-oversized-gym-tee,Bay
1D6B-267M00M,"Progression Oversized Gym Tee | Pump Cover — Bay, M","Do the work. Every single day. Bold Progression lettering with a script Do the Work underneath. A workout shirt for the slow, steady kind of progress — one more rep, one more week, one more plate. An oversized gym shirt with the print on the back and a clean front. Heavyweight, garment-dyed cotton that feels broken-in from the first wear. Wear it as a pump cover over your sports bra or tank, with bike shorts for an easy gym outfit, or style it as an oversized graphic tee outside the gym. Details Back print onlyComfort Colors 1717, 100% ring-spun cotton, 6.1 oz heavyweightGarment-dyed for a soft, slightly vintage finishRelaxed unisex fit, US sizingPrinted to orderFit: relaxed. For the oversized look, size up 1–2 — see the size guide in the photos. Care: wash cold, inside out, with like colors. Tumble dry low.",https://aesthwear.com/products/progression-oversized-gym-tee?utm_source=pinterest&utm_medium=catalog&utm_campaign=pinterest-catalog&utm_content=progression-oversized-gym-tee,https://meakamst-stack.github.io/aesth-pinterest-feed/pins/progression-01/progression-01-tee-bay-gym-v1.jpg,34.00 USD,in stock,new,AESTH.,Apparel & Accessories > Clothing > Shirts & Tops,progression-oversized-gym-tee,"https://meakamst-stack.github.io/aesth-pinterest-feed/pins/progression-01/progression-01-tee-bay-straat-v1.jpg,https://meakamst-stack.github.io/aesth-pinterest-feed/pins/progression-01/progression-01-tee-bay-studio-v1.jpg,https://imgproxy.fourthwall.dev/fIS8c229f3vj4qVzn1ywGGJWGQmm7-PIFSLpPX81j-U/w:1920/sm:1/enc/2j9CMvXI-4lN5u4F/5Q31zqG7LPOH6Uid/zsH92qp55WEWnYv2/hXhZNy5kssf8Kzdc/-VQN6L10fU9FMp2V/eg_fnI8Bt6VtQaJ4/TXfCmD1VkVdeUGVC/KBB-5qfiFdRabDsz/QcIkwxX8yO4KPQ2p/DljFWsq4qYjUl8Wo/0PyeCIxx4bFvkKXy/FDsOSvifTVQSJG46/5yAqGk4nqlh0uNLK/7SAKSbofjMFTGmSv/altd_WL-sk4.webp,https://imgproxy.fourthwall.dev/D2Fq6naBBiqDvivxl-9WsHYd_esyD6_qMJxX-_QcArA/w:1920/sm:1/enc/Z0BVPLSWd3QAEEll/bc6hgkHt8qRXwT4c/XFt1xTxWesg2fiSv/RbuNVWpuZoenQPmO/JkHyNB47Wz2DsNW3/OGVOxmXaPx3g3GiZ/Xcw57_1gCWM9fF8O/IjFo63KrzlFyylpm/P78kfutNCtdGMOno/pK28pZ-JrW3SjU8r/UDb7hi75P1Ovb0Rq/9k7WFBLe9XZbgEI4/kxclRznm6Y9HaA8x/vu870VdLhop_5IQ4/SnAS6X3Ae4s.webp,https://imgproxy.fourthwall.dev/SOU7rITPIGF2a3vRXpBhknn6JsRbfqNYxEJaqytyj3c/w:1920/sm:1/enc/J66MsrUW_d2YWEAm/gWXRIXAJDGVl3eOK/YQR9ImklTQMHt3Dv/uBg3xONEFliNvAzR/UnDaqh5qGiwe-kkN/gyiLaBP4NsWe66BW/lAvWxnrSQYIe2Nbe/6UNjdTt7NHvdl8Fu/1GHRUhQVosF2D7J9/-gubRofNdpMXtwu1/ovGEU1mYxZJUWKhl/4t-ASgL7wgqm-r4j/WzS6u873b_3-jLF4/AYsIhzuvOoUd5TMl/wEkHxTqs53s.webp",Bay,M,unisex,adult,progression-oversized-gym-tee,Bay
1D6B-SXPM00L,"Progression Oversized Gym Tee | Pump Cover — Bay, L","Do the work. Every single day. Bold Progression lettering with a script Do the Work underneath. A workout shirt for the slow, steady kind of progress — one more rep, one more week, one more plate. An oversized gym shirt with the print on the back and a clean front. Heavyweight, garment-dyed cotton that feels broken-in from the first wear. Wear it as a pump cover over your sports bra or tank, with bike shorts for an easy gym outfit, or style it as an oversized graphic tee outside the gym. Details Back print onlyComfort Colors 1717, 100% ring-spun cotton, 6.1 oz heavyweightGarment-dyed for a soft, slightly vintage finishRelaxed unisex fit, US sizingPrinted to orderFit: relaxed. For the oversized look, size up 1–2 — see the size guide in the photos. Care: wash cold, inside out, with like colors. Tumble dry low.",https://aesthwear.com/products/progression-oversized-gym-tee?utm_source=pinterest&utm_medium=catalog&utm_campaign=pinterest-catalog&utm_content=progression-oversized-gym-tee,https://meakamst-stack.github.io/aesth-pinterest-feed/pins/progression-01/progression-01-tee-bay-gym-v1.jpg,34.00 USD,in stock,new,AESTH.,Apparel & Accessories > Clothing > Shirts & Tops,progression-oversized-gym-tee,"https://meakamst-stack.github.io/aesth-pinterest-feed/pins/progression-01/progression-01-tee-bay-straat-v1.jpg,https://meakamst-stack.github.io/aesth-pinterest-feed/pins/progression-01/progression-01-tee-bay-studio-v1.jpg,https://imgproxy.fourthwall.dev/fIS8c229f3vj4qVzn1ywGGJWGQmm7-PIFSLpPX81j-U/w:1920/sm:1/enc/2j9CMvXI-4lN5u4F/5Q31zqG7LPOH6Uid/zsH92qp55WEWnYv2/hXhZNy5kssf8Kzdc/-VQN6L10fU9FMp2V/eg_fnI8Bt6VtQaJ4/TXfCmD1VkVdeUGVC/KBB-5qfiFdRabDsz/QcIkwxX8yO4KPQ2p/DljFWsq4qYjUl8Wo/0PyeCIxx4bFvkKXy/FDsOSvifTVQSJG46/5yAqGk4nqlh0uNLK/7SAKSbofjMFTGmSv/altd_WL-sk4.webp,https://imgproxy.fourthwall.dev/D2Fq6naBBiqDvivxl-9WsHYd_esyD6_qMJxX-_QcArA/w:1920/sm:1/enc/Z0BVPLSWd3QAEEll/bc6hgkHt8qRXwT4c/XFt1xTxWesg2fiSv/RbuNVWpuZoenQPmO/JkHyNB47Wz2DsNW3/OGVOxmXaPx3g3GiZ/Xcw57_1gCWM9fF8O/IjFo63KrzlFyylpm/P78kfutNCtdGMOno/pK28pZ-JrW3SjU8r/UDb7hi75P1Ovb0Rq/9k7WFBLe9XZbgEI4/kxclRznm6Y9HaA8x/vu870VdLhop_5IQ4/SnAS6X3Ae4s.webp,https://imgproxy.fourthwall.dev/SOU7rITPIGF2a3vRXpBhknn6JsRbfqNYxEJaqytyj3c/w:1920/sm:1/enc/J66MsrUW_d2YWEAm/gWXRIXAJDGVl3eOK/YQR9ImklTQMHt3Dv/uBg3xONEFliNvAzR/UnDaqh5qGiwe-kkN/gyiLaBP4NsWe66BW/lAvWxnrSQYIe2Nbe/6UNjdTt7NHvdl8Fu/1GHRUhQVosF2D7J9/-gubRofNdpMXtwu1/ovGEU1mYxZJUWKhl/4t-ASgL7wgqm-r4j/WzS6u873b_3-jLF4/AYsIhzuvOoUd5TMl/wEkHxTqs53s.webp",Bay,L,unisex,adult,progression-oversized-gym-tee,Bay
1D6B-07ZM0XL,"Progression Oversized Gym Tee | Pump Cover — Bay, XL","Do the work. Every single day. Bold Progression lettering with a script Do the Work underneath. A workout shirt for the slow, steady kind of progress — one more rep, one more week, one more plate. An oversized gym shirt with the print on the back and a clean front. Heavyweight, garment-dyed cotton that feels broken-in from the first wear. Wear it as a pump cover over your sports bra or tank, with bike shorts for an easy gym outfit, or style it as an oversized graphic tee outside the gym. Details Back print onlyComfort Colors 1717, 100% ring-spun cotton, 6.1 oz heavyweightGarment-dyed for a soft, slightly vintage finishRelaxed unisex fit, US sizingPrinted to orderFit: relaxed. For the oversized look, size up 1–2 — see the size guide in the photos. Care: wash cold, inside out, with like colors. Tumble dry low.",https://aesthwear.com/products/progression-oversized-gym-tee?utm_source=pinterest&utm_medium=catalog&utm_campaign=pinterest-catalog&utm_content=progression-oversized-gym-tee,https://meakamst-stack.github.io/aesth-pinterest-feed/pins/progression-01/progression-01-tee-bay-gym-v1.jpg,34.00 USD,in stock,new,AESTH.,Apparel & Accessories > Clothing > Shirts & Tops,progression-oversized-gym-tee,"https://meakamst-stack.github.io/aesth-pinterest-feed/pins/progression-01/progression-01-tee-bay-straat-v1.jpg,https://meakamst-stack.github.io/aesth-pinterest-feed/pins/progression-01/progression-01-tee-bay-studio-v1.jpg,https://imgproxy.fourthwall.dev/fIS8c229f3vj4qVzn1ywGGJWGQmm7-PIFSLpPX81j-U/w:1920/sm:1/enc/2j9CMvXI-4lN5u4F/5Q31zqG7LPOH6Uid/zsH92qp55WEWnYv2/hXhZNy5kssf8Kzdc/-VQN6L10fU9FMp2V/eg_fnI8Bt6VtQaJ4/TXfCmD1VkVdeUGVC/KBB-5qfiFdRabDsz/QcIkwxX8yO4KPQ2p/DljFWsq4qYjUl8Wo/0PyeCIxx4bFvkKXy/FDsOSvifTVQSJG46/5yAqGk4nqlh0uNLK/7SAKSbofjMFTGmSv/altd_WL-sk4.webp,https://imgproxy.fourthwall.dev/D2Fq6naBBiqDvivxl-9WsHYd_esyD6_qMJxX-_QcArA/w:1920/sm:1/enc/Z0BVPLSWd3QAEEll/bc6hgkHt8qRXwT4c/XFt1xTxWesg2fiSv/RbuNVWpuZoenQPmO/JkHyNB47Wz2DsNW3/OGVOxmXaPx3g3GiZ/Xcw57_1gCWM9fF8O/IjFo63KrzlFyylpm/P78kfutNCtdGMOno/pK28pZ-JrW3SjU8r/UDb7hi75P1Ovb0Rq/9k7WFBLe9XZbgEI4/kxclRznm6Y9HaA8x/vu870VdLhop_5IQ4/SnAS6X3Ae4s.webp,https://imgproxy.fourthwall.dev/SOU7rITPIGF2a3vRXpBhknn6JsRbfqNYxEJaqytyj3c/w:1920/sm:1/enc/J66MsrUW_d2YWEAm/gWXRIXAJDGVl3eOK/YQR9ImklTQMHt3Dv/uBg3xONEFliNvAzR/UnDaqh5qGiwe-kkN/gyiLaBP4NsWe66BW/lAvWxnrSQYIe2Nbe/6UNjdTt7NHvdl8Fu/1GHRUhQVosF2D7J9/-gubRofNdpMXtwu1/ovGEU1mYxZJUWKhl/4t-ASgL7wgqm-r4j/WzS6u873b_3-jLF4/AYsIhzuvOoUd5TMl/wEkHxTqs53s.webp",Bay,XL,unisex,adult,progression-oversized-gym-tee,Bay
1D6B-Q1LM02X,"Progression Oversized Gym Tee | Pump Cover — Bay, 2XL","Do the work. Every single day. Bold Progression lettering with a script Do the Work underneath. A workout shirt for the slow, steady kind of progress — one more rep, one more week, one more plate. An oversized gym shirt with the print on the back and a clean front. Heavyweight, garment-dyed cotton that feels broken-in from the first wear. Wear it as a pump cover over your sports bra or tank, with bike shorts for an easy gym outfit, or style it as an oversized graphic tee outside the gym. Details Back print onlyComfort Colors 1717, 100% ring-spun cotton, 6.1 oz heavyweightGarment-dyed for a soft, slightly vintage finishRelaxed unisex fit, US sizingPrinted to orderFit: relaxed. For the oversized look, size up 1–2 — see the size guide in the photos. Care: wash cold, inside out, with like colors. Tumble dry low.",https://aesthwear.com/products/progression-oversized-gym-tee?utm_source=pinterest&utm_medium=catalog&utm_campaign=pinterest-catalog&utm_content=progression-oversized-gym-tee,https://meakamst-stack.github.io/aesth-pinterest-feed/pins/progression-01/progression-01-tee-bay-gym-v1.jpg,36.00 USD,in stock,new,AESTH.,Apparel & Accessories > Clothing > Shirts & Tops,progression-oversized-gym-tee,"https://meakamst-stack.github.io/aesth-pinterest-feed/pins/progression-01/progression-01-tee-bay-straat-v1.jpg,https://meakamst-stack.github.io/aesth-pinterest-feed/pins/progression-01/progression-01-tee-bay-studio-v1.jpg,https://imgproxy.fourthwall.dev/fIS8c229f3vj4qVzn1ywGGJWGQmm7-PIFSLpPX81j-U/w:1920/sm:1/enc/2j9CMvXI-4lN5u4F/5Q31zqG7LPOH6Uid/zsH92qp55WEWnYv2/hXhZNy5kssf8Kzdc/-VQN6L10fU9FMp2V/eg_fnI8Bt6VtQaJ4/TXfCmD1VkVdeUGVC/KBB-5qfiFdRabDsz/QcIkwxX8yO4KPQ2p/DljFWsq4qYjUl8Wo/0PyeCIxx4bFvkKXy/FDsOSvifTVQSJG46/5yAqGk4nqlh0uNLK/7SAKSbofjMFTGmSv/altd_WL-sk4.webp,https://imgproxy.fourthwall.dev/D2Fq6naBBiqDvivxl-9WsHYd_esyD6_qMJxX-_QcArA/w:1920/sm:1/enc/Z0BVPLSWd3QAEEll/bc6hgkHt8qRXwT4c/XFt1xTxWesg2fiSv/RbuNVWpuZoenQPmO/JkHyNB47Wz2DsNW3/OGVOxmXaPx3g3GiZ/Xcw57_1gCWM9fF8O/IjFo63KrzlFyylpm/P78kfutNCtdGMOno/pK28pZ-JrW3SjU8r/UDb7hi75P1Ovb0Rq/9k7WFBLe9XZbgEI4/kxclRznm6Y9HaA8x/vu870VdLhop_5IQ4/SnAS6X3Ae4s.webp,https://imgproxy.fourthwall.dev/SOU7rITPIGF2a3vRXpBhknn6JsRbfqNYxEJaqytyj3c/w:1920/sm:1/enc/J66MsrUW_d2YWEAm/gWXRIXAJDGVl3eOK/YQR9ImklTQMHt3Dv/uBg3xONEFliNvAzR/UnDaqh5qGiwe-kkN/gyiLaBP4NsWe66BW/lAvWxnrSQYIe2Nbe/6UNjdTt7NHvdl8Fu/1GHRUhQVosF2D7J9/-gubRofNdpMXtwu1/ovGEU1mYxZJUWKhl/4t-ASgL7wgqm-r4j/WzS6u873b_3-jLF4/AYsIhzuvOoUd5TMl/wEkHxTqs53s.webp",Bay,2XL,unisex,adult,progression-oversized-gym-tee,Bay
1D6B-5YRM03X,"Progression Oversized Gym Tee | Pump Cover — Bay, 3XL","Do the work. Every single day. Bold Progression lettering with a script Do the Work underneath. A workout shirt for the slow, steady kind of progress — one more rep, one more week, one more plate. An oversized gym shirt with the print on the back and a clean front. Heavyweight, garment-dyed cotton that feels broken-in from the first wear. Wear it as a pump cover over your sports bra or tank, with bike shorts for an easy gym outfit, or style it as an oversized graphic tee outside the gym. Details Back print onlyComfort Colors 1717, 100% ring-spun cotton, 6.1 oz heavyweightGarment-dyed for a soft, slightly vintage finishRelaxed unisex fit, US sizingPrinted to orderFit: relaxed. For the oversized look, size up 1–2 — see the size guide in the photos. Care: wash cold, inside out, with like colors. Tumble dry low.",https://aesthwear.com/products/progression-oversized-gym-tee?utm_source=pinterest&utm_medium=catalog&utm_campaign=pinterest-catalog&utm_content=progression-oversized-gym-tee,https://meakamst-stack.github.io/aesth-pinterest-feed/pins/progression-01/progression-01-tee-bay-gym-v1.jpg,38.00 USD,in stock,new,AESTH.,Apparel & Accessories > Clothing > Shirts & Tops,progression-oversized-gym-tee,"https://meakamst-stack.github.io/aesth-pinterest-feed/pins/progression-01/progression-01-tee-bay-straat-v1.jpg,https://meakamst-stack.github.io/aesth-pinterest-feed/pins/progression-01/progression-01-tee-bay-studio-v1.jpg,https://imgproxy.fourthwall.dev/fIS8c229f3vj4qVzn1ywGGJWGQmm7-PIFSLpPX81j-U/w:1920/sm:1/enc/2j9CMvXI-4lN5u4F/5Q31zqG7LPOH6Uid/zsH92qp55WEWnYv2/hXhZNy5kssf8Kzdc/-VQN6L10fU9FMp2V/eg_fnI8Bt6VtQaJ4/TXfCmD1VkVdeUGVC/KBB-5qfiFdRabDsz/QcIkwxX8yO4KPQ2p/DljFWsq4qYjUl8Wo/0PyeCIxx4bFvkKXy/FDsOSvifTVQSJG46/5yAqGk4nqlh0uNLK/7SAKSbofjMFTGmSv/altd_WL-sk4.webp,https://imgproxy.fourthwall.dev/D2Fq6naBBiqDvivxl-9WsHYd_esyD6_qMJxX-_QcArA/w:1920/sm:1/enc/Z0BVPLSWd3QAEEll/bc6hgkHt8qRXwT4c/XFt1xTxWesg2fiSv/RbuNVWpuZoenQPmO/JkHyNB47Wz2DsNW3/OGVOxmXaPx3g3GiZ/Xcw57_1gCWM9fF8O/IjFo63KrzlFyylpm/P78kfutNCtdGMOno/pK28pZ-JrW3SjU8r/UDb7hi75P1Ovb0Rq/9k7WFBLe9XZbgEI4/kxclRznm6Y9HaA8x/vu870VdLhop_5IQ4/SnAS6X3Ae4s.webp,https://imgproxy.fourthwall.dev/SOU7rITPIGF2a3vRXpBhknn6JsRbfqNYxEJaqytyj3c/w:1920/sm:1/enc/J66MsrUW_d2YWEAm/gWXRIXAJDGVl3eOK/YQR9ImklTQMHt3Dv/uBg3xONEFliNvAzR/UnDaqh5qGiwe-kkN/gyiLaBP4NsWe66BW/lAvWxnrSQYIe2Nbe/6UNjdTt7NHvdl8Fu/1GHRUhQVosF2D7J9/-gubRofNdpMXtwu1/ovGEU1mYxZJUWKhl/4t-ASgL7wgqm-r4j/WzS6u873b_3-jLF4/AYsIhzuvOoUd5TMl/wEkHxTqs53s.webp",Bay,3XL,unisex,adult,progression-oversized-gym-tee,Bay
1D6B-M84M04X,"Progression Oversized Gym Tee | Pump Cover — Bay, 4XL","Do the work. Every single day. Bold Progression lettering with a script Do the Work underneath. A workout shirt for the slow, steady kind of progress — one more rep, one more week, one more plate. An oversized gym shirt with the print on the back and a clean front. Heavyweight, garment-dyed cotton that feels broken-in from the first wear. Wear it as a pump cover over your sports bra or tank, with bike shorts for an easy gym outfit, or style it as an oversized graphic tee outside the gym. Details Back print onlyComfort Colors 1717, 100% ring-spun cotton, 6.1 oz heavyweightGarment-dyed for a soft, slightly vintage finishRelaxed unisex fit, US sizingPrinted to orderFit: relaxed. For the oversized look, size up 1–2 — see the size guide in the photos. Care: wash cold, inside out, with like colors. Tumble dry low.",https://aesthwear.com/products/progression-oversized-gym-tee?utm_source=pinterest&utm_medium=catalog&utm_campaign=pinterest-catalog&utm_content=progression-oversized-gym-tee,https://meakamst-stack.github.io/aesth-pinterest-feed/pins/progression-01/progression-01-tee-bay-gym-v1.jpg,40.00 USD,in stock,new,AESTH.,Apparel & Accessories > Clothing > Shirts & Tops,progression-oversized-gym-tee,"https://meakamst-stack.github.io/aesth-pinterest-feed/pins/progression-01/progression-01-tee-bay-straat-v1.jpg,https://meakamst-stack.github.io/aesth-pinterest-feed/pins/progression-01/progression-01-tee-bay-studio-v1.jpg,https://imgproxy.fourthwall.dev/fIS8c229f3vj4qVzn1ywGGJWGQmm7-PIFSLpPX81j-U/w:1920/sm:1/enc/2j9CMvXI-4lN5u4F/5Q31zqG7LPOH6Uid/zsH92qp55WEWnYv2/hXhZNy5kssf8Kzdc/-VQN6L10fU9FMp2V/eg_fnI8Bt6VtQaJ4/TXfCmD1VkVdeUGVC/KBB-5qfiFdRabDsz/QcIkwxX8yO4KPQ2p/DljFWsq4qYjUl8Wo/0PyeCIxx4bFvkKXy/FDsOSvifTVQSJG46/5yAqGk4nqlh0uNLK/7SAKSbofjMFTGmSv/altd_WL-sk4.webp,https://imgproxy.fourthwall.dev/D2Fq6naBBiqDvivxl-9WsHYd_esyD6_qMJxX-_QcArA/w:1920/sm:1/enc/Z0BVPLSWd3QAEEll/bc6hgkHt8qRXwT4c/XFt1xTxWesg2fiSv/RbuNVWpuZoenQPmO/JkHyNB47Wz2DsNW3/OGVOxmXaPx3g3GiZ/Xcw57_1gCWM9fF8O/IjFo63KrzlFyylpm/P78kfutNCtdGMOno/pK28pZ-JrW3SjU8r/UDb7hi75P1Ovb0Rq/9k7WFBLe9XZbgEI4/kxclRznm6Y9HaA8x/vu870VdLhop_5IQ4/SnAS6X3Ae4s.webp,https://imgproxy.fourthwall.dev/SOU7rITPIGF2a3vRXpBhknn6JsRbfqNYxEJaqytyj3c/w:1920/sm:1/enc/J66MsrUW_d2YWEAm/gWXRIXAJDGVl3eOK/YQR9ImklTQMHt3Dv/uBg3xONEFliNvAzR/UnDaqh5qGiwe-kkN/gyiLaBP4NsWe66BW/lAvWxnrSQYIe2Nbe/6UNjdTt7NHvdl8Fu/1GHRUhQVosF2D7J9/-gubRofNdpMXtwu1/ovGEU1mYxZJUWKhl/4t-ASgL7wgqm-r4j/WzS6u873b_3-jLF4/AYsIhzuvOoUd5TMl/wEkHxTqs53s.webp",Bay,4XL,unisex,adult,progression-oversized-gym-tee,Bay
1D6B-Y8WP00S,"Progression Oversized Gym Tee | Pump Cover — Ivory, S","Do the work. Every single day. Bold Progression lettering with a script Do the Work underneath. A workout shirt for the slow, steady kind of progress — one more rep, one more week, one more plate. An oversized gym shirt with the print on the back and a clean front. Heavyweight, garment-dyed cotton that feels broken-in from the first wear. Wear it as a pump cover over your sports bra or tank, with bike shorts for an easy gym outfit, or style it as an oversized graphic tee outside the gym. Details Back print onlyComfort Colors 1717, 100% ring-spun cotton, 6.1 oz heavyweightGarment-dyed for a soft, slightly vintage finishRelaxed unisex fit, US sizingPrinted to orderFit: relaxed. For the oversized look, size up 1–2 — see the size guide in the photos. Care: wash cold, inside out, with like colors. Tumble dry low.",https://aesthwear.com/products/progression-oversized-gym-tee?utm_source=pinterest&utm_medium=catalog&utm_campaign=pinterest-catalog&utm_content=progression-oversized-gym-tee,https://meakamst-stack.github.io/aesth-pinterest-feed/pins/progression-01/progression-01-tee-ivory-gym-v1.jpg,34.00 USD,in stock,new,AESTH.,Apparel & Accessories > Clothing > Shirts & Tops,progression-oversized-gym-tee,"https://meakamst-stack.github.io/aesth-pinterest-feed/pins/progression-01/progression-01-tee-ivory-straat-v1.jpg,https://meakamst-stack.github.io/aesth-pinterest-feed/pins/progression-01/progression-01-tee-ivory-studio-v1.jpg,https://imgproxy.fourthwall.dev/L_A_KSnDOGxcR_B-unCQGsga3l4sCjf3Dk2gU0Z6D60/w:1920/sm:1/enc/9TPDuFAPMlOxcvRW/1XW5bqZAfx2jZHLl/EutmouJzuxetQhv1/KWQujP31nkz4p8Mq/VTKWXStGIJH69Iia/8hBDu-302B4X08mB/aI4hySTs3XLl3yRI/I5tpmaEpkR8sk1I4/5tJMgDzouqbtg6Xv/HNomZeITG8Y6wgqS/JhrrUs-2BtpiBY3u/R-Qm0KmnjXxX9r3V/RNO0JFhFclXq68E8/_CBB8-RU2FAx0Srj/o10aETEO9R4.webp,https://imgproxy.fourthwall.dev/ZyOtbDUICjGKyfWXJDvX6ZIR54N6sOHT4IQEros6y_k/w:1920/sm:1/enc/kj5YWFwZ2VMmpTSb/6PijrWgtq7p8qbky/M-sJ-tjPns2Ksrgo/Aj2xrTO1XALj8BK9/55DBuKEvqhlNbeJn/liEA9NCyLHAPKZ-q/VFC7NXJT8xcajQNb/rt37sfl-NLjAUBmD/GL8MQ2Qlhh9TfSpg/aCFZEDOIk47R6QBc/ZQzeGNbYgmFilIx_/PrfGcXgXKHjjkzoi/jHMPMco7DRxKygM4/lcS5tCOv1rNPFA-m/rORn5smTpkA.webp,https://imgproxy.fourthwall.dev/MsaVlNsKu82Ir80Aqt4h5EuigQSWySBrCxUd8yrCimc/w:1920/sm:1/enc/IEE-w-3BRmUtdX9c/P_eQCeWcrvb9HRKE/x6FeiHFBj8oKSEPS/gzQSWP3QggMY1pEm/BDY7yCXPZP92Wglr/F2XELVL6Zedb43dT/4EQxSDhitoL2LBNx/IBH5U4DAxRess2Cu/qvV89n8RbNI3m1dW/WHRL2mlDtgtx6S4b/XNmFGxQYuEfBQ35C/M4-5kRY0-Gh5vdYf/sGIRLyPny7mP5xRo/Yg3nPLK8Pwm2J65b/GEPXaPySvfE.webp",Ivory,S,unisex,adult,progression-oversized-gym-tee,Ivory
1D6B-8ZSP00M,"Progression Oversized Gym Tee | Pump Cover — Ivory, M","Do the work. Every single day. Bold Progression lettering with a script Do the Work underneath. A workout shirt for the slow, steady kind of progress — one more rep, one more week, one more plate. An oversized gym shirt with the print on the back and a clean front. Heavyweight, garment-dyed cotton that feels broken-in from the first wear. Wear it as a pump cover over your sports bra or tank, with bike shorts for an easy gym outfit, or style it as an oversized graphic tee outside the gym. Details Back print onlyComfort Colors 1717, 100% ring-spun cotton, 6.1 oz heavyweightGarment-dyed for a soft, slightly vintage finishRelaxed unisex fit, US sizingPrinted to orderFit: relaxed. For the oversized look, size up 1–2 — see the size guide in the photos. Care: wash cold, inside out, with like colors. Tumble dry low.",https://aesthwear.com/products/progression-oversized-gym-tee?utm_source=pinterest&utm_medium=catalog&utm_campaign=pinterest-catalog&utm_content=progression-oversized-gym-tee,https://meakamst-stack.github.io/aesth-pinterest-feed/pins/progression-01/progression-01-tee-ivory-gym-v1.jpg,34.00 USD,in stock,new,AESTH.,Apparel & Accessories > Clothing > Shirts & Tops,progression-oversized-gym-tee,"https://meakamst-stack.github.io/aesth-pinterest-feed/pins/progression-01/progression-01-tee-ivory-straat-v1.jpg,https://meakamst-stack.github.io/aesth-pinterest-feed/pins/progression-01/progression-01-tee-ivory-studio-v1.jpg,https://imgproxy.fourthwall.dev/L_A_KSnDOGxcR_B-unCQGsga3l4sCjf3Dk2gU0Z6D60/w:1920/sm:1/enc/9TPDuFAPMlOxcvRW/1XW5bqZAfx2jZHLl/EutmouJzuxetQhv1/KWQujP31nkz4p8Mq/VTKWXStGIJH69Iia/8hBDu-302B4X08mB/aI4hySTs3XLl3yRI/I5tpmaEpkR8sk1I4/5tJMgDzouqbtg6Xv/HNomZeITG8Y6wgqS/JhrrUs-2BtpiBY3u/R-Qm0KmnjXxX9r3V/RNO0JFhFclXq68E8/_CBB8-RU2FAx0Srj/o10aETEO9R4.webp,https://imgproxy.fourthwall.dev/ZyOtbDUICjGKyfWXJDvX6ZIR54N6sOHT4IQEros6y_k/w:1920/sm:1/enc/kj5YWFwZ2VMmpTSb/6PijrWgtq7p8qbky/M-sJ-tjPns2Ksrgo/Aj2xrTO1XALj8BK9/55DBuKEvqhlNbeJn/liEA9NCyLHAPKZ-q/VFC7NXJT8xcajQNb/rt37sfl-NLjAUBmD/GL8MQ2Qlhh9TfSpg/aCFZEDOIk47R6QBc/ZQzeGNbYgmFilIx_/PrfGcXgXKHjjkzoi/jHMPMco7DRxKygM4/lcS5tCOv1rNPFA-m/rORn5smTpkA.webp,https://imgproxy.fourthwall.dev/MsaVlNsKu82Ir80Aqt4h5EuigQSWySBrCxUd8yrCimc/w:1920/sm:1/enc/IEE-w-3BRmUtdX9c/P_eQCeWcrvb9HRKE/x6FeiHFBj8oKSEPS/gzQSWP3QggMY1pEm/BDY7yCXPZP92Wglr/F2XELVL6Zedb43dT/4EQxSDhitoL2LBNx/IBH5U4DAxRess2Cu/qvV89n8RbNI3m1dW/WHRL2mlDtgtx6S4b/XNmFGxQYuEfBQ35C/M4-5kRY0-Gh5vdYf/sGIRLyPny7mP5xRo/Yg3nPLK8Pwm2J65b/GEPXaPySvfE.webp",Ivory,M,unisex,adult,progression-oversized-gym-tee,Ivory
1D6B-9MGP00L,"Progression Oversized Gym Tee | Pump Cover — Ivory, L","Do the work. Every single day. Bold Progression lettering with a script Do the Work underneath. A workout shirt for the slow, steady kind of progress — one more rep, one more week, one more plate. An oversized gym shirt with the print on the back and a clean front. Heavyweight, garment-dyed cotton that feels broken-in from the first wear. Wear it as a pump cover over your sports bra or tank, with bike shorts for an easy gym outfit, or style it as an oversized graphic tee outside the gym. Details Back print onlyComfort Colors 1717, 100% ring-spun cotton, 6.1 oz heavyweightGarment-dyed for a soft, slightly vintage finishRelaxed unisex fit, US sizingPrinted to orderFit: relaxed. For the oversized look, size up 1–2 — see the size guide in the photos. Care: wash cold, inside out, with like colors. Tumble dry low.",https://aesthwear.com/products/progression-oversized-gym-tee?utm_source=pinterest&utm_medium=catalog&utm_campaign=pinterest-catalog&utm_content=progression-oversized-gym-tee,https://meakamst-stack.github.io/aesth-pinterest-feed/pins/progression-01/progression-01-tee-ivory-gym-v1.jpg,34.00 USD,in stock,new,AESTH.,Apparel & Accessories > Clothing > Shirts & Tops,progression-oversized-gym-tee,"https://meakamst-stack.github.io/aesth-pinterest-feed/pins/progression-01/progression-01-tee-ivory-straat-v1.jpg,https://meakamst-stack.github.io/aesth-pinterest-feed/pins/progression-01/progression-01-tee-ivory-studio-v1.jpg,https://imgproxy.fourthwall.dev/L_A_KSnDOGxcR_B-unCQGsga3l4sCjf3Dk2gU0Z6D60/w:1920/sm:1/enc/9TPDuFAPMlOxcvRW/1XW5bqZAfx2jZHLl/EutmouJzuxetQhv1/KWQujP31nkz4p8Mq/VTKWXStGIJH69Iia/8hBDu-302B4X08mB/aI4hySTs3XLl3yRI/I5tpmaEpkR8sk1I4/5tJMgDzouqbtg6Xv/HNomZeITG8Y6wgqS/JhrrUs-2BtpiBY3u/R-Qm0KmnjXxX9r3V/RNO0JFhFclXq68E8/_CBB8-RU2FAx0Srj/o10aETEO9R4.webp,https://imgproxy.fourthwall.dev/ZyOtbDUICjGKyfWXJDvX6ZIR54N6sOHT4IQEros6y_k/w:1920/sm:1/enc/kj5YWFwZ2VMmpTSb/6PijrWgtq7p8qbky/M-sJ-tjPns2Ksrgo/Aj2xrTO1XALj8BK9/55DBuKEvqhlNbeJn/liEA9NCyLHAPKZ-q/VFC7NXJT8xcajQNb/rt37sfl-NLjAUBmD/GL8MQ2Qlhh9TfSpg/aCFZEDOIk47R6QBc/ZQzeGNbYgmFilIx_/PrfGcXgXKHjjkzoi/jHMPMco7DRxKygM4/lcS5tCOv1rNPFA-m/rORn5smTpkA.webp,https://imgproxy.fourthwall.dev/MsaVlNsKu82Ir80Aqt4h5EuigQSWySBrCxUd8yrCimc/w:1920/sm:1/enc/IEE-w-3BRmUtdX9c/P_eQCeWcrvb9HRKE/x6FeiHFBj8oKSEPS/gzQSWP3QggMY1pEm/BDY7yCXPZP92Wglr/F2XELVL6Zedb43dT/4EQxSDhitoL2LBNx/IBH5U4DAxRess2Cu/qvV89n8RbNI3m1dW/WHRL2mlDtgtx6S4b/XNmFGxQYuEfBQ35C/M4-5kRY0-Gh5vdYf/sGIRLyPny7mP5xRo/Yg3nPLK8Pwm2J65b/GEPXaPySvfE.webp",Ivory,L,unisex,adult,progression-oversized-gym-tee,Ivory
1D6B-882P0XL,"Progression Oversized Gym Tee | Pump Cover — Ivory, XL","Do the work. Every single day. Bold Progression lettering with a script Do the Work underneath. A workout shirt for the slow, steady kind of progress — one more rep, one more week, one more plate. An oversized gym shirt with the print on the back and a clean front. Heavyweight, garment-dyed cotton that feels broken-in from the first wear. Wear it as a pump cover over your sports bra or tank, with bike shorts for an easy gym outfit, or style it as an oversized graphic tee outside the gym. Details Back print onlyComfort Colors 1717, 100% ring-spun cotton, 6.1 oz heavyweightGarment-dyed for a soft, slightly vintage finishRelaxed unisex fit, US sizingPrinted to orderFit: relaxed. For the oversized look, size up 1–2 — see the size guide in the photos. Care: wash cold, inside out, with like colors. Tumble dry low.",https://aesthwear.com/products/progression-oversized-gym-tee?utm_source=pinterest&utm_medium=catalog&utm_campaign=pinterest-catalog&utm_content=progression-oversized-gym-tee,https://meakamst-stack.github.io/aesth-pinterest-feed/pins/progression-01/progression-01-tee-ivory-gym-v1.jpg,34.00 USD,in stock,new,AESTH.,Apparel & Accessories > Clothing > Shirts & Tops,progression-oversized-gym-tee,"https://meakamst-stack.github.io/aesth-pinterest-feed/pins/progression-01/progression-01-tee-ivory-straat-v1.jpg,https://meakamst-stack.github.io/aesth-pinterest-feed/pins/progression-01/progression-01-tee-ivory-studio-v1.jpg,https://imgproxy.fourthwall.dev/L_A_KSnDOGxcR_B-unCQGsga3l4sCjf3Dk2gU0Z6D60/w:1920/sm:1/enc/9TPDuFAPMlOxcvRW/1XW5bqZAfx2jZHLl/EutmouJzuxetQhv1/KWQujP31nkz4p8Mq/VTKWXStGIJH69Iia/8hBDu-302B4X08mB/aI4hySTs3XLl3yRI/I5tpmaEpkR8sk1I4/5tJMgDzouqbtg6Xv/HNomZeITG8Y6wgqS/JhrrUs-2BtpiBY3u/R-Qm0KmnjXxX9r3V/RNO0JFhFclXq68E8/_CBB8-RU2FAx0Srj/o10aETEO9R4.webp,https://imgproxy.fourthwall.dev/ZyOtbDUICjGKyfWXJDvX6ZIR54N6sOHT4IQEros6y_k/w:1920/sm:1/enc/kj5YWFwZ2VMmpTSb/6PijrWgtq7p8qbky/M-sJ-tjPns2Ksrgo/Aj2xrTO1XALj8BK9/55DBuKEvqhlNbeJn/liEA9NCyLHAPKZ-q/VFC7NXJT8xcajQNb/rt37sfl-NLjAUBmD/GL8MQ2Qlhh9TfSpg/aCFZEDOIk47R6QBc/ZQzeGNbYgmFilIx_/PrfGcXgXKHjjkzoi/jHMPMco7DRxKygM4/lcS5tCOv1rNPFA-m/rORn5smTpkA.webp,https://imgproxy.fourthwall.dev/MsaVlNsKu82Ir80Aqt4h5EuigQSWySBrCxUd8yrCimc/w:1920/sm:1/enc/IEE-w-3BRmUtdX9c/P_eQCeWcrvb9HRKE/x6FeiHFBj8oKSEPS/gzQSWP3QggMY1pEm/BDY7yCXPZP92Wglr/F2XELVL6Zedb43dT/4EQxSDhitoL2LBNx/IBH5U4DAxRess2Cu/qvV89n8RbNI3m1dW/WHRL2mlDtgtx6S4b/XNmFGxQYuEfBQ35C/M4-5kRY0-Gh5vdYf/sGIRLyPny7mP5xRo/Yg3nPLK8Pwm2J65b/GEPXaPySvfE.webp",Ivory,XL,unisex,adult,progression-oversized-gym-tee,Ivory
1D6B-SAZP02X,"Progression Oversized Gym Tee | Pump Cover — Ivory, 2XL","Do the work. Every single day. Bold Progression lettering with a script Do the Work underneath. A workout shirt for the slow, steady kind of progress — one more rep, one more week, one more plate. An oversized gym shirt with the print on the back and a clean front. Heavyweight, garment-dyed cotton that feels broken-in from the first wear. Wear it as a pump cover over your sports bra or tank, with bike shorts for an easy gym outfit, or style it as an oversized graphic tee outside the gym. Details Back print onlyComfort Colors 1717, 100% ring-spun cotton, 6.1 oz heavyweightGarment-dyed for a soft, slightly vintage finishRelaxed unisex fit, US sizingPrinted to orderFit: relaxed. For the oversized look, size up 1–2 — see the size guide in the photos. Care: wash cold, inside out, with like colors. Tumble dry low.",https://aesthwear.com/products/progression-oversized-gym-tee?utm_source=pinterest&utm_medium=catalog&utm_campaign=pinterest-catalog&utm_content=progression-oversized-gym-tee,https://meakamst-stack.github.io/aesth-pinterest-feed/pins/progression-01/progression-01-tee-ivory-gym-v1.jpg,36.00 USD,in stock,new,AESTH.,Apparel & Accessories > Clothing > Shirts & Tops,progression-oversized-gym-tee,"https://meakamst-stack.github.io/aesth-pinterest-feed/pins/progression-01/progression-01-tee-ivory-straat-v1.jpg,https://meakamst-stack.github.io/aesth-pinterest-feed/pins/progression-01/progression-01-tee-ivory-studio-v1.jpg,https://imgproxy.fourthwall.dev/L_A_KSnDOGxcR_B-unCQGsga3l4sCjf3Dk2gU0Z6D60/w:1920/sm:1/enc/9TPDuFAPMlOxcvRW/1XW5bqZAfx2jZHLl/EutmouJzuxetQhv1/KWQujP31nkz4p8Mq/VTKWXStGIJH69Iia/8hBDu-302B4X08mB/aI4hySTs3XLl3yRI/I5tpmaEpkR8sk1I4/5tJMgDzouqbtg6Xv/HNomZeITG8Y6wgqS/JhrrUs-2BtpiBY3u/R-Qm0KmnjXxX9r3V/RNO0JFhFclXq68E8/_CBB8-RU2FAx0Srj/o10aETEO9R4.webp,https://imgproxy.fourthwall.dev/ZyOtbDUICjGKyfWXJDvX6ZIR54N6sOHT4IQEros6y_k/w:1920/sm:1/enc/kj5YWFwZ2VMmpTSb/6PijrWgtq7p8qbky/M-sJ-tjPns2Ksrgo/Aj2xrTO1XALj8BK9/55DBuKEvqhlNbeJn/liEA9NCyLHAPKZ-q/VFC7NXJT8xcajQNb/rt37sfl-NLjAUBmD/GL8MQ2Qlhh9TfSpg/aCFZEDOIk47R6QBc/ZQzeGNbYgmFilIx_/PrfGcXgXKHjjkzoi/jHMPMco7DRxKygM4/lcS5tCOv1rNPFA-m/rORn5smTpkA.webp,https://imgproxy.fourthwall.dev/MsaVlNsKu82Ir80Aqt4h5EuigQSWySBrCxUd8yrCimc/w:1920/sm:1/enc/IEE-w-3BRmUtdX9c/P_eQCeWcrvb9HRKE/x6FeiHFBj8oKSEPS/gzQSWP3QggMY1pEm/BDY7yCXPZP92Wglr/F2XELVL6Zedb43dT/4EQxSDhitoL2LBNx/IBH5U4DAxRess2Cu/qvV89n8RbNI3m1dW/WHRL2mlDtgtx6S4b/XNmFGxQYuEfBQ35C/M4-5kRY0-Gh5vdYf/sGIRLyPny7mP5xRo/Yg3nPLK8Pwm2J65b/GEPXaPySvfE.webp",Ivory,2XL,unisex,adult,progression-oversized-gym-tee,Ivory
1D6B-0JMP03X,"Progression Oversized Gym Tee | Pump Cover — Ivory, 3XL","Do the work. Every single day. Bold Progression lettering with a script Do the Work underneath. A workout shirt for the slow, steady kind of progress — one more rep, one more week, one more plate. An oversized gym shirt with the print on the back and a clean front. Heavyweight, garment-dyed cotton that feels broken-in from the first wear. Wear it as a pump cover over your sports bra or tank, with bike shorts for an easy gym outfit, or style it as an oversized graphic tee outside the gym. Details Back print onlyComfort Colors 1717, 100% ring-spun cotton, 6.1 oz heavyweightGarment-dyed for a soft, slightly vintage finishRelaxed unisex fit, US sizingPrinted to orderFit: relaxed. For the oversized look, size up 1–2 — see the size guide in the photos. Care: wash cold, inside out, with like colors. Tumble dry low.",https://aesthwear.com/products/progression-oversized-gym-tee?utm_source=pinterest&utm_medium=catalog&utm_campaign=pinterest-catalog&utm_content=progression-oversized-gym-tee,https://meakamst-stack.github.io/aesth-pinterest-feed/pins/progression-01/progression-01-tee-ivory-gym-v1.jpg,38.00 USD,in stock,new,AESTH.,Apparel & Accessories > Clothing > Shirts & Tops,progression-oversized-gym-tee,"https://meakamst-stack.github.io/aesth-pinterest-feed/pins/progression-01/progression-01-tee-ivory-straat-v1.jpg,https://meakamst-stack.github.io/aesth-pinterest-feed/pins/progression-01/progression-01-tee-ivory-studio-v1.jpg,https://imgproxy.fourthwall.dev/L_A_KSnDOGxcR_B-unCQGsga3l4sCjf3Dk2gU0Z6D60/w:1920/sm:1/enc/9TPDuFAPMlOxcvRW/1XW5bqZAfx2jZHLl/EutmouJzuxetQhv1/KWQujP31nkz4p8Mq/VTKWXStGIJH69Iia/8hBDu-302B4X08mB/aI4hySTs3XLl3yRI/I5tpmaEpkR8sk1I4/5tJMgDzouqbtg6Xv/HNomZeITG8Y6wgqS/JhrrUs-2BtpiBY3u/R-Qm0KmnjXxX9r3V/RNO0JFhFclXq68E8/_CBB8-RU2FAx0Srj/o10aETEO9R4.webp,https://imgproxy.fourthwall.dev/ZyOtbDUICjGKyfWXJDvX6ZIR54N6sOHT4IQEros6y_k/w:1920/sm:1/enc/kj5YWFwZ2VMmpTSb/6PijrWgtq7p8qbky/M-sJ-tjPns2Ksrgo/Aj2xrTO1XALj8BK9/55DBuKEvqhlNbeJn/liEA9NCyLHAPKZ-q/VFC7NXJT8xcajQNb/rt37sfl-NLjAUBmD/GL8MQ2Qlhh9TfSpg/aCFZEDOIk47R6QBc/ZQzeGNbYgmFilIx_/PrfGcXgXKHjjkzoi/jHMPMco7DRxKygM4/lcS5tCOv1rNPFA-m/rORn5smTpkA.webp,https://imgproxy.fourthwall.dev/MsaVlNsKu82Ir80Aqt4h5EuigQSWySBrCxUd8yrCimc/w:1920/sm:1/enc/IEE-w-3BRmUtdX9c/P_eQCeWcrvb9HRKE/x6FeiHFBj8oKSEPS/gzQSWP3QggMY1pEm/BDY7yCXPZP92Wglr/F2XELVL6Zedb43dT/4EQxSDhitoL2LBNx/IBH5U4DAxRess2Cu/qvV89n8RbNI3m1dW/WHRL2mlDtgtx6S4b/XNmFGxQYuEfBQ35C/M4-5kRY0-Gh5vdYf/sGIRLyPny7mP5xRo/Yg3nPLK8Pwm2J65b/GEPXaPySvfE.webp",Ivory,3XL,unisex,adult,progression-oversized-gym-tee,Ivory
1D6B-4GRP04X,"Progression Oversized Gym Tee | Pump Cover — Ivory, 4XL","Do the work. Every single day. Bold Progression lettering with a script Do the Work underneath. A workout shirt for the slow, steady kind of progress — one more rep, one more week, one more plate. An oversized gym shirt with the print on the back and a clean front. Heavyweight, garment-dyed cotton that feels broken-in from the first wear. Wear it as a pump cover over your sports bra or tank, with bike shorts for an easy gym outfit, or style it as an oversized graphic tee outside the gym. Details Back print onlyComfort Colors 1717, 100% ring-spun cotton, 6.1 oz heavyweightGarment-dyed for a soft, slightly vintage finishRelaxed unisex fit, US sizingPrinted to orderFit: relaxed. For the oversized look, size up 1–2 — see the size guide in the photos. Care: wash cold, inside out, with like colors. Tumble dry low.",https://aesthwear.com/products/progression-oversized-gym-tee?utm_source=pinterest&utm_medium=catalog&utm_campaign=pinterest-catalog&utm_content=progression-oversized-gym-tee,https://meakamst-stack.github.io/aesth-pinterest-feed/pins/progression-01/progression-01-tee-ivory-gym-v1.jpg,40.00 USD,in stock,new,AESTH.,Apparel & Accessories > Clothing > Shirts & Tops,progression-oversized-gym-tee,"https://meakamst-stack.github.io/aesth-pinterest-feed/pins/progression-01/progression-01-tee-ivory-straat-v1.jpg,https://meakamst-stack.github.io/aesth-pinterest-feed/pins/progression-01/progression-01-tee-ivory-studio-v1.jpg,https://imgproxy.fourthwall.dev/L_A_KSnDOGxcR_B-unCQGsga3l4sCjf3Dk2gU0Z6D60/w:1920/sm:1/enc/9TPDuFAPMlOxcvRW/1XW5bqZAfx2jZHLl/EutmouJzuxetQhv1/KWQujP31nkz4p8Mq/VTKWXStGIJH69Iia/8hBDu-302B4X08mB/aI4hySTs3XLl3yRI/I5tpmaEpkR8sk1I4/5tJMgDzouqbtg6Xv/HNomZeITG8Y6wgqS/JhrrUs-2BtpiBY3u/R-Qm0KmnjXxX9r3V/RNO0JFhFclXq68E8/_CBB8-RU2FAx0Srj/o10aETEO9R4.webp,https://imgproxy.fourthwall.dev/ZyOtbDUICjGKyfWXJDvX6ZIR54N6sOHT4IQEros6y_k/w:1920/sm:1/enc/kj5YWFwZ2VMmpTSb/6PijrWgtq7p8qbky/M-sJ-tjPns2Ksrgo/Aj2xrTO1XALj8BK9/55DBuKEvqhlNbeJn/liEA9NCyLHAPKZ-q/VFC7NXJT8xcajQNb/rt37sfl-NLjAUBmD/GL8MQ2Qlhh9TfSpg/aCFZEDOIk47R6QBc/ZQzeGNbYgmFilIx_/PrfGcXgXKHjjkzoi/jHMPMco7DRxKygM4/lcS5tCOv1rNPFA-m/rORn5smTpkA.webp,https://imgproxy.fourthwall.dev/MsaVlNsKu82Ir80Aqt4h5EuigQSWySBrCxUd8yrCimc/w:1920/sm:1/enc/IEE-w-3BRmUtdX9c/P_eQCeWcrvb9HRKE/x6FeiHFBj8oKSEPS/gzQSWP3QggMY1pEm/BDY7yCXPZP92Wglr/F2XELVL6Zedb43dT/4EQxSDhitoL2LBNx/IBH5U4DAxRess2Cu/qvV89n8RbNI3m1dW/WHRL2mlDtgtx6S4b/XNmFGxQYuEfBQ35C/M4-5kRY0-Gh5vdYf/sGIRLyPny7mP5xRo/Yg3nPLK8Pwm2J65b/GEPXaPySvfE.webp",Ivory,4XL,unisex,adult,progression-oversized-gym-tee,Ivory
1GBM-6SY200S,"Physique Club Oversized Gym Tee | Pump Cover — Black, S","Discipline. Dedication. A classic script Aesthetics over Physique Club, with a small kettlebell emblem — old-school bodybuilding, cleanly done. An aesthetic gym shirt for building your physique one session at a time. An oversized gym shirt with the print on the back and a clean front. Heavyweight, garment-dyed cotton that feels broken-in from the first wear. Wear it as a pump cover over your sports bra or tank, with bike shorts for an easy gym outfit, or style it as an oversized graphic tee outside the gym. Details Back print onlyComfort Colors 1717, 100% ring-spun cotton, 6.1 oz heavyweightGarment-dyed for a soft, slightly vintage finishRelaxed unisex fit, US sizingPrinted to orderFit: relaxed. For the oversized look, size up 1–2 — see the size guide in the photos. Care: wash cold, inside out, with like colors. Tumble dry low.",https://aesthwear.com/products/physique-club-oversized-gym-tee?utm_source=pinterest&utm_medium=catalog&utm_campaign=pinterest-catalog&utm_content=physique-club-oversized-gym-tee,https://meakamst-stack.github.io/aesth-pinterest-feed/pins/physique-club-01/physique-club-01-tee-black-gym-v1.jpg,34.00 USD,in stock,new,AESTH.,Apparel & Accessories > Clothing > Shirts & Tops,physique-club-oversized-gym-tee,"https://meakamst-stack.github.io/aesth-pinterest-feed/pins/physique-club-01/physique-club-01-tee-black-straat-v1.jpg,https://meakamst-stack.github.io/aesth-pinterest-feed/pins/physique-club-01/physique-club-01-tee-black-studio-v1.jpg,https://imgproxy.fourthwall.dev/XQhRkuNWjxuBD_omYuE3qCLMKiKB1idvAup_1nU8Wrs/w:1920/sm:1/enc/VrMm_74ySbI8_Nt0/p_GB02NzKzJKxS-2/14rgqUmhrUuRj857/xNwl8dlBEDEFL8s6/yqtlJNKIrAJiO3tB/ahj8TWj7-c-vqb9q/FRyxwTs715JDx4ck/vRtKQ4rMaA0Xu3DP/XTBEVdJZvtDRzQNr/X_PmxvToQ56Vx-PP/XStBXEgAZvfYYN-Z/qCE2nAteynueiff1/mDUTJ2h79fwBEdAb/0xO7bs8XOm3WlqtH/iJvWOhsdauM.webp,https://imgproxy.fourthwall.dev/ylN4XAqHML05TD-ngIOYNEeLp_DGEkWmXsi-io5YrGg/w:1920/sm:1/enc/0q22_HkBjyKaaJwE/TLiK1f4IjK3dtuVc/onjMSuGRUam_NUvh/n0hgmS0a864Cdwae/XpO6KsjGrV2NaLKo/XLNXGDoQ5TM135vv/hANxclc3OzYerOXB/J6H6N8_G4kEEFvIb/3z6uNc2iQ-m1I8zs/op832Kb0NBxKp7Yu/a4V1zNyknqSYTQAt/Rv5HzIS865MyFa84/lRBcmjajqAub8CZ1/J3l7rTtbHhxl0vQj/XqiQXGzd6YY.webp,https://imgproxy.fourthwall.dev/Y_txXIbwG3V76A3Fb0Y5Y4nzPJJ19tPdZbatx6t9eJU/w:1920/sm:1/enc/5qp-vguzQDG7qpFk/0d9RAhQT4qUryhd7/LwcSw1fShrUKzlWL/hcHLlCmliyGmhot9/2JzgTdJqKaho9qJ_/Zk2rdmENvgq4Di8-/XpvCb5my09ST0eGK/FPdPgDO-NmJYBwgP/NKdyFxmQfacpZp00/JHR6D9gadDqdybOo/B_xaTKRRHkd4DWYv/JZApYJ6xAIiKalTP/k35zw7qpLwPAbR4F/M1C7a-Uiyu2PMi9T/GaeYW1V49bs.webp",Black,S,unisex,adult,physique-club-oversized-gym-tee,Black
1GBM-24U200M,"Physique Club Oversized Gym Tee | Pump Cover — Black, M","Discipline. Dedication. A classic script Aesthetics over Physique Club, with a small kettlebell emblem — old-school bodybuilding, cleanly done. An aesthetic gym shirt for building your physique one session at a time. An oversized gym shirt with the print on the back and a clean front. Heavyweight, garment-dyed cotton that feels broken-in from the first wear. Wear it as a pump cover over your sports bra or tank, with bike shorts for an easy gym outfit, or style it as an oversized graphic tee outside the gym. Details Back print onlyComfort Colors 1717, 100% ring-spun cotton, 6.1 oz heavyweightGarment-dyed for a soft, slightly vintage finishRelaxed unisex fit, US sizingPrinted to orderFit: relaxed. For the oversized look, size up 1–2 — see the size guide in the photos. Care: wash cold, inside out, with like colors. Tumble dry low.",https://aesthwear.com/products/physique-club-oversized-gym-tee?utm_source=pinterest&utm_medium=catalog&utm_campaign=pinterest-catalog&utm_content=physique-club-oversized-gym-tee,https://meakamst-stack.github.io/aesth-pinterest-feed/pins/physique-club-01/physique-club-01-tee-black-gym-v1.jpg,34.00 USD,in stock,new,AESTH.,Apparel & Accessories > Clothing > Shirts & Tops,physique-club-oversized-gym-tee,"https://meakamst-stack.github.io/aesth-pinterest-feed/pins/physique-club-01/physique-club-01-tee-black-straat-v1.jpg,https://meakamst-stack.github.io/aesth-pinterest-feed/pins/physique-club-01/physique-club-01-tee-black-studio-v1.jpg,https://imgproxy.fourthwall.dev/XQhRkuNWjxuBD_omYuE3qCLMKiKB1idvAup_1nU8Wrs/w:1920/sm:1/enc/VrMm_74ySbI8_Nt0/p_GB02NzKzJKxS-2/14rgqUmhrUuRj857/xNwl8dlBEDEFL8s6/yqtlJNKIrAJiO3tB/ahj8TWj7-c-vqb9q/FRyxwTs715JDx4ck/vRtKQ4rMaA0Xu3DP/XTBEVdJZvtDRzQNr/X_PmxvToQ56Vx-PP/XStBXEgAZvfYYN-Z/qCE2nAteynueiff1/mDUTJ2h79fwBEdAb/0xO7bs8XOm3WlqtH/iJvWOhsdauM.webp,https://imgproxy.fourthwall.dev/ylN4XAqHML05TD-ngIOYNEeLp_DGEkWmXsi-io5YrGg/w:1920/sm:1/enc/0q22_HkBjyKaaJwE/TLiK1f4IjK3dtuVc/onjMSuGRUam_NUvh/n0hgmS0a864Cdwae/XpO6KsjGrV2NaLKo/XLNXGDoQ5TM135vv/hANxclc3OzYerOXB/J6H6N8_G4kEEFvIb/3z6uNc2iQ-m1I8zs/op832Kb0NBxKp7Yu/a4V1zNyknqSYTQAt/Rv5HzIS865MyFa84/lRBcmjajqAub8CZ1/J3l7rTtbHhxl0vQj/XqiQXGzd6YY.webp,https://imgproxy.fourthwall.dev/Y_txXIbwG3V76A3Fb0Y5Y4nzPJJ19tPdZbatx6t9eJU/w:1920/sm:1/enc/5qp-vguzQDG7qpFk/0d9RAhQT4qUryhd7/LwcSw1fShrUKzlWL/hcHLlCmliyGmhot9/2JzgTdJqKaho9qJ_/Zk2rdmENvgq4Di8-/XpvCb5my09ST0eGK/FPdPgDO-NmJYBwgP/NKdyFxmQfacpZp00/JHR6D9gadDqdybOo/B_xaTKRRHkd4DWYv/JZApYJ6xAIiKalTP/k35zw7qpLwPAbR4F/M1C7a-Uiyu2PMi9T/GaeYW1V49bs.webp",Black,M,unisex,adult,physique-club-oversized-gym-tee,Black
1GBM-YKH200L,"Physique Club Oversized Gym Tee | Pump Cover — Black, L","Discipline. Dedication. A classic script Aesthetics over Physique Club, with a small kettlebell emblem — old-school bodybuilding, cleanly done. An aesthetic gym shirt for building your physique one session at a time. An oversized gym shirt with the print on the back and a clean front. Heavyweight, garment-dyed cotton that feels broken-in from the first wear. Wear it as a pump cover over your sports bra or tank, with bike shorts for an easy gym outfit, or style it as an oversized graphic tee outside the gym. Details Back print onlyComfort Colors 1717, 100% ring-spun cotton, 6.1 oz heavyweightGarment-dyed for a soft, slightly vintage finishRelaxed unisex fit, US sizingPrinted to orderFit: relaxed. For the oversized look, size up 1–2 — see the size guide in the photos. Care: wash cold, inside out, with like colors. Tumble dry low.",https://aesthwear.com/products/physique-club-oversized-gym-tee?utm_source=pinterest&utm_medium=catalog&utm_campaign=pinterest-catalog&utm_content=physique-club-oversized-gym-tee,https://meakamst-stack.github.io/aesth-pinterest-feed/pins/physique-club-01/physique-club-01-tee-black-gym-v1.jpg,34.00 USD,in stock,new,AESTH.,Apparel & Accessories > Clothing > Shirts & Tops,physique-club-oversized-gym-tee,"https://meakamst-stack.github.io/aesth-pinterest-feed/pins/physique-club-01/physique-club-01-tee-black-straat-v1.jpg,https://meakamst-stack.github.io/aesth-pinterest-feed/pins/physique-club-01/physique-club-01-tee-black-studio-v1.jpg,https://imgproxy.fourthwall.dev/XQhRkuNWjxuBD_omYuE3qCLMKiKB1idvAup_1nU8Wrs/w:1920/sm:1/enc/VrMm_74ySbI8_Nt0/p_GB02NzKzJKxS-2/14rgqUmhrUuRj857/xNwl8dlBEDEFL8s6/yqtlJNKIrAJiO3tB/ahj8TWj7-c-vqb9q/FRyxwTs715JDx4ck/vRtKQ4rMaA0Xu3DP/XTBEVdJZvtDRzQNr/X_PmxvToQ56Vx-PP/XStBXEgAZvfYYN-Z/qCE2nAteynueiff1/mDUTJ2h79fwBEdAb/0xO7bs8XOm3WlqtH/iJvWOhsdauM.webp,https://imgproxy.fourthwall.dev/ylN4XAqHML05TD-ngIOYNEeLp_DGEkWmXsi-io5YrGg/w:1920/sm:1/enc/0q22_HkBjyKaaJwE/TLiK1f4IjK3dtuVc/onjMSuGRUam_NUvh/n0hgmS0a864Cdwae/XpO6KsjGrV2NaLKo/XLNXGDoQ5TM135vv/hANxclc3OzYerOXB/J6H6N8_G4kEEFvIb/3z6uNc2iQ-m1I8zs/op832Kb0NBxKp7Yu/a4V1zNyknqSYTQAt/Rv5HzIS865MyFa84/lRBcmjajqAub8CZ1/J3l7rTtbHhxl0vQj/XqiQXGzd6YY.webp,https://imgproxy.fourthwall.dev/Y_txXIbwG3V76A3Fb0Y5Y4nzPJJ19tPdZbatx6t9eJU/w:1920/sm:1/enc/5qp-vguzQDG7qpFk/0d9RAhQT4qUryhd7/LwcSw1fShrUKzlWL/hcHLlCmliyGmhot9/2JzgTdJqKaho9qJ_/Zk2rdmENvgq4Di8-/XpvCb5my09ST0eGK/FPdPgDO-NmJYBwgP/NKdyFxmQfacpZp00/JHR6D9gadDqdybOo/B_xaTKRRHkd4DWYv/JZApYJ6xAIiKalTP/k35zw7qpLwPAbR4F/M1C7a-Uiyu2PMi9T/GaeYW1V49bs.webp",Black,L,unisex,adult,physique-club-oversized-gym-tee,Black
1GBM-UF820XL,"Physique Club Oversized Gym Tee | Pump Cover — Black, XL","Discipline. Dedication. A classic script Aesthetics over Physique Club, with a small kettlebell emblem — old-school bodybuilding, cleanly done. An aesthetic gym shirt for building your physique one session at a time. An oversized gym shirt with the print on the back and a clean front. Heavyweight, garment-dyed cotton that feels broken-in from the first wear. Wear it as a pump cover over your sports bra or tank, with bike shorts for an easy gym outfit, or style it as an oversized graphic tee outside the gym. Details Back print onlyComfort Colors 1717, 100% ring-spun cotton, 6.1 oz heavyweightGarment-dyed for a soft, slightly vintage finishRelaxed unisex fit, US sizingPrinted to orderFit: relaxed. For the oversized look, size up 1–2 — see the size guide in the photos. Care: wash cold, inside out, with like colors. Tumble dry low.",https://aesthwear.com/products/physique-club-oversized-gym-tee?utm_source=pinterest&utm_medium=catalog&utm_campaign=pinterest-catalog&utm_content=physique-club-oversized-gym-tee,https://meakamst-stack.github.io/aesth-pinterest-feed/pins/physique-club-01/physique-club-01-tee-black-gym-v1.jpg,34.00 USD,in stock,new,AESTH.,Apparel & Accessories > Clothing > Shirts & Tops,physique-club-oversized-gym-tee,"https://meakamst-stack.github.io/aesth-pinterest-feed/pins/physique-club-01/physique-club-01-tee-black-straat-v1.jpg,https://meakamst-stack.github.io/aesth-pinterest-feed/pins/physique-club-01/physique-club-01-tee-black-studio-v1.jpg,https://imgproxy.fourthwall.dev/XQhRkuNWjxuBD_omYuE3qCLMKiKB1idvAup_1nU8Wrs/w:1920/sm:1/enc/VrMm_74ySbI8_Nt0/p_GB02NzKzJKxS-2/14rgqUmhrUuRj857/xNwl8dlBEDEFL8s6/yqtlJNKIrAJiO3tB/ahj8TWj7-c-vqb9q/FRyxwTs715JDx4ck/vRtKQ4rMaA0Xu3DP/XTBEVdJZvtDRzQNr/X_PmxvToQ56Vx-PP/XStBXEgAZvfYYN-Z/qCE2nAteynueiff1/mDUTJ2h79fwBEdAb/0xO7bs8XOm3WlqtH/iJvWOhsdauM.webp,https://imgproxy.fourthwall.dev/ylN4XAqHML05TD-ngIOYNEeLp_DGEkWmXsi-io5YrGg/w:1920/sm:1/enc/0q22_HkBjyKaaJwE/TLiK1f4IjK3dtuVc/onjMSuGRUam_NUvh/n0hgmS0a864Cdwae/XpO6KsjGrV2NaLKo/XLNXGDoQ5TM135vv/hANxclc3OzYerOXB/J6H6N8_G4kEEFvIb/3z6uNc2iQ-m1I8zs/op832Kb0NBxKp7Yu/a4V1zNyknqSYTQAt/Rv5HzIS865MyFa84/lRBcmjajqAub8CZ1/J3l7rTtbHhxl0vQj/XqiQXGzd6YY.webp,https://imgproxy.fourthwall.dev/Y_txXIbwG3V76A3Fb0Y5Y4nzPJJ19tPdZbatx6t9eJU/w:1920/sm:1/enc/5qp-vguzQDG7qpFk/0d9RAhQT4qUryhd7/LwcSw1fShrUKzlWL/hcHLlCmliyGmhot9/2JzgTdJqKaho9qJ_/Zk2rdmENvgq4Di8-/XpvCb5my09ST0eGK/FPdPgDO-NmJYBwgP/NKdyFxmQfacpZp00/JHR6D9gadDqdybOo/B_xaTKRRHkd4DWYv/JZApYJ6xAIiKalTP/k35zw7qpLwPAbR4F/M1C7a-Uiyu2PMi9T/GaeYW1V49bs.webp",Black,XL,unisex,adult,physique-club-oversized-gym-tee,Black
1GBM-8G7202X,"Physique Club Oversized Gym Tee | Pump Cover — Black, 2XL","Discipline. Dedication. A classic script Aesthetics over Physique Club, with a small kettlebell emblem — old-school bodybuilding, cleanly done. An aesthetic gym shirt for building your physique one session at a time. An oversized gym shirt with the print on the back and a clean front. Heavyweight, garment-dyed cotton that feels broken-in from the first wear. Wear it as a pump cover over your sports bra or tank, with bike shorts for an easy gym outfit, or style it as an oversized graphic tee outside the gym. Details Back print onlyComfort Colors 1717, 100% ring-spun cotton, 6.1 oz heavyweightGarment-dyed for a soft, slightly vintage finishRelaxed unisex fit, US sizingPrinted to orderFit: relaxed. For the oversized look, size up 1–2 — see the size guide in the photos. Care: wash cold, inside out, with like colors. Tumble dry low.",https://aesthwear.com/products/physique-club-oversized-gym-tee?utm_source=pinterest&utm_medium=catalog&utm_campaign=pinterest-catalog&utm_content=physique-club-oversized-gym-tee,https://meakamst-stack.github.io/aesth-pinterest-feed/pins/physique-club-01/physique-club-01-tee-black-gym-v1.jpg,36.00 USD,in stock,new,AESTH.,Apparel & Accessories > Clothing > Shirts & Tops,physique-club-oversized-gym-tee,"https://meakamst-stack.github.io/aesth-pinterest-feed/pins/physique-club-01/physique-club-01-tee-black-straat-v1.jpg,https://meakamst-stack.github.io/aesth-pinterest-feed/pins/physique-club-01/physique-club-01-tee-black-studio-v1.jpg,https://imgproxy.fourthwall.dev/XQhRkuNWjxuBD_omYuE3qCLMKiKB1idvAup_1nU8Wrs/w:1920/sm:1/enc/VrMm_74ySbI8_Nt0/p_GB02NzKzJKxS-2/14rgqUmhrUuRj857/xNwl8dlBEDEFL8s6/yqtlJNKIrAJiO3tB/ahj8TWj7-c-vqb9q/FRyxwTs715JDx4ck/vRtKQ4rMaA0Xu3DP/XTBEVdJZvtDRzQNr/X_PmxvToQ56Vx-PP/XStBXEgAZvfYYN-Z/qCE2nAteynueiff1/mDUTJ2h79fwBEdAb/0xO7bs8XOm3WlqtH/iJvWOhsdauM.webp,https://imgproxy.fourthwall.dev/ylN4XAqHML05TD-ngIOYNEeLp_DGEkWmXsi-io5YrGg/w:1920/sm:1/enc/0q22_HkBjyKaaJwE/TLiK1f4IjK3dtuVc/onjMSuGRUam_NUvh/n0hgmS0a864Cdwae/XpO6KsjGrV2NaLKo/XLNXGDoQ5TM135vv/hANxclc3OzYerOXB/J6H6N8_G4kEEFvIb/3z6uNc2iQ-m1I8zs/op832Kb0NBxKp7Yu/a4V1zNyknqSYTQAt/Rv5HzIS865MyFa84/lRBcmjajqAub8CZ1/J3l7rTtbHhxl0vQj/XqiQXGzd6YY.webp,https://imgproxy.fourthwall.dev/Y_txXIbwG3V76A3Fb0Y5Y4nzPJJ19tPdZbatx6t9eJU/w:1920/sm:1/enc/5qp-vguzQDG7qpFk/0d9RAhQT4qUryhd7/LwcSw1fShrUKzlWL/hcHLlCmliyGmhot9/2JzgTdJqKaho9qJ_/Zk2rdmENvgq4Di8-/XpvCb5my09ST0eGK/FPdPgDO-NmJYBwgP/NKdyFxmQfacpZp00/JHR6D9gadDqdybOo/B_xaTKRRHkd4DWYv/JZApYJ6xAIiKalTP/k35zw7qpLwPAbR4F/M1C7a-Uiyu2PMi9T/GaeYW1V49bs.webp",Black,2XL,unisex,adult,physique-club-oversized-gym-tee,Black
1GBM-7UW203X,"Physique Club Oversized Gym Tee | Pump Cover — Black, 3XL","Discipline. Dedication. A classic script Aesthetics over Physique Club, with a small kettlebell emblem — old-school bodybuilding, cleanly done. An aesthetic gym shirt for building your physique one session at a time. An oversized gym shirt with the print on the back and a clean front. Heavyweight, garment-dyed cotton that feels broken-in from the first wear. Wear it as a pump cover over your sports bra or tank, with bike shorts for an easy gym outfit, or style it as an oversized graphic tee outside the gym. Details Back print onlyComfort Colors 1717, 100% ring-spun cotton, 6.1 oz heavyweightGarment-dyed for a soft, slightly vintage finishRelaxed unisex fit, US sizingPrinted to orderFit: relaxed. For the oversized look, size up 1–2 — see the size guide in the photos. Care: wash cold, inside out, with like colors. Tumble dry low.",https://aesthwear.com/products/physique-club-oversized-gym-tee?utm_source=pinterest&utm_medium=catalog&utm_campaign=pinterest-catalog&utm_content=physique-club-oversized-gym-tee,https://meakamst-stack.github.io/aesth-pinterest-feed/pins/physique-club-01/physique-club-01-tee-black-gym-v1.jpg,38.00 USD,in stock,new,AESTH.,Apparel & Accessories > Clothing > Shirts & Tops,physique-club-oversized-gym-tee,"https://meakamst-stack.github.io/aesth-pinterest-feed/pins/physique-club-01/physique-club-01-tee-black-straat-v1.jpg,https://meakamst-stack.github.io/aesth-pinterest-feed/pins/physique-club-01/physique-club-01-tee-black-studio-v1.jpg,https://imgproxy.fourthwall.dev/XQhRkuNWjxuBD_omYuE3qCLMKiKB1idvAup_1nU8Wrs/w:1920/sm:1/enc/VrMm_74ySbI8_Nt0/p_GB02NzKzJKxS-2/14rgqUmhrUuRj857/xNwl8dlBEDEFL8s6/yqtlJNKIrAJiO3tB/ahj8TWj7-c-vqb9q/FRyxwTs715JDx4ck/vRtKQ4rMaA0Xu3DP/XTBEVdJZvtDRzQNr/X_PmxvToQ56Vx-PP/XStBXEgAZvfYYN-Z/qCE2nAteynueiff1/mDUTJ2h79fwBEdAb/0xO7bs8XOm3WlqtH/iJvWOhsdauM.webp,https://imgproxy.fourthwall.dev/ylN4XAqHML05TD-ngIOYNEeLp_DGEkWmXsi-io5YrGg/w:1920/sm:1/enc/0q22_HkBjyKaaJwE/TLiK1f4IjK3dtuVc/onjMSuGRUam_NUvh/n0hgmS0a864Cdwae/XpO6KsjGrV2NaLKo/XLNXGDoQ5TM135vv/hANxclc3OzYerOXB/J6H6N8_G4kEEFvIb/3z6uNc2iQ-m1I8zs/op832Kb0NBxKp7Yu/a4V1zNyknqSYTQAt/Rv5HzIS865MyFa84/lRBcmjajqAub8CZ1/J3l7rTtbHhxl0vQj/XqiQXGzd6YY.webp,https://imgproxy.fourthwall.dev/Y_txXIbwG3V76A3Fb0Y5Y4nzPJJ19tPdZbatx6t9eJU/w:1920/sm:1/enc/5qp-vguzQDG7qpFk/0d9RAhQT4qUryhd7/LwcSw1fShrUKzlWL/hcHLlCmliyGmhot9/2JzgTdJqKaho9qJ_/Zk2rdmENvgq4Di8-/XpvCb5my09ST0eGK/FPdPgDO-NmJYBwgP/NKdyFxmQfacpZp00/JHR6D9gadDqdybOo/B_xaTKRRHkd4DWYv/JZApYJ6xAIiKalTP/k35zw7qpLwPAbR4F/M1C7a-Uiyu2PMi9T/GaeYW1V49bs.webp",Black,3XL,unisex,adult,physique-club-oversized-gym-tee,Black
1GBM-UN0204X,"Physique Club Oversized Gym Tee | Pump Cover — Black, 4XL","Discipline. Dedication. A classic script Aesthetics over Physique Club, with a small kettlebell emblem — old-school bodybuilding, cleanly done. An aesthetic gym shirt for building your physique one session at a time. An oversized gym shirt with the print on the back and a clean front. Heavyweight, garment-dyed cotton that feels broken-in from the first wear. Wear it as a pump cover over your sports bra or tank, with bike shorts for an easy gym outfit, or style it as an oversized graphic tee outside the gym. Details Back print onlyComfort Colors 1717, 100% ring-spun cotton, 6.1 oz heavyweightGarment-dyed for a soft, slightly vintage finishRelaxed unisex fit, US sizingPrinted to orderFit: relaxed. For the oversized look, size up 1–2 — see the size guide in the photos. Care: wash cold, inside out, with like colors. Tumble dry low.",https://aesthwear.com/products/physique-club-oversized-gym-tee?utm_source=pinterest&utm_medium=catalog&utm_campaign=pinterest-catalog&utm_content=physique-club-oversized-gym-tee,https://meakamst-stack.github.io/aesth-pinterest-feed/pins/physique-club-01/physique-club-01-tee-black-gym-v1.jpg,40.00 USD,in stock,new,AESTH.,Apparel & Accessories > Clothing > Shirts & Tops,physique-club-oversized-gym-tee,"https://meakamst-stack.github.io/aesth-pinterest-feed/pins/physique-club-01/physique-club-01-tee-black-straat-v1.jpg,https://meakamst-stack.github.io/aesth-pinterest-feed/pins/physique-club-01/physique-club-01-tee-black-studio-v1.jpg,https://imgproxy.fourthwall.dev/XQhRkuNWjxuBD_omYuE3qCLMKiKB1idvAup_1nU8Wrs/w:1920/sm:1/enc/VrMm_74ySbI8_Nt0/p_GB02NzKzJKxS-2/14rgqUmhrUuRj857/xNwl8dlBEDEFL8s6/yqtlJNKIrAJiO3tB/ahj8TWj7-c-vqb9q/FRyxwTs715JDx4ck/vRtKQ4rMaA0Xu3DP/XTBEVdJZvtDRzQNr/X_PmxvToQ56Vx-PP/XStBXEgAZvfYYN-Z/qCE2nAteynueiff1/mDUTJ2h79fwBEdAb/0xO7bs8XOm3WlqtH/iJvWOhsdauM.webp,https://imgproxy.fourthwall.dev/ylN4XAqHML05TD-ngIOYNEeLp_DGEkWmXsi-io5YrGg/w:1920/sm:1/enc/0q22_HkBjyKaaJwE/TLiK1f4IjK3dtuVc/onjMSuGRUam_NUvh/n0hgmS0a864Cdwae/XpO6KsjGrV2NaLKo/XLNXGDoQ5TM135vv/hANxclc3OzYerOXB/J6H6N8_G4kEEFvIb/3z6uNc2iQ-m1I8zs/op832Kb0NBxKp7Yu/a4V1zNyknqSYTQAt/Rv5HzIS865MyFa84/lRBcmjajqAub8CZ1/J3l7rTtbHhxl0vQj/XqiQXGzd6YY.webp,https://imgproxy.fourthwall.dev/Y_txXIbwG3V76A3Fb0Y5Y4nzPJJ19tPdZbatx6t9eJU/w:1920/sm:1/enc/5qp-vguzQDG7qpFk/0d9RAhQT4qUryhd7/LwcSw1fShrUKzlWL/hcHLlCmliyGmhot9/2JzgTdJqKaho9qJ_/Zk2rdmENvgq4Di8-/XpvCb5my09ST0eGK/FPdPgDO-NmJYBwgP/NKdyFxmQfacpZp00/JHR6D9gadDqdybOo/B_xaTKRRHkd4DWYv/JZApYJ6xAIiKalTP/k35zw7qpLwPAbR4F/M1C7a-Uiyu2PMi9T/GaeYW1V49bs.webp",Black,4XL,unisex,adult,physique-club-oversized-gym-tee,Black
1175-VPPM00S,"Physique Club Oversized Gym Tee | Pump Cover — Bay, S","Discipline. Dedication. A classic script Aesthetics over Physique Club, with a small kettlebell emblem — old-school bodybuilding, cleanly done. An aesthetic gym shirt for building your physique one session at a time. An oversized gym shirt with the print on the back and a clean front. Heavyweight, garment-dyed cotton that feels broken-in from the first wear. Wear it as a pump cover over your sports bra or tank, with bike shorts for an easy gym outfit, or style it as an oversized graphic tee outside the gym. Details Back print onlyComfort Colors 1717, 100% ring-spun cotton, 6.1 oz heavyweightGarment-dyed for a soft, slightly vintage finishRelaxed unisex fit, US sizingPrinted to orderFit: relaxed. For the oversized look, size up 1–2 — see the size guide in the photos. Care: wash cold, inside out, with like colors. Tumble dry low.",https://aesthwear.com/products/physique-club-oversized-gym-tee?utm_source=pinterest&utm_medium=catalog&utm_campaign=pinterest-catalog&utm_content=physique-club-oversized-gym-tee,https://meakamst-stack.github.io/aesth-pinterest-feed/pins/physique-club-01/physique-club-01-tee-bay-gym-v1.jpg,34.00 USD,in stock,new,AESTH.,Apparel & Accessories > Clothing > Shirts & Tops,physique-club-oversized-gym-tee,"https://meakamst-stack.github.io/aesth-pinterest-feed/pins/physique-club-01/physique-club-01-tee-bay-straat-v1.jpg,https://meakamst-stack.github.io/aesth-pinterest-feed/pins/physique-club-01/physique-club-01-tee-bay-studio-v1.jpg,https://imgproxy.fourthwall.dev/naFM6e_Xs_otvuJcD03lPoNhhkbCcJJIhrLPCEVopYY/w:1920/sm:1/enc/WyGTZVBnI-j6LCc9/Dgb-10MAe4vSvo_S/8Tu5ev8012QCUGpm/KfatOgH3dFDxJeza/SrdEofRKpXcSQyO3/C2mwYnWsMWUl4a0K/JntHtpSx-PbA5IT4/0DGkYIVKPy8JyqPg/keARmo1F4Jbfmkpu/2JHJjHfedRX0aF1f/-O6b4OQF3hpVcG4j/FRBFR4q-xGQaMQiw/9pHAaNXQiRNWb80b/Rn9tKr0xWntkqndM/oBWLloy9wMY.webp,https://imgproxy.fourthwall.dev/aJm8vlVDemh-L-1pHcwSODY4adeuj6Es6_MicHdrdxE/w:1920/sm:1/enc/UI9SQGktUWkKOuTn/BBTnr6c_q3OdoIRH/ZoYRumI_9YMCh50f/phdA-Vc8o1zs8xyV/CBUdhk4mJd6Uw-C0/SnZVkBMv4ECUe63K/8E92ZanjAOP5AtSv/Ciwk_Y5tM78KxHJr/2kCxpMrST85vasAQ/G4QCjskZi4mYumjZ/jrDMjqGE3VeaEEUw/PtO_k_0mKl4VWpaE/r2RGmEhX5zPMF4pP/-e2isafGF4-ksVpr/w5JnEdTULt4.webp,https://imgproxy.fourthwall.dev/NWyXPLkmqYd703Lom3n5MuzD_ss38-Ros7AY-H60zSA/w:1920/sm:1/enc/ZshPDKWxwqeRocm3/FwRDe7Nwt5N7ZkjI/Bek-qpXy_Gf9rvKT/RHtAgmQaBFMtl5Hq/9q8T_vACmc2Mrkjf/BJA_2JBSs-mtGhGd/7iixBbbikPpYIsvp/ogePREm5EZxx3DEE/Jei03wZ4XbNffJfz/XNCFCww9ZUglxqg_/OrevrqUd8muZUZYq/7FXqRGiPTSw0YSA5/dKsZIO4bM4Eu2I7m/YfzWQpx2Jrkvvv6Z/MqO6YAJShBI.webp",Bay,S,unisex,adult,physique-club-oversized-gym-tee,Bay
1175-7QJM00M,"Physique Club Oversized Gym Tee | Pump Cover — Bay, M","Discipline. Dedication. A classic script Aesthetics over Physique Club, with a small kettlebell emblem — old-school bodybuilding, cleanly done. An aesthetic gym shirt for building your physique one session at a time. An oversized gym shirt with the print on the back and a clean front. Heavyweight, garment-dyed cotton that feels broken-in from the first wear. Wear it as a pump cover over your sports bra or tank, with bike shorts for an easy gym outfit, or style it as an oversized graphic tee outside the gym. Details Back print onlyComfort Colors 1717, 100% ring-spun cotton, 6.1 oz heavyweightGarment-dyed for a soft, slightly vintage finishRelaxed unisex fit, US sizingPrinted to orderFit: relaxed. For the oversized look, size up 1–2 — see the size guide in the photos. Care: wash cold, inside out, with like colors. Tumble dry low.",https://aesthwear.com/products/physique-club-oversized-gym-tee?utm_source=pinterest&utm_medium=catalog&utm_campaign=pinterest-catalog&utm_content=physique-club-oversized-gym-tee,https://meakamst-stack.github.io/aesth-pinterest-feed/pins/physique-club-01/physique-club-01-tee-bay-gym-v1.jpg,34.00 USD,in stock,new,AESTH.,Apparel & Accessories > Clothing > Shirts & Tops,physique-club-oversized-gym-tee,"https://meakamst-stack.github.io/aesth-pinterest-feed/pins/physique-club-01/physique-club-01-tee-bay-straat-v1.jpg,https://meakamst-stack.github.io/aesth-pinterest-feed/pins/physique-club-01/physique-club-01-tee-bay-studio-v1.jpg,https://imgproxy.fourthwall.dev/naFM6e_Xs_otvuJcD03lPoNhhkbCcJJIhrLPCEVopYY/w:1920/sm:1/enc/WyGTZVBnI-j6LCc9/Dgb-10MAe4vSvo_S/8Tu5ev8012QCUGpm/KfatOgH3dFDxJeza/SrdEofRKpXcSQyO3/C2mwYnWsMWUl4a0K/JntHtpSx-PbA5IT4/0DGkYIVKPy8JyqPg/keARmo1F4Jbfmkpu/2JHJjHfedRX0aF1f/-O6b4OQF3hpVcG4j/FRBFR4q-xGQaMQiw/9pHAaNXQiRNWb80b/Rn9tKr0xWntkqndM/oBWLloy9wMY.webp,https://imgproxy.fourthwall.dev/aJm8vlVDemh-L-1pHcwSODY4adeuj6Es6_MicHdrdxE/w:1920/sm:1/enc/UI9SQGktUWkKOuTn/BBTnr6c_q3OdoIRH/ZoYRumI_9YMCh50f/phdA-Vc8o1zs8xyV/CBUdhk4mJd6Uw-C0/SnZVkBMv4ECUe63K/8E92ZanjAOP5AtSv/Ciwk_Y5tM78KxHJr/2kCxpMrST85vasAQ/G4QCjskZi4mYumjZ/jrDMjqGE3VeaEEUw/PtO_k_0mKl4VWpaE/r2RGmEhX5zPMF4pP/-e2isafGF4-ksVpr/w5JnEdTULt4.webp,https://imgproxy.fourthwall.dev/NWyXPLkmqYd703Lom3n5MuzD_ss38-Ros7AY-H60zSA/w:1920/sm:1/enc/ZshPDKWxwqeRocm3/FwRDe7Nwt5N7ZkjI/Bek-qpXy_Gf9rvKT/RHtAgmQaBFMtl5Hq/9q8T_vACmc2Mrkjf/BJA_2JBSs-mtGhGd/7iixBbbikPpYIsvp/ogePREm5EZxx3DEE/Jei03wZ4XbNffJfz/XNCFCww9ZUglxqg_/OrevrqUd8muZUZYq/7FXqRGiPTSw0YSA5/dKsZIO4bM4Eu2I7m/YfzWQpx2Jrkvvv6Z/MqO6YAJShBI.webp",Bay,M,unisex,adult,physique-club-oversized-gym-tee,Bay
1175-PSVM00L,"Physique Club Oversized Gym Tee | Pump Cover — Bay, L","Discipline. Dedication. A classic script Aesthetics over Physique Club, with a small kettlebell emblem — old-school bodybuilding, cleanly done. An aesthetic gym shirt for building your physique one session at a time. An oversized gym shirt with the print on the back and a clean front. Heavyweight, garment-dyed cotton that feels broken-in from the first wear. Wear it as a pump cover over your sports bra or tank, with bike shorts for an easy gym outfit, or style it as an oversized graphic tee outside the gym. Details Back print onlyComfort Colors 1717, 100% ring-spun cotton, 6.1 oz heavyweightGarment-dyed for a soft, slightly vintage finishRelaxed unisex fit, US sizingPrinted to orderFit: relaxed. For the oversized look, size up 1–2 — see the size guide in the photos. Care: wash cold, inside out, with like colors. Tumble dry low.",https://aesthwear.com/products/physique-club-oversized-gym-tee?utm_source=pinterest&utm_medium=catalog&utm_campaign=pinterest-catalog&utm_content=physique-club-oversized-gym-tee,https://meakamst-stack.github.io/aesth-pinterest-feed/pins/physique-club-01/physique-club-01-tee-bay-gym-v1.jpg,34.00 USD,in stock,new,AESTH.,Apparel & Accessories > Clothing > Shirts & Tops,physique-club-oversized-gym-tee,"https://meakamst-stack.github.io/aesth-pinterest-feed/pins/physique-club-01/physique-club-01-tee-bay-straat-v1.jpg,https://meakamst-stack.github.io/aesth-pinterest-feed/pins/physique-club-01/physique-club-01-tee-bay-studio-v1.jpg,https://imgproxy.fourthwall.dev/naFM6e_Xs_otvuJcD03lPoNhhkbCcJJIhrLPCEVopYY/w:1920/sm:1/enc/WyGTZVBnI-j6LCc9/Dgb-10MAe4vSvo_S/8Tu5ev8012QCUGpm/KfatOgH3dFDxJeza/SrdEofRKpXcSQyO3/C2mwYnWsMWUl4a0K/JntHtpSx-PbA5IT4/0DGkYIVKPy8JyqPg/keARmo1F4Jbfmkpu/2JHJjHfedRX0aF1f/-O6b4OQF3hpVcG4j/FRBFR4q-xGQaMQiw/9pHAaNXQiRNWb80b/Rn9tKr0xWntkqndM/oBWLloy9wMY.webp,https://imgproxy.fourthwall.dev/aJm8vlVDemh-L-1pHcwSODY4adeuj6Es6_MicHdrdxE/w:1920/sm:1/enc/UI9SQGktUWkKOuTn/BBTnr6c_q3OdoIRH/ZoYRumI_9YMCh50f/phdA-Vc8o1zs8xyV/CBUdhk4mJd6Uw-C0/SnZVkBMv4ECUe63K/8E92ZanjAOP5AtSv/Ciwk_Y5tM78KxHJr/2kCxpMrST85vasAQ/G4QCjskZi4mYumjZ/jrDMjqGE3VeaEEUw/PtO_k_0mKl4VWpaE/r2RGmEhX5zPMF4pP/-e2isafGF4-ksVpr/w5JnEdTULt4.webp,https://imgproxy.fourthwall.dev/NWyXPLkmqYd703Lom3n5MuzD_ss38-Ros7AY-H60zSA/w:1920/sm:1/enc/ZshPDKWxwqeRocm3/FwRDe7Nwt5N7ZkjI/Bek-qpXy_Gf9rvKT/RHtAgmQaBFMtl5Hq/9q8T_vACmc2Mrkjf/BJA_2JBSs-mtGhGd/7iixBbbikPpYIsvp/ogePREm5EZxx3DEE/Jei03wZ4XbNffJfz/XNCFCww9ZUglxqg_/OrevrqUd8muZUZYq/7FXqRGiPTSw0YSA5/dKsZIO4bM4Eu2I7m/YfzWQpx2Jrkvvv6Z/MqO6YAJShBI.webp",Bay,L,unisex,adult,physique-club-oversized-gym-tee,Bay
1175-4X1M0XL,"Physique Club Oversized Gym Tee | Pump Cover — Bay, XL","Discipline. Dedication. A classic script Aesthetics over Physique Club, with a small kettlebell emblem — old-school bodybuilding, cleanly done. An aesthetic gym shirt for building your physique one session at a time. An oversized gym shirt with the print on the back and a clean front. Heavyweight, garment-dyed cotton that feels broken-in from the first wear. Wear it as a pump cover over your sports bra or tank, with bike shorts for an easy gym outfit, or style it as an oversized graphic tee outside the gym. Details Back print onlyComfort Colors 1717, 100% ring-spun cotton, 6.1 oz heavyweightGarment-dyed for a soft, slightly vintage finishRelaxed unisex fit, US sizingPrinted to orderFit: relaxed. For the oversized look, size up 1–2 — see the size guide in the photos. Care: wash cold, inside out, with like colors. Tumble dry low.",https://aesthwear.com/products/physique-club-oversized-gym-tee?utm_source=pinterest&utm_medium=catalog&utm_campaign=pinterest-catalog&utm_content=physique-club-oversized-gym-tee,https://meakamst-stack.github.io/aesth-pinterest-feed/pins/physique-club-01/physique-club-01-tee-bay-gym-v1.jpg,34.00 USD,in stock,new,AESTH.,Apparel & Accessories > Clothing > Shirts & Tops,physique-club-oversized-gym-tee,"https://meakamst-stack.github.io/aesth-pinterest-feed/pins/physique-club-01/physique-club-01-tee-bay-straat-v1.jpg,https://meakamst-stack.github.io/aesth-pinterest-feed/pins/physique-club-01/physique-club-01-tee-bay-studio-v1.jpg,https://imgproxy.fourthwall.dev/naFM6e_Xs_otvuJcD03lPoNhhkbCcJJIhrLPCEVopYY/w:1920/sm:1/enc/WyGTZVBnI-j6LCc9/Dgb-10MAe4vSvo_S/8Tu5ev8012QCUGpm/KfatOgH3dFDxJeza/SrdEofRKpXcSQyO3/C2mwYnWsMWUl4a0K/JntHtpSx-PbA5IT4/0DGkYIVKPy8JyqPg/keARmo1F4Jbfmkpu/2JHJjHfedRX0aF1f/-O6b4OQF3hpVcG4j/FRBFR4q-xGQaMQiw/9pHAaNXQiRNWb80b/Rn9tKr0xWntkqndM/oBWLloy9wMY.webp,https://imgproxy.fourthwall.dev/aJm8vlVDemh-L-1pHcwSODY4adeuj6Es6_MicHdrdxE/w:1920/sm:1/enc/UI9SQGktUWkKOuTn/BBTnr6c_q3OdoIRH/ZoYRumI_9YMCh50f/phdA-Vc8o1zs8xyV/CBUdhk4mJd6Uw-C0/SnZVkBMv4ECUe63K/8E92ZanjAOP5AtSv/Ciwk_Y5tM78KxHJr/2kCxpMrST85vasAQ/G4QCjskZi4mYumjZ/jrDMjqGE3VeaEEUw/PtO_k_0mKl4VWpaE/r2RGmEhX5zPMF4pP/-e2isafGF4-ksVpr/w5JnEdTULt4.webp,https://imgproxy.fourthwall.dev/NWyXPLkmqYd703Lom3n5MuzD_ss38-Ros7AY-H60zSA/w:1920/sm:1/enc/ZshPDKWxwqeRocm3/FwRDe7Nwt5N7ZkjI/Bek-qpXy_Gf9rvKT/RHtAgmQaBFMtl5Hq/9q8T_vACmc2Mrkjf/BJA_2JBSs-mtGhGd/7iixBbbikPpYIsvp/ogePREm5EZxx3DEE/Jei03wZ4XbNffJfz/XNCFCww9ZUglxqg_/OrevrqUd8muZUZYq/7FXqRGiPTSw0YSA5/dKsZIO4bM4Eu2I7m/YfzWQpx2Jrkvvv6Z/MqO6YAJShBI.webp",Bay,XL,unisex,adult,physique-club-oversized-gym-tee,Bay
1175-C5KM02X,"Physique Club Oversized Gym Tee | Pump Cover — Bay, 2XL","Discipline. Dedication. A classic script Aesthetics over Physique Club, with a small kettlebell emblem — old-school bodybuilding, cleanly done. An aesthetic gym shirt for building your physique one session at a time. An oversized gym shirt with the print on the back and a clean front. Heavyweight, garment-dyed cotton that feels broken-in from the first wear. Wear it as a pump cover over your sports bra or tank, with bike shorts for an easy gym outfit, or style it as an oversized graphic tee outside the gym. Details Back print onlyComfort Colors 1717, 100% ring-spun cotton, 6.1 oz heavyweightGarment-dyed for a soft, slightly vintage finishRelaxed unisex fit, US sizingPrinted to orderFit: relaxed. For the oversized look, size up 1–2 — see the size guide in the photos. Care: wash cold, inside out, with like colors. Tumble dry low.",https://aesthwear.com/products/physique-club-oversized-gym-tee?utm_source=pinterest&utm_medium=catalog&utm_campaign=pinterest-catalog&utm_content=physique-club-oversized-gym-tee,https://meakamst-stack.github.io/aesth-pinterest-feed/pins/physique-club-01/physique-club-01-tee-bay-gym-v1.jpg,36.00 USD,in stock,new,AESTH.,Apparel & Accessories > Clothing > Shirts & Tops,physique-club-oversized-gym-tee,"https://meakamst-stack.github.io/aesth-pinterest-feed/pins/physique-club-01/physique-club-01-tee-bay-straat-v1.jpg,https://meakamst-stack.github.io/aesth-pinterest-feed/pins/physique-club-01/physique-club-01-tee-bay-studio-v1.jpg,https://imgproxy.fourthwall.dev/naFM6e_Xs_otvuJcD03lPoNhhkbCcJJIhrLPCEVopYY/w:1920/sm:1/enc/WyGTZVBnI-j6LCc9/Dgb-10MAe4vSvo_S/8Tu5ev8012QCUGpm/KfatOgH3dFDxJeza/SrdEofRKpXcSQyO3/C2mwYnWsMWUl4a0K/JntHtpSx-PbA5IT4/0DGkYIVKPy8JyqPg/keARmo1F4Jbfmkpu/2JHJjHfedRX0aF1f/-O6b4OQF3hpVcG4j/FRBFR4q-xGQaMQiw/9pHAaNXQiRNWb80b/Rn9tKr0xWntkqndM/oBWLloy9wMY.webp,https://imgproxy.fourthwall.dev/aJm8vlVDemh-L-1pHcwSODY4adeuj6Es6_MicHdrdxE/w:1920/sm:1/enc/UI9SQGktUWkKOuTn/BBTnr6c_q3OdoIRH/ZoYRumI_9YMCh50f/phdA-Vc8o1zs8xyV/CBUdhk4mJd6Uw-C0/SnZVkBMv4ECUe63K/8E92ZanjAOP5AtSv/Ciwk_Y5tM78KxHJr/2kCxpMrST85vasAQ/G4QCjskZi4mYumjZ/jrDMjqGE3VeaEEUw/PtO_k_0mKl4VWpaE/r2RGmEhX5zPMF4pP/-e2isafGF4-ksVpr/w5JnEdTULt4.webp,https://imgproxy.fourthwall.dev/NWyXPLkmqYd703Lom3n5MuzD_ss38-Ros7AY-H60zSA/w:1920/sm:1/enc/ZshPDKWxwqeRocm3/FwRDe7Nwt5N7ZkjI/Bek-qpXy_Gf9rvKT/RHtAgmQaBFMtl5Hq/9q8T_vACmc2Mrkjf/BJA_2JBSs-mtGhGd/7iixBbbikPpYIsvp/ogePREm5EZxx3DEE/Jei03wZ4XbNffJfz/XNCFCww9ZUglxqg_/OrevrqUd8muZUZYq/7FXqRGiPTSw0YSA5/dKsZIO4bM4Eu2I7m/YfzWQpx2Jrkvvv6Z/MqO6YAJShBI.webp",Bay,2XL,unisex,adult,physique-club-oversized-gym-tee,Bay
1175-EHSM03X,"Physique Club Oversized Gym Tee | Pump Cover — Bay, 3XL","Discipline. Dedication. A classic script Aesthetics over Physique Club, with a small kettlebell emblem — old-school bodybuilding, cleanly done. An aesthetic gym shirt for building your physique one session at a time. An oversized gym shirt with the print on the back and a clean front. Heavyweight, garment-dyed cotton that feels broken-in from the first wear. Wear it as a pump cover over your sports bra or tank, with bike shorts for an easy gym outfit, or style it as an oversized graphic tee outside the gym. Details Back print onlyComfort Colors 1717, 100% ring-spun cotton, 6.1 oz heavyweightGarment-dyed for a soft, slightly vintage finishRelaxed unisex fit, US sizingPrinted to orderFit: relaxed. For the oversized look, size up 1–2 — see the size guide in the photos. Care: wash cold, inside out, with like colors. Tumble dry low.",https://aesthwear.com/products/physique-club-oversized-gym-tee?utm_source=pinterest&utm_medium=catalog&utm_campaign=pinterest-catalog&utm_content=physique-club-oversized-gym-tee,https://meakamst-stack.github.io/aesth-pinterest-feed/pins/physique-club-01/physique-club-01-tee-bay-gym-v1.jpg,38.00 USD,in stock,new,AESTH.,Apparel & Accessories > Clothing > Shirts & Tops,physique-club-oversized-gym-tee,"https://meakamst-stack.github.io/aesth-pinterest-feed/pins/physique-club-01/physique-club-01-tee-bay-straat-v1.jpg,https://meakamst-stack.github.io/aesth-pinterest-feed/pins/physique-club-01/physique-club-01-tee-bay-studio-v1.jpg,https://imgproxy.fourthwall.dev/naFM6e_Xs_otvuJcD03lPoNhhkbCcJJIhrLPCEVopYY/w:1920/sm:1/enc/WyGTZVBnI-j6LCc9/Dgb-10MAe4vSvo_S/8Tu5ev8012QCUGpm/KfatOgH3dFDxJeza/SrdEofRKpXcSQyO3/C2mwYnWsMWUl4a0K/JntHtpSx-PbA5IT4/0DGkYIVKPy8JyqPg/keARmo1F4Jbfmkpu/2JHJjHfedRX0aF1f/-O6b4OQF3hpVcG4j/FRBFR4q-xGQaMQiw/9pHAaNXQiRNWb80b/Rn9tKr0xWntkqndM/oBWLloy9wMY.webp,https://imgproxy.fourthwall.dev/aJm8vlVDemh-L-1pHcwSODY4adeuj6Es6_MicHdrdxE/w:1920/sm:1/enc/UI9SQGktUWkKOuTn/BBTnr6c_q3OdoIRH/ZoYRumI_9YMCh50f/phdA-Vc8o1zs8xyV/CBUdhk4mJd6Uw-C0/SnZVkBMv4ECUe63K/8E92ZanjAOP5AtSv/Ciwk_Y5tM78KxHJr/2kCxpMrST85vasAQ/G4QCjskZi4mYumjZ/jrDMjqGE3VeaEEUw/PtO_k_0mKl4VWpaE/r2RGmEhX5zPMF4pP/-e2isafGF4-ksVpr/w5JnEdTULt4.webp,https://imgproxy.fourthwall.dev/NWyXPLkmqYd703Lom3n5MuzD_ss38-Ros7AY-H60zSA/w:1920/sm:1/enc/ZshPDKWxwqeRocm3/FwRDe7Nwt5N7ZkjI/Bek-qpXy_Gf9rvKT/RHtAgmQaBFMtl5Hq/9q8T_vACmc2Mrkjf/BJA_2JBSs-mtGhGd/7iixBbbikPpYIsvp/ogePREm5EZxx3DEE/Jei03wZ4XbNffJfz/XNCFCww9ZUglxqg_/OrevrqUd8muZUZYq/7FXqRGiPTSw0YSA5/dKsZIO4bM4Eu2I7m/YfzWQpx2Jrkvvv6Z/MqO6YAJShBI.webp",Bay,3XL,unisex,adult,physique-club-oversized-gym-tee,Bay
1175-M7PM04X,"Physique Club Oversized Gym Tee | Pump Cover — Bay, 4XL","Discipline. Dedication. A classic script Aesthetics over Physique Club, with a small kettlebell emblem — old-school bodybuilding, cleanly done. An aesthetic gym shirt for building your physique one session at a time. An oversized gym shirt with the print on the back and a clean front. Heavyweight, garment-dyed cotton that feels broken-in from the first wear. Wear it as a pump cover over your sports bra or tank, with bike shorts for an easy gym outfit, or style it as an oversized graphic tee outside the gym. Details Back print onlyComfort Colors 1717, 100% ring-spun cotton, 6.1 oz heavyweightGarment-dyed for a soft, slightly vintage finishRelaxed unisex fit, US sizingPrinted to orderFit: relaxed. For the oversized look, size up 1–2 — see the size guide in the photos. Care: wash cold, inside out, with like colors. Tumble dry low.",https://aesthwear.com/products/physique-club-oversized-gym-tee?utm_source=pinterest&utm_medium=catalog&utm_campaign=pinterest-catalog&utm_content=physique-club-oversized-gym-tee,https://meakamst-stack.github.io/aesth-pinterest-feed/pins/physique-club-01/physique-club-01-tee-bay-gym-v1.jpg,40.00 USD,in stock,new,AESTH.,Apparel & Accessories > Clothing > Shirts & Tops,physique-club-oversized-gym-tee,"https://meakamst-stack.github.io/aesth-pinterest-feed/pins/physique-club-01/physique-club-01-tee-bay-straat-v1.jpg,https://meakamst-stack.github.io/aesth-pinterest-feed/pins/physique-club-01/physique-club-01-tee-bay-studio-v1.jpg,https://imgproxy.fourthwall.dev/naFM6e_Xs_otvuJcD03lPoNhhkbCcJJIhrLPCEVopYY/w:1920/sm:1/enc/WyGTZVBnI-j6LCc9/Dgb-10MAe4vSvo_S/8Tu5ev8012QCUGpm/KfatOgH3dFDxJeza/SrdEofRKpXcSQyO3/C2mwYnWsMWUl4a0K/JntHtpSx-PbA5IT4/0DGkYIVKPy8JyqPg/keARmo1F4Jbfmkpu/2JHJjHfedRX0aF1f/-O6b4OQF3hpVcG4j/FRBFR4q-xGQaMQiw/9pHAaNXQiRNWb80b/Rn9tKr0xWntkqndM/oBWLloy9wMY.webp,https://imgproxy.fourthwall.dev/aJm8vlVDemh-L-1pHcwSODY4adeuj6Es6_MicHdrdxE/w:1920/sm:1/enc/UI9SQGktUWkKOuTn/BBTnr6c_q3OdoIRH/ZoYRumI_9YMCh50f/phdA-Vc8o1zs8xyV/CBUdhk4mJd6Uw-C0/SnZVkBMv4ECUe63K/8E92ZanjAOP5AtSv/Ciwk_Y5tM78KxHJr/2kCxpMrST85vasAQ/G4QCjskZi4mYumjZ/jrDMjqGE3VeaEEUw/PtO_k_0mKl4VWpaE/r2RGmEhX5zPMF4pP/-e2isafGF4-ksVpr/w5JnEdTULt4.webp,https://imgproxy.fourthwall.dev/NWyXPLkmqYd703Lom3n5MuzD_ss38-Ros7AY-H60zSA/w:1920/sm:1/enc/ZshPDKWxwqeRocm3/FwRDe7Nwt5N7ZkjI/Bek-qpXy_Gf9rvKT/RHtAgmQaBFMtl5Hq/9q8T_vACmc2Mrkjf/BJA_2JBSs-mtGhGd/7iixBbbikPpYIsvp/ogePREm5EZxx3DEE/Jei03wZ4XbNffJfz/XNCFCww9ZUglxqg_/OrevrqUd8muZUZYq/7FXqRGiPTSw0YSA5/dKsZIO4bM4Eu2I7m/YfzWQpx2Jrkvvv6Z/MqO6YAJShBI.webp",Bay,4XL,unisex,adult,physique-club-oversized-gym-tee,Bay
1175-J3EP00S,"Physique Club Oversized Gym Tee | Pump Cover — Ivory, S","Discipline. Dedication. A classic script Aesthetics over Physique Club, with a small kettlebell emblem — old-school bodybuilding, cleanly done. An aesthetic gym shirt for building your physique one session at a time. An oversized gym shirt with the print on the back and a clean front. Heavyweight, garment-dyed cotton that feels broken-in from the first wear. Wear it as a pump cover over your sports bra or tank, with bike shorts for an easy gym outfit, or style it as an oversized graphic tee outside the gym. Details Back print onlyComfort Colors 1717, 100% ring-spun cotton, 6.1 oz heavyweightGarment-dyed for a soft, slightly vintage finishRelaxed unisex fit, US sizingPrinted to orderFit: relaxed. For the oversized look, size up 1–2 — see the size guide in the photos. Care: wash cold, inside out, with like colors. Tumble dry low.",https://aesthwear.com/products/physique-club-oversized-gym-tee?utm_source=pinterest&utm_medium=catalog&utm_campaign=pinterest-catalog&utm_content=physique-club-oversized-gym-tee,https://meakamst-stack.github.io/aesth-pinterest-feed/pins/physique-club-01/physique-club-01-tee-ivory-gym-v1.jpg,34.00 USD,in stock,new,AESTH.,Apparel & Accessories > Clothing > Shirts & Tops,physique-club-oversized-gym-tee,"https://meakamst-stack.github.io/aesth-pinterest-feed/pins/physique-club-01/physique-club-01-tee-ivory-straat-v1.jpg,https://meakamst-stack.github.io/aesth-pinterest-feed/pins/physique-club-01/physique-club-01-tee-ivory-studio-v1.jpg,https://imgproxy.fourthwall.dev/C0u_yIyfX8J5IVo-AIiXT-s9U-WBl1CaFJGJD168jsQ/w:1920/sm:1/enc/WObFgpiOAI3t9XaO/QYnI4EO52kwkogKz/VYE-7Hw_hS5nyIF2/udlirO25JGIyw88Q/4ZpXq-qEcX1bHvQ3/pfQhG7L-NQ960ELC/ieH5HTTPUsmZGoEP/1US5KYtU4aMku-xK/rjfFrefbHqIPVut-/4K8B9wEZdwSNrblP/eU6lbWhRafjI9jNz/D-WRZW-ko8eNVqZy/IBKnTtoPNWqaPJlr/dYd3gWvhgaZb9jtg/3NY_DDnEcT4.webp,https://imgproxy.fourthwall.dev/bH10kQmYn8QTuKRw28YDS5LJK-Ukccgr4cSnzhIS5CA/w:1920/sm:1/enc/WWw6ik7H7-OqknkG/uq4nREvN-J3pg5H3/oHHZ4lJkx1-D-DlB/dJaO2kxMuencuiRi/KT5iVszz8dUoi75s/WH6n7dwMO4ZbWrpO/Jf4DsrwvhHLoBHc1/qsBzXCRYUWWwfYHv/dYI8dCheHMq_iYMB/lPouhtcLIIDWLY55/7y2vcxafcb1_0J64/AnipWJ1kNMtYeAue/JJX-aID6RwFJ7MsU/1Gy_rrKRlQwcGbyP/GAOccR1056w.webp,https://imgproxy.fourthwall.dev/M8ichTdkdCs1MMPm6Rdj2PQbook7ffF45u4t7ggSUp0/w:1920/sm:1/enc/4Lb47TF138w3zu-n/_4SAMCsixP92_nrL/mfwIuA3KBX38BEmu/7AIWdQpZXzBR-ayE/0LwAs83-H7mSqdRz/4NVPLQJhyNrjmcwq/8O8GL6OeNqVh3ZPB/Vbhu9z9DlWQnwcPa/RekQ-VeAOPx3EWbV/nCsXRWhqiK4se68g/h0yT7XpGv2_PEgW1/mWvxQK08717O8KL_/GEjrQs-Hqp_00Uh0/rxzifmNpKw5zj8Lx/als56agcdHw.webp",Ivory,S,unisex,adult,physique-club-oversized-gym-tee,Ivory
1175-TNEP00M,"Physique Club Oversized Gym Tee | Pump Cover — Ivory, M","Discipline. Dedication. A classic script Aesthetics over Physique Club, with a small kettlebell emblem — old-school bodybuilding, cleanly done. An aesthetic gym shirt for building your physique one session at a time. An oversized gym shirt with the print on the back and a clean front. Heavyweight, garment-dyed cotton that feels broken-in from the first wear. Wear it as a pump cover over your sports bra or tank, with bike shorts for an easy gym outfit, or style it as an oversized graphic tee outside the gym. Details Back print onlyComfort Colors 1717, 100% ring-spun cotton, 6.1 oz heavyweightGarment-dyed for a soft, slightly vintage finishRelaxed unisex fit, US sizingPrinted to orderFit: relaxed. For the oversized look, size up 1–2 — see the size guide in the photos. Care: wash cold, inside out, with like colors. Tumble dry low.",https://aesthwear.com/products/physique-club-oversized-gym-tee?utm_source=pinterest&utm_medium=catalog&utm_campaign=pinterest-catalog&utm_content=physique-club-oversized-gym-tee,https://meakamst-stack.github.io/aesth-pinterest-feed/pins/physique-club-01/physique-club-01-tee-ivory-gym-v1.jpg,34.00 USD,in stock,new,AESTH.,Apparel & Accessories > Clothing > Shirts & Tops,physique-club-oversized-gym-tee,"https://meakamst-stack.github.io/aesth-pinterest-feed/pins/physique-club-01/physique-club-01-tee-ivory-straat-v1.jpg,https://meakamst-stack.github.io/aesth-pinterest-feed/pins/physique-club-01/physique-club-01-tee-ivory-studio-v1.jpg,https://imgproxy.fourthwall.dev/C0u_yIyfX8J5IVo-AIiXT-s9U-WBl1CaFJGJD168jsQ/w:1920/sm:1/enc/WObFgpiOAI3t9XaO/QYnI4EO52kwkogKz/VYE-7Hw_hS5nyIF2/udlirO25JGIyw88Q/4ZpXq-qEcX1bHvQ3/pfQhG7L-NQ960ELC/ieH5HTTPUsmZGoEP/1US5KYtU4aMku-xK/rjfFrefbHqIPVut-/4K8B9wEZdwSNrblP/eU6lbWhRafjI9jNz/D-WRZW-ko8eNVqZy/IBKnTtoPNWqaPJlr/dYd3gWvhgaZb9jtg/3NY_DDnEcT4.webp,https://imgproxy.fourthwall.dev/bH10kQmYn8QTuKRw28YDS5LJK-Ukccgr4cSnzhIS5CA/w:1920/sm:1/enc/WWw6ik7H7-OqknkG/uq4nREvN-J3pg5H3/oHHZ4lJkx1-D-DlB/dJaO2kxMuencuiRi/KT5iVszz8dUoi75s/WH6n7dwMO4ZbWrpO/Jf4DsrwvhHLoBHc1/qsBzXCRYUWWwfYHv/dYI8dCheHMq_iYMB/lPouhtcLIIDWLY55/7y2vcxafcb1_0J64/AnipWJ1kNMtYeAue/JJX-aID6RwFJ7MsU/1Gy_rrKRlQwcGbyP/GAOccR1056w.webp,https://imgproxy.fourthwall.dev/M8ichTdkdCs1MMPm6Rdj2PQbook7ffF45u4t7ggSUp0/w:1920/sm:1/enc/4Lb47TF138w3zu-n/_4SAMCsixP92_nrL/mfwIuA3KBX38BEmu/7AIWdQpZXzBR-ayE/0LwAs83-H7mSqdRz/4NVPLQJhyNrjmcwq/8O8GL6OeNqVh3ZPB/Vbhu9z9DlWQnwcPa/RekQ-VeAOPx3EWbV/nCsXRWhqiK4se68g/h0yT7XpGv2_PEgW1/mWvxQK08717O8KL_/GEjrQs-Hqp_00Uh0/rxzifmNpKw5zj8Lx/als56agcdHw.webp",Ivory,M,unisex,adult,physique-club-oversized-gym-tee,Ivory
1175-MSFP00L,"Physique Club Oversized Gym Tee | Pump Cover — Ivory, L","Discipline. Dedication. A classic script Aesthetics over Physique Club, with a small kettlebell emblem — old-school bodybuilding, cleanly done. An aesthetic gym shirt for building your physique one session at a time. An oversized gym shirt with the print on the back and a clean front. Heavyweight, garment-dyed cotton that feels broken-in from the first wear. Wear it as a pump cover over your sports bra or tank, with bike shorts for an easy gym outfit, or style it as an oversized graphic tee outside the gym. Details Back print onlyComfort Colors 1717, 100% ring-spun cotton, 6.1 oz heavyweightGarment-dyed for a soft, slightly vintage finishRelaxed unisex fit, US sizingPrinted to orderFit: relaxed. For the oversized look, size up 1–2 — see the size guide in the photos. Care: wash cold, inside out, with like colors. Tumble dry low.",https://aesthwear.com/products/physique-club-oversized-gym-tee?utm_source=pinterest&utm_medium=catalog&utm_campaign=pinterest-catalog&utm_content=physique-club-oversized-gym-tee,https://meakamst-stack.github.io/aesth-pinterest-feed/pins/physique-club-01/physique-club-01-tee-ivory-gym-v1.jpg,34.00 USD,in stock,new,AESTH.,Apparel & Accessories > Clothing > Shirts & Tops,physique-club-oversized-gym-tee,"https://meakamst-stack.github.io/aesth-pinterest-feed/pins/physique-club-01/physique-club-01-tee-ivory-straat-v1.jpg,https://meakamst-stack.github.io/aesth-pinterest-feed/pins/physique-club-01/physique-club-01-tee-ivory-studio-v1.jpg,https://imgproxy.fourthwall.dev/C0u_yIyfX8J5IVo-AIiXT-s9U-WBl1CaFJGJD168jsQ/w:1920/sm:1/enc/WObFgpiOAI3t9XaO/QYnI4EO52kwkogKz/VYE-7Hw_hS5nyIF2/udlirO25JGIyw88Q/4ZpXq-qEcX1bHvQ3/pfQhG7L-NQ960ELC/ieH5HTTPUsmZGoEP/1US5KYtU4aMku-xK/rjfFrefbHqIPVut-/4K8B9wEZdwSNrblP/eU6lbWhRafjI9jNz/D-WRZW-ko8eNVqZy/IBKnTtoPNWqaPJlr/dYd3gWvhgaZb9jtg/3NY_DDnEcT4.webp,https://imgproxy.fourthwall.dev/bH10kQmYn8QTuKRw28YDS5LJK-Ukccgr4cSnzhIS5CA/w:1920/sm:1/enc/WWw6ik7H7-OqknkG/uq4nREvN-J3pg5H3/oHHZ4lJkx1-D-DlB/dJaO2kxMuencuiRi/KT5iVszz8dUoi75s/WH6n7dwMO4ZbWrpO/Jf4DsrwvhHLoBHc1/qsBzXCRYUWWwfYHv/dYI8dCheHMq_iYMB/lPouhtcLIIDWLY55/7y2vcxafcb1_0J64/AnipWJ1kNMtYeAue/JJX-aID6RwFJ7MsU/1Gy_rrKRlQwcGbyP/GAOccR1056w.webp,https://imgproxy.fourthwall.dev/M8ichTdkdCs1MMPm6Rdj2PQbook7ffF45u4t7ggSUp0/w:1920/sm:1/enc/4Lb47TF138w3zu-n/_4SAMCsixP92_nrL/mfwIuA3KBX38BEmu/7AIWdQpZXzBR-ayE/0LwAs83-H7mSqdRz/4NVPLQJhyNrjmcwq/8O8GL6OeNqVh3ZPB/Vbhu9z9DlWQnwcPa/RekQ-VeAOPx3EWbV/nCsXRWhqiK4se68g/h0yT7XpGv2_PEgW1/mWvxQK08717O8KL_/GEjrQs-Hqp_00Uh0/rxzifmNpKw5zj8Lx/als56agcdHw.webp",Ivory,L,unisex,adult,physique-club-oversized-gym-tee,Ivory
1175-U9XP0XL,"Physique Club Oversized Gym Tee | Pump Cover — Ivory, XL","Discipline. Dedication. A classic script Aesthetics over Physique Club, with a small kettlebell emblem — old-school bodybuilding, cleanly done. An aesthetic gym shirt for building your physique one session at a time. An oversized gym shirt with the print on the back and a clean front. Heavyweight, garment-dyed cotton that feels broken-in from the first wear. Wear it as a pump cover over your sports bra or tank, with bike shorts for an easy gym outfit, or style it as an oversized graphic tee outside the gym. Details Back print onlyComfort Colors 1717, 100% ring-spun cotton, 6.1 oz heavyweightGarment-dyed for a soft, slightly vintage finishRelaxed unisex fit, US sizingPrinted to orderFit: relaxed. For the oversized look, size up 1–2 — see the size guide in the photos. Care: wash cold, inside out, with like colors. Tumble dry low.",https://aesthwear.com/products/physique-club-oversized-gym-tee?utm_source=pinterest&utm_medium=catalog&utm_campaign=pinterest-catalog&utm_content=physique-club-oversized-gym-tee,https://meakamst-stack.github.io/aesth-pinterest-feed/pins/physique-club-01/physique-club-01-tee-ivory-gym-v1.jpg,34.00 USD,in stock,new,AESTH.,Apparel & Accessories > Clothing > Shirts & Tops,physique-club-oversized-gym-tee,"https://meakamst-stack.github.io/aesth-pinterest-feed/pins/physique-club-01/physique-club-01-tee-ivory-straat-v1.jpg,https://meakamst-stack.github.io/aesth-pinterest-feed/pins/physique-club-01/physique-club-01-tee-ivory-studio-v1.jpg,https://imgproxy.fourthwall.dev/C0u_yIyfX8J5IVo-AIiXT-s9U-WBl1CaFJGJD168jsQ/w:1920/sm:1/enc/WObFgpiOAI3t9XaO/QYnI4EO52kwkogKz/VYE-7Hw_hS5nyIF2/udlirO25JGIyw88Q/4ZpXq-qEcX1bHvQ3/pfQhG7L-NQ960ELC/ieH5HTTPUsmZGoEP/1US5KYtU4aMku-xK/rjfFrefbHqIPVut-/4K8B9wEZdwSNrblP/eU6lbWhRafjI9jNz/D-WRZW-ko8eNVqZy/IBKnTtoPNWqaPJlr/dYd3gWvhgaZb9jtg/3NY_DDnEcT4.webp,https://imgproxy.fourthwall.dev/bH10kQmYn8QTuKRw28YDS5LJK-Ukccgr4cSnzhIS5CA/w:1920/sm:1/enc/WWw6ik7H7-OqknkG/uq4nREvN-J3pg5H3/oHHZ4lJkx1-D-DlB/dJaO2kxMuencuiRi/KT5iVszz8dUoi75s/WH6n7dwMO4ZbWrpO/Jf4DsrwvhHLoBHc1/qsBzXCRYUWWwfYHv/dYI8dCheHMq_iYMB/lPouhtcLIIDWLY55/7y2vcxafcb1_0J64/AnipWJ1kNMtYeAue/JJX-aID6RwFJ7MsU/1Gy_rrKRlQwcGbyP/GAOccR1056w.webp,https://imgproxy.fourthwall.dev/M8ichTdkdCs1MMPm6Rdj2PQbook7ffF45u4t7ggSUp0/w:1920/sm:1/enc/4Lb47TF138w3zu-n/_4SAMCsixP92_nrL/mfwIuA3KBX38BEmu/7AIWdQpZXzBR-ayE/0LwAs83-H7mSqdRz/4NVPLQJhyNrjmcwq/8O8GL6OeNqVh3ZPB/Vbhu9z9DlWQnwcPa/RekQ-VeAOPx3EWbV/nCsXRWhqiK4se68g/h0yT7XpGv2_PEgW1/mWvxQK08717O8KL_/GEjrQs-Hqp_00Uh0/rxzifmNpKw5zj8Lx/als56agcdHw.webp",Ivory,XL,unisex,adult,physique-club-oversized-gym-tee,Ivory
1175-GU9P02X,"Physique Club Oversized Gym Tee | Pump Cover — Ivory, 2XL","Discipline. Dedication. A classic script Aesthetics over Physique Club, with a small kettlebell emblem — old-school bodybuilding, cleanly done. An aesthetic gym shirt for building your physique one session at a time. An oversized gym shirt with the print on the back and a clean front. Heavyweight, garment-dyed cotton that feels broken-in from the first wear. Wear it as a pump cover over your sports bra or tank, with bike shorts for an easy gym outfit, or style it as an oversized graphic tee outside the gym. Details Back print onlyComfort Colors 1717, 100% ring-spun cotton, 6.1 oz heavyweightGarment-dyed for a soft, slightly vintage finishRelaxed unisex fit, US sizingPrinted to orderFit: relaxed. For the oversized look, size up 1–2 — see the size guide in the photos. Care: wash cold, inside out, with like colors. Tumble dry low.",https://aesthwear.com/products/physique-club-oversized-gym-tee?utm_source=pinterest&utm_medium=catalog&utm_campaign=pinterest-catalog&utm_content=physique-club-oversized-gym-tee,https://meakamst-stack.github.io/aesth-pinterest-feed/pins/physique-club-01/physique-club-01-tee-ivory-gym-v1.jpg,36.00 USD,in stock,new,AESTH.,Apparel & Accessories > Clothing > Shirts & Tops,physique-club-oversized-gym-tee,"https://meakamst-stack.github.io/aesth-pinterest-feed/pins/physique-club-01/physique-club-01-tee-ivory-straat-v1.jpg,https://meakamst-stack.github.io/aesth-pinterest-feed/pins/physique-club-01/physique-club-01-tee-ivory-studio-v1.jpg,https://imgproxy.fourthwall.dev/C0u_yIyfX8J5IVo-AIiXT-s9U-WBl1CaFJGJD168jsQ/w:1920/sm:1/enc/WObFgpiOAI3t9XaO/QYnI4EO52kwkogKz/VYE-7Hw_hS5nyIF2/udlirO25JGIyw88Q/4ZpXq-qEcX1bHvQ3/pfQhG7L-NQ960ELC/ieH5HTTPUsmZGoEP/1US5KYtU4aMku-xK/rjfFrefbHqIPVut-/4K8B9wEZdwSNrblP/eU6lbWhRafjI9jNz/D-WRZW-ko8eNVqZy/IBKnTtoPNWqaPJlr/dYd3gWvhgaZb9jtg/3NY_DDnEcT4.webp,https://imgproxy.fourthwall.dev/bH10kQmYn8QTuKRw28YDS5LJK-Ukccgr4cSnzhIS5CA/w:1920/sm:1/enc/WWw6ik7H7-OqknkG/uq4nREvN-J3pg5H3/oHHZ4lJkx1-D-DlB/dJaO2kxMuencuiRi/KT5iVszz8dUoi75s/WH6n7dwMO4ZbWrpO/Jf4DsrwvhHLoBHc1/qsBzXCRYUWWwfYHv/dYI8dCheHMq_iYMB/lPouhtcLIIDWLY55/7y2vcxafcb1_0J64/AnipWJ1kNMtYeAue/JJX-aID6RwFJ7MsU/1Gy_rrKRlQwcGbyP/GAOccR1056w.webp,https://imgproxy.fourthwall.dev/M8ichTdkdCs1MMPm6Rdj2PQbook7ffF45u4t7ggSUp0/w:1920/sm:1/enc/4Lb47TF138w3zu-n/_4SAMCsixP92_nrL/mfwIuA3KBX38BEmu/7AIWdQpZXzBR-ayE/0LwAs83-H7mSqdRz/4NVPLQJhyNrjmcwq/8O8GL6OeNqVh3ZPB/Vbhu9z9DlWQnwcPa/RekQ-VeAOPx3EWbV/nCsXRWhqiK4se68g/h0yT7XpGv2_PEgW1/mWvxQK08717O8KL_/GEjrQs-Hqp_00Uh0/rxzifmNpKw5zj8Lx/als56agcdHw.webp",Ivory,2XL,unisex,adult,physique-club-oversized-gym-tee,Ivory
1175-1SKP03X,"Physique Club Oversized Gym Tee | Pump Cover — Ivory, 3XL","Discipline. Dedication. A classic script Aesthetics over Physique Club, with a small kettlebell emblem — old-school bodybuilding, cleanly done. An aesthetic gym shirt for building your physique one session at a time. An oversized gym shirt with the print on the back and a clean front. Heavyweight, garment-dyed cotton that feels broken-in from the first wear. Wear it as a pump cover over your sports bra or tank, with bike shorts for an easy gym outfit, or style it as an oversized graphic tee outside the gym. Details Back print onlyComfort Colors 1717, 100% ring-spun cotton, 6.1 oz heavyweightGarment-dyed for a soft, slightly vintage finishRelaxed unisex fit, US sizingPrinted to orderFit: relaxed. For the oversized look, size up 1–2 — see the size guide in the photos. Care: wash cold, inside out, with like colors. Tumble dry low.",https://aesthwear.com/products/physique-club-oversized-gym-tee?utm_source=pinterest&utm_medium=catalog&utm_campaign=pinterest-catalog&utm_content=physique-club-oversized-gym-tee,https://meakamst-stack.github.io/aesth-pinterest-feed/pins/physique-club-01/physique-club-01-tee-ivory-gym-v1.jpg,38.00 USD,in stock,new,AESTH.,Apparel & Accessories > Clothing > Shirts & Tops,physique-club-oversized-gym-tee,"https://meakamst-stack.github.io/aesth-pinterest-feed/pins/physique-club-01/physique-club-01-tee-ivory-straat-v1.jpg,https://meakamst-stack.github.io/aesth-pinterest-feed/pins/physique-club-01/physique-club-01-tee-ivory-studio-v1.jpg,https://imgproxy.fourthwall.dev/C0u_yIyfX8J5IVo-AIiXT-s9U-WBl1CaFJGJD168jsQ/w:1920/sm:1/enc/WObFgpiOAI3t9XaO/QYnI4EO52kwkogKz/VYE-7Hw_hS5nyIF2/udlirO25JGIyw88Q/4ZpXq-qEcX1bHvQ3/pfQhG7L-NQ960ELC/ieH5HTTPUsmZGoEP/1US5KYtU4aMku-xK/rjfFrefbHqIPVut-/4K8B9wEZdwSNrblP/eU6lbWhRafjI9jNz/D-WRZW-ko8eNVqZy/IBKnTtoPNWqaPJlr/dYd3gWvhgaZb9jtg/3NY_DDnEcT4.webp,https://imgproxy.fourthwall.dev/bH10kQmYn8QTuKRw28YDS5LJK-Ukccgr4cSnzhIS5CA/w:1920/sm:1/enc/WWw6ik7H7-OqknkG/uq4nREvN-J3pg5H3/oHHZ4lJkx1-D-DlB/dJaO2kxMuencuiRi/KT5iVszz8dUoi75s/WH6n7dwMO4ZbWrpO/Jf4DsrwvhHLoBHc1/qsBzXCRYUWWwfYHv/dYI8dCheHMq_iYMB/lPouhtcLIIDWLY55/7y2vcxafcb1_0J64/AnipWJ1kNMtYeAue/JJX-aID6RwFJ7MsU/1Gy_rrKRlQwcGbyP/GAOccR1056w.webp,https://imgproxy.fourthwall.dev/M8ichTdkdCs1MMPm6Rdj2PQbook7ffF45u4t7ggSUp0/w:1920/sm:1/enc/4Lb47TF138w3zu-n/_4SAMCsixP92_nrL/mfwIuA3KBX38BEmu/7AIWdQpZXzBR-ayE/0LwAs83-H7mSqdRz/4NVPLQJhyNrjmcwq/8O8GL6OeNqVh3ZPB/Vbhu9z9DlWQnwcPa/RekQ-VeAOPx3EWbV/nCsXRWhqiK4se68g/h0yT7XpGv2_PEgW1/mWvxQK08717O8KL_/GEjrQs-Hqp_00Uh0/rxzifmNpKw5zj8Lx/als56agcdHw.webp",Ivory,3XL,unisex,adult,physique-club-oversized-gym-tee,Ivory
1175-CPXP04X,"Physique Club Oversized Gym Tee | Pump Cover — Ivory, 4XL","Discipline. Dedication. A classic script Aesthetics over Physique Club, with a small kettlebell emblem — old-school bodybuilding, cleanly done. An aesthetic gym shirt for building your physique one session at a time. An oversized gym shirt with the print on the back and a clean front. Heavyweight, garment-dyed cotton that feels broken-in from the first wear. Wear it as a pump cover over your sports bra or tank, with bike shorts for an easy gym outfit, or style it as an oversized graphic tee outside the gym. Details Back print onlyComfort Colors 1717, 100% ring-spun cotton, 6.1 oz heavyweightGarment-dyed for a soft, slightly vintage finishRelaxed unisex fit, US sizingPrinted to orderFit: relaxed. For the oversized look, size up 1–2 — see the size guide in the photos. Care: wash cold, inside out, with like colors. Tumble dry low.",https://aesthwear.com/products/physique-club-oversized-gym-tee?utm_source=pinterest&utm_medium=catalog&utm_campaign=pinterest-catalog&utm_content=physique-club-oversized-gym-tee,https://meakamst-stack.github.io/aesth-pinterest-feed/pins/physique-club-01/physique-club-01-tee-ivory-gym-v1.jpg,40.00 USD,in stock,new,AESTH.,Apparel & Accessories > Clothing > Shirts & Tops,physique-club-oversized-gym-tee,"https://meakamst-stack.github.io/aesth-pinterest-feed/pins/physique-club-01/physique-club-01-tee-ivory-straat-v1.jpg,https://meakamst-stack.github.io/aesth-pinterest-feed/pins/physique-club-01/physique-club-01-tee-ivory-studio-v1.jpg,https://imgproxy.fourthwall.dev/C0u_yIyfX8J5IVo-AIiXT-s9U-WBl1CaFJGJD168jsQ/w:1920/sm:1/enc/WObFgpiOAI3t9XaO/QYnI4EO52kwkogKz/VYE-7Hw_hS5nyIF2/udlirO25JGIyw88Q/4ZpXq-qEcX1bHvQ3/pfQhG7L-NQ960ELC/ieH5HTTPUsmZGoEP/1US5KYtU4aMku-xK/rjfFrefbHqIPVut-/4K8B9wEZdwSNrblP/eU6lbWhRafjI9jNz/D-WRZW-ko8eNVqZy/IBKnTtoPNWqaPJlr/dYd3gWvhgaZb9jtg/3NY_DDnEcT4.webp,https://imgproxy.fourthwall.dev/bH10kQmYn8QTuKRw28YDS5LJK-Ukccgr4cSnzhIS5CA/w:1920/sm:1/enc/WWw6ik7H7-OqknkG/uq4nREvN-J3pg5H3/oHHZ4lJkx1-D-DlB/dJaO2kxMuencuiRi/KT5iVszz8dUoi75s/WH6n7dwMO4ZbWrpO/Jf4DsrwvhHLoBHc1/qsBzXCRYUWWwfYHv/dYI8dCheHMq_iYMB/lPouhtcLIIDWLY55/7y2vcxafcb1_0J64/AnipWJ1kNMtYeAue/JJX-aID6RwFJ7MsU/1Gy_rrKRlQwcGbyP/GAOccR1056w.webp,https://imgproxy.fourthwall.dev/M8ichTdkdCs1MMPm6Rdj2PQbook7ffF45u4t7ggSUp0/w:1920/sm:1/enc/4Lb47TF138w3zu-n/_4SAMCsixP92_nrL/mfwIuA3KBX38BEmu/7AIWdQpZXzBR-ayE/0LwAs83-H7mSqdRz/4NVPLQJhyNrjmcwq/8O8GL6OeNqVh3ZPB/Vbhu9z9DlWQnwcPa/RekQ-VeAOPx3EWbV/nCsXRWhqiK4se68g/h0yT7XpGv2_PEgW1/mWvxQK08717O8KL_/GEjrQs-Hqp_00Uh0/rxzifmNpKw5zj8Lx/als56agcdHw.webp",Ivory,4XL,unisex,adult,physique-club-oversized-gym-tee,Ivory
151R-P7X200S,"Deadlift Silhouette Oversized Gym Tee | Pump Cover — Black, S","Hips back. Bar close. Stand tall. A distressed deadlift silhouette, framed on the back — minimal, graphic and unmistakably strong. One of those lifting shirts for women that says enough without a single word. An oversized gym shirt with the print on the back and a clean front. Heavyweight, garment-dyed cotton that feels broken-in from the first wear. Wear it as a pump cover over your sports bra or tank, with bike shorts for an easy gym outfit, or style it as an oversized graphic tee outside the gym. Details Back print onlyComfort Colors 1717, 100% ring-spun cotton, 6.1 oz heavyweightGarment-dyed for a soft, slightly vintage finishRelaxed unisex fit, US sizingPrinted to orderFit: relaxed. For the oversized look, size up 1–2 — see the size guide in the photos. Care: wash cold, inside out, with like colors. Tumble dry low.",https://aesthwear.com/products/deadlift-silhouette-oversized-gym-tee?utm_source=pinterest&utm_medium=catalog&utm_campaign=pinterest-catalog&utm_content=deadlift-silhouette-oversized-gym-tee,https://meakamst-stack.github.io/aesth-pinterest-feed/pins/deadlift-01/deadlift-01-tee-black-gym-v1.jpg,34.00 USD,in stock,new,AESTH.,Apparel & Accessories > Clothing > Shirts & Tops,deadlift-silhouette-oversized-gym-tee,"https://meakamst-stack.github.io/aesth-pinterest-feed/pins/deadlift-01/deadlift-01-tee-black-straat-v1.jpg,https://meakamst-stack.github.io/aesth-pinterest-feed/pins/deadlift-01/deadlift-01-tee-black-studio-v1.jpg,https://imgproxy.fourthwall.dev/PMBMNpBMFaYa7Z6IbUQXh8TGHEwJ2ddYGTqcI0vvNBc/w:1920/sm:1/enc/m8xFy9UDdYXaFmMU/EMmwoP-bPOyfNlRQ/1ELJ1v6rXKzdYbXQ/x1DMs9ISKUSX00Jn/fzRRZ4OEVhVKLPog/Q6CH8VvKPwWeXig9/0PD1dUarI3VIbu_M/BIfztmO4eXCvz-0P/sWZN4vaAIR1JDI9u/Rd4ZZca_PJblo90V/27_Uvqo2TvnzE-UW/H0L_q_z4lK4s0uA7/th2CrAcLxl1xHyAF/kHljpo8e6nXYBqHr/LxPkN4VAx4o.webp,https://imgproxy.fourthwall.dev/CUBL2BqeoxQSKlZcHkHteRzFP_wScsjUr0gp4bTg2zM/w:1920/sm:1/enc/zO1_IFDCBh_QfGl7/1mLw5-jjRMbHn9tJ/Ew3q1sRdShM1qD8Q/fPF-fWM6PnaQtvH_/0OWEj46q_v_brke4/ULrqb2vnGraIZIYg/iAEfqAzFspRwVTZr/bnWVOMP0_WHWN8fB/LOt3J01meh4b-0V6/AYdHYjuO6Bt42eb1/ZaUWZeM1vYcrdWLQ/RPvOXkhEhRqz6Uat/VTkUiZTimRpbncwb/xLd84ZMX4Zqb93os/OwfTBDlxwHw.webp,https://imgproxy.fourthwall.dev/nHxpluB0EWitfl7jvjIlis6z8CAmcBqJZsQjzxS-um8/w:1920/sm:1/enc/nY6GrmR2uiwhxopH/1JTqEYPBy9KhztbF/K7PC2PFUGix0Jck8/qx3BDEMCh2amE5yF/JSCfWG7lUdqmqphB/EE5nyJll1IiomRES/i2gvJ7N76eFRc-4J/b-OgXTwMDqHMICFi/yw66I5o10GIhCipY/Xw4JQw7GzysuSx1X/SukqkJZ4IbTlH_6K/-aKcIbakJoIWYFR-/yDv5-E13aaqhPXIm/nCzzW8Ds7BvqmhdM/PryYYLJYlbQ.webp",Black,S,unisex,adult,deadlift-silhouette-oversized-gym-tee,Black
151R-8YW200M,"Deadlift Silhouette Oversized Gym Tee | Pump Cover — Black, M","Hips back. Bar close. Stand tall. A distressed deadlift silhouette, framed on the back — minimal, graphic and unmistakably strong. One of those lifting shirts for women that says enough without a single word. An oversized gym shirt with the print on the back and a clean front. Heavyweight, garment-dyed cotton that feels broken-in from the first wear. Wear it as a pump cover over your sports bra or tank, with bike shorts for an easy gym outfit, or style it as an oversized graphic tee outside the gym. Details Back print onlyComfort Colors 1717, 100% ring-spun cotton, 6.1 oz heavyweightGarment-dyed for a soft, slightly vintage finishRelaxed unisex fit, US sizingPrinted to orderFit: relaxed. For the oversized look, size up 1–2 — see the size guide in the photos. Care: wash cold, inside out, with like colors. Tumble dry low.",https://aesthwear.com/products/deadlift-silhouette-oversized-gym-tee?utm_source=pinterest&utm_medium=catalog&utm_campaign=pinterest-catalog&utm_content=deadlift-silhouette-oversized-gym-tee,https://meakamst-stack.github.io/aesth-pinterest-feed/pins/deadlift-01/deadlift-01-tee-black-gym-v1.jpg,34.00 USD,in stock,new,AESTH.,Apparel & Accessories > Clothing > Shirts & Tops,deadlift-silhouette-oversized-gym-tee,"https://meakamst-stack.github.io/aesth-pinterest-feed/pins/deadlift-01/deadlift-01-tee-black-straat-v1.jpg,https://meakamst-stack.github.io/aesth-pinterest-feed/pins/deadlift-01/deadlift-01-tee-black-studio-v1.jpg,https://imgproxy.fourthwall.dev/PMBMNpBMFaYa7Z6IbUQXh8TGHEwJ2ddYGTqcI0vvNBc/w:1920/sm:1/enc/m8xFy9UDdYXaFmMU/EMmwoP-bPOyfNlRQ/1ELJ1v6rXKzdYbXQ/x1DMs9ISKUSX00Jn/fzRRZ4OEVhVKLPog/Q6CH8VvKPwWeXig9/0PD1dUarI3VIbu_M/BIfztmO4eXCvz-0P/sWZN4vaAIR1JDI9u/Rd4ZZca_PJblo90V/27_Uvqo2TvnzE-UW/H0L_q_z4lK4s0uA7/th2CrAcLxl1xHyAF/kHljpo8e6nXYBqHr/LxPkN4VAx4o.webp,https://imgproxy.fourthwall.dev/CUBL2BqeoxQSKlZcHkHteRzFP_wScsjUr0gp4bTg2zM/w:1920/sm:1/enc/zO1_IFDCBh_QfGl7/1mLw5-jjRMbHn9tJ/Ew3q1sRdShM1qD8Q/fPF-fWM6PnaQtvH_/0OWEj46q_v_brke4/ULrqb2vnGraIZIYg/iAEfqAzFspRwVTZr/bnWVOMP0_WHWN8fB/LOt3J01meh4b-0V6/AYdHYjuO6Bt42eb1/ZaUWZeM1vYcrdWLQ/RPvOXkhEhRqz6Uat/VTkUiZTimRpbncwb/xLd84ZMX4Zqb93os/OwfTBDlxwHw.webp,https://imgproxy.fourthwall.dev/nHxpluB0EWitfl7jvjIlis6z8CAmcBqJZsQjzxS-um8/w:1920/sm:1/enc/nY6GrmR2uiwhxopH/1JTqEYPBy9KhztbF/K7PC2PFUGix0Jck8/qx3BDEMCh2amE5yF/JSCfWG7lUdqmqphB/EE5nyJll1IiomRES/i2gvJ7N76eFRc-4J/b-OgXTwMDqHMICFi/yw66I5o10GIhCipY/Xw4JQw7GzysuSx1X/SukqkJZ4IbTlH_6K/-aKcIbakJoIWYFR-/yDv5-E13aaqhPXIm/nCzzW8Ds7BvqmhdM/PryYYLJYlbQ.webp",Black,M,unisex,adult,deadlift-silhouette-oversized-gym-tee,Black
151R-1TJ200L,"Deadlift Silhouette Oversized Gym Tee | Pump Cover — Black, L","Hips back. Bar close. Stand tall. A distressed deadlift silhouette, framed on the back — minimal, graphic and unmistakably strong. One of those lifting shirts for women that says enough without a single word. An oversized gym shirt with the print on the back and a clean front. Heavyweight, garment-dyed cotton that feels broken-in from the first wear. Wear it as a pump cover over your sports bra or tank, with bike shorts for an easy gym outfit, or style it as an oversized graphic tee outside the gym. Details Back print onlyComfort Colors 1717, 100% ring-spun cotton, 6.1 oz heavyweightGarment-dyed for a soft, slightly vintage finishRelaxed unisex fit, US sizingPrinted to orderFit: relaxed. For the oversized look, size up 1–2 — see the size guide in the photos. Care: wash cold, inside out, with like colors. Tumble dry low.",https://aesthwear.com/products/deadlift-silhouette-oversized-gym-tee?utm_source=pinterest&utm_medium=catalog&utm_campaign=pinterest-catalog&utm_content=deadlift-silhouette-oversized-gym-tee,https://meakamst-stack.github.io/aesth-pinterest-feed/pins/deadlift-01/deadlift-01-tee-black-gym-v1.jpg,34.00 USD,in stock,new,AESTH.,Apparel & Accessories > Clothing > Shirts & Tops,deadlift-silhouette-oversized-gym-tee,"https://meakamst-stack.github.io/aesth-pinterest-feed/pins/deadlift-01/deadlift-01-tee-black-straat-v1.jpg,https://meakamst-stack.github.io/aesth-pinterest-feed/pins/deadlift-01/deadlift-01-tee-black-studio-v1.jpg,https://imgproxy.fourthwall.dev/PMBMNpBMFaYa7Z6IbUQXh8TGHEwJ2ddYGTqcI0vvNBc/w:1920/sm:1/enc/m8xFy9UDdYXaFmMU/EMmwoP-bPOyfNlRQ/1ELJ1v6rXKzdYbXQ/x1DMs9ISKUSX00Jn/fzRRZ4OEVhVKLPog/Q6CH8VvKPwWeXig9/0PD1dUarI3VIbu_M/BIfztmO4eXCvz-0P/sWZN4vaAIR1JDI9u/Rd4ZZca_PJblo90V/27_Uvqo2TvnzE-UW/H0L_q_z4lK4s0uA7/th2CrAcLxl1xHyAF/kHljpo8e6nXYBqHr/LxPkN4VAx4o.webp,https://imgproxy.fourthwall.dev/CUBL2BqeoxQSKlZcHkHteRzFP_wScsjUr0gp4bTg2zM/w:1920/sm:1/enc/zO1_IFDCBh_QfGl7/1mLw5-jjRMbHn9tJ/Ew3q1sRdShM1qD8Q/fPF-fWM6PnaQtvH_/0OWEj46q_v_brke4/ULrqb2vnGraIZIYg/iAEfqAzFspRwVTZr/bnWVOMP0_WHWN8fB/LOt3J01meh4b-0V6/AYdHYjuO6Bt42eb1/ZaUWZeM1vYcrdWLQ/RPvOXkhEhRqz6Uat/VTkUiZTimRpbncwb/xLd84ZMX4Zqb93os/OwfTBDlxwHw.webp,https://imgproxy.fourthwall.dev/nHxpluB0EWitfl7jvjIlis6z8CAmcBqJZsQjzxS-um8/w:1920/sm:1/enc/nY6GrmR2uiwhxopH/1JTqEYPBy9KhztbF/K7PC2PFUGix0Jck8/qx3BDEMCh2amE5yF/JSCfWG7lUdqmqphB/EE5nyJll1IiomRES/i2gvJ7N76eFRc-4J/b-OgXTwMDqHMICFi/yw66I5o10GIhCipY/Xw4JQw7GzysuSx1X/SukqkJZ4IbTlH_6K/-aKcIbakJoIWYFR-/yDv5-E13aaqhPXIm/nCzzW8Ds7BvqmhdM/PryYYLJYlbQ.webp",Black,L,unisex,adult,deadlift-silhouette-oversized-gym-tee,Black
151R-LDU20XL,"Deadlift Silhouette Oversized Gym Tee | Pump Cover — Black, XL","Hips back. Bar close. Stand tall. A distressed deadlift silhouette, framed on the back — minimal, graphic and unmistakably strong. One of those lifting shirts for women that says enough without a single word. An oversized gym shirt with the print on the back and a clean front. Heavyweight, garment-dyed cotton that feels broken-in from the first wear. Wear it as a pump cover over your sports bra or tank, with bike shorts for an easy gym outfit, or style it as an oversized graphic tee outside the gym. Details Back print onlyComfort Colors 1717, 100% ring-spun cotton, 6.1 oz heavyweightGarment-dyed for a soft, slightly vintage finishRelaxed unisex fit, US sizingPrinted to orderFit: relaxed. For the oversized look, size up 1–2 — see the size guide in the photos. Care: wash cold, inside out, with like colors. Tumble dry low.",https://aesthwear.com/products/deadlift-silhouette-oversized-gym-tee?utm_source=pinterest&utm_medium=catalog&utm_campaign=pinterest-catalog&utm_content=deadlift-silhouette-oversized-gym-tee,https://meakamst-stack.github.io/aesth-pinterest-feed/pins/deadlift-01/deadlift-01-tee-black-gym-v1.jpg,34.00 USD,in stock,new,AESTH.,Apparel & Accessories > Clothing > Shirts & Tops,deadlift-silhouette-oversized-gym-tee,"https://meakamst-stack.github.io/aesth-pinterest-feed/pins/deadlift-01/deadlift-01-tee-black-straat-v1.jpg,https://meakamst-stack.github.io/aesth-pinterest-feed/pins/deadlift-01/deadlift-01-tee-black-studio-v1.jpg,https://imgproxy.fourthwall.dev/PMBMNpBMFaYa7Z6IbUQXh8TGHEwJ2ddYGTqcI0vvNBc/w:1920/sm:1/enc/m8xFy9UDdYXaFmMU/EMmwoP-bPOyfNlRQ/1ELJ1v6rXKzdYbXQ/x1DMs9ISKUSX00Jn/fzRRZ4OEVhVKLPog/Q6CH8VvKPwWeXig9/0PD1dUarI3VIbu_M/BIfztmO4eXCvz-0P/sWZN4vaAIR1JDI9u/Rd4ZZca_PJblo90V/27_Uvqo2TvnzE-UW/H0L_q_z4lK4s0uA7/th2CrAcLxl1xHyAF/kHljpo8e6nXYBqHr/LxPkN4VAx4o.webp,https://imgproxy.fourthwall.dev/CUBL2BqeoxQSKlZcHkHteRzFP_wScsjUr0gp4bTg2zM/w:1920/sm:1/enc/zO1_IFDCBh_QfGl7/1mLw5-jjRMbHn9tJ/Ew3q1sRdShM1qD8Q/fPF-fWM6PnaQtvH_/0OWEj46q_v_brke4/ULrqb2vnGraIZIYg/iAEfqAzFspRwVTZr/bnWVOMP0_WHWN8fB/LOt3J01meh4b-0V6/AYdHYjuO6Bt42eb1/ZaUWZeM1vYcrdWLQ/RPvOXkhEhRqz6Uat/VTkUiZTimRpbncwb/xLd84ZMX4Zqb93os/OwfTBDlxwHw.webp,https://imgproxy.fourthwall.dev/nHxpluB0EWitfl7jvjIlis6z8CAmcBqJZsQjzxS-um8/w:1920/sm:1/enc/nY6GrmR2uiwhxopH/1JTqEYPBy9KhztbF/K7PC2PFUGix0Jck8/qx3BDEMCh2amE5yF/JSCfWG7lUdqmqphB/EE5nyJll1IiomRES/i2gvJ7N76eFRc-4J/b-OgXTwMDqHMICFi/yw66I5o10GIhCipY/Xw4JQw7GzysuSx1X/SukqkJZ4IbTlH_6K/-aKcIbakJoIWYFR-/yDv5-E13aaqhPXIm/nCzzW8Ds7BvqmhdM/PryYYLJYlbQ.webp",Black,XL,unisex,adult,deadlift-silhouette-oversized-gym-tee,Black
151R-EFD202X,"Deadlift Silhouette Oversized Gym Tee | Pump Cover — Black, 2XL","Hips back. Bar close. Stand tall. A distressed deadlift silhouette, framed on the back — minimal, graphic and unmistakably strong. One of those lifting shirts for women that says enough without a single word. An oversized gym shirt with the print on the back and a clean front. Heavyweight, garment-dyed cotton that feels broken-in from the first wear. Wear it as a pump cover over your sports bra or tank, with bike shorts for an easy gym outfit, or style it as an oversized graphic tee outside the gym. Details Back print onlyComfort Colors 1717, 100% ring-spun cotton, 6.1 oz heavyweightGarment-dyed for a soft, slightly vintage finishRelaxed unisex fit, US sizingPrinted to orderFit: relaxed. For the oversized look, size up 1–2 — see the size guide in the photos. Care: wash cold, inside out, with like colors. Tumble dry low.",https://aesthwear.com/products/deadlift-silhouette-oversized-gym-tee?utm_source=pinterest&utm_medium=catalog&utm_campaign=pinterest-catalog&utm_content=deadlift-silhouette-oversized-gym-tee,https://meakamst-stack.github.io/aesth-pinterest-feed/pins/deadlift-01/deadlift-01-tee-black-gym-v1.jpg,36.00 USD,in stock,new,AESTH.,Apparel & Accessories > Clothing > Shirts & Tops,deadlift-silhouette-oversized-gym-tee,"https://meakamst-stack.github.io/aesth-pinterest-feed/pins/deadlift-01/deadlift-01-tee-black-straat-v1.jpg,https://meakamst-stack.github.io/aesth-pinterest-feed/pins/deadlift-01/deadlift-01-tee-black-studio-v1.jpg,https://imgproxy.fourthwall.dev/PMBMNpBMFaYa7Z6IbUQXh8TGHEwJ2ddYGTqcI0vvNBc/w:1920/sm:1/enc/m8xFy9UDdYXaFmMU/EMmwoP-bPOyfNlRQ/1ELJ1v6rXKzdYbXQ/x1DMs9ISKUSX00Jn/fzRRZ4OEVhVKLPog/Q6CH8VvKPwWeXig9/0PD1dUarI3VIbu_M/BIfztmO4eXCvz-0P/sWZN4vaAIR1JDI9u/Rd4ZZca_PJblo90V/27_Uvqo2TvnzE-UW/H0L_q_z4lK4s0uA7/th2CrAcLxl1xHyAF/kHljpo8e6nXYBqHr/LxPkN4VAx4o.webp,https://imgproxy.fourthwall.dev/CUBL2BqeoxQSKlZcHkHteRzFP_wScsjUr0gp4bTg2zM/w:1920/sm:1/enc/zO1_IFDCBh_QfGl7/1mLw5-jjRMbHn9tJ/Ew3q1sRdShM1qD8Q/fPF-fWM6PnaQtvH_/0OWEj46q_v_brke4/ULrqb2vnGraIZIYg/iAEfqAzFspRwVTZr/bnWVOMP0_WHWN8fB/LOt3J01meh4b-0V6/AYdHYjuO6Bt42eb1/ZaUWZeM1vYcrdWLQ/RPvOXkhEhRqz6Uat/VTkUiZTimRpbncwb/xLd84ZMX4Zqb93os/OwfTBDlxwHw.webp,https://imgproxy.fourthwall.dev/nHxpluB0EWitfl7jvjIlis6z8CAmcBqJZsQjzxS-um8/w:1920/sm:1/enc/nY6GrmR2uiwhxopH/1JTqEYPBy9KhztbF/K7PC2PFUGix0Jck8/qx3BDEMCh2amE5yF/JSCfWG7lUdqmqphB/EE5nyJll1IiomRES/i2gvJ7N76eFRc-4J/b-OgXTwMDqHMICFi/yw66I5o10GIhCipY/Xw4JQw7GzysuSx1X/SukqkJZ4IbTlH_6K/-aKcIbakJoIWYFR-/yDv5-E13aaqhPXIm/nCzzW8Ds7BvqmhdM/PryYYLJYlbQ.webp",Black,2XL,unisex,adult,deadlift-silhouette-oversized-gym-tee,Black
151R-ARP203X,"Deadlift Silhouette Oversized Gym Tee | Pump Cover — Black, 3XL","Hips back. Bar close. Stand tall. A distressed deadlift silhouette, framed on the back — minimal, graphic and unmistakably strong. One of those lifting shirts for women that says enough without a single word. An oversized gym shirt with the print on the back and a clean front. Heavyweight, garment-dyed cotton that feels broken-in from the first wear. Wear it as a pump cover over your sports bra or tank, with bike shorts for an easy gym outfit, or style it as an oversized graphic tee outside the gym. Details Back print onlyComfort Colors 1717, 100% ring-spun cotton, 6.1 oz heavyweightGarment-dyed for a soft, slightly vintage finishRelaxed unisex fit, US sizingPrinted to orderFit: relaxed. For the oversized look, size up 1–2 — see the size guide in the photos. Care: wash cold, inside out, with like colors. Tumble dry low.",https://aesthwear.com/products/deadlift-silhouette-oversized-gym-tee?utm_source=pinterest&utm_medium=catalog&utm_campaign=pinterest-catalog&utm_content=deadlift-silhouette-oversized-gym-tee,https://meakamst-stack.github.io/aesth-pinterest-feed/pins/deadlift-01/deadlift-01-tee-black-gym-v1.jpg,38.00 USD,in stock,new,AESTH.,Apparel & Accessories > Clothing > Shirts & Tops,deadlift-silhouette-oversized-gym-tee,"https://meakamst-stack.github.io/aesth-pinterest-feed/pins/deadlift-01/deadlift-01-tee-black-straat-v1.jpg,https://meakamst-stack.github.io/aesth-pinterest-feed/pins/deadlift-01/deadlift-01-tee-black-studio-v1.jpg,https://imgproxy.fourthwall.dev/PMBMNpBMFaYa7Z6IbUQXh8TGHEwJ2ddYGTqcI0vvNBc/w:1920/sm:1/enc/m8xFy9UDdYXaFmMU/EMmwoP-bPOyfNlRQ/1ELJ1v6rXKzdYbXQ/x1DMs9ISKUSX00Jn/fzRRZ4OEVhVKLPog/Q6CH8VvKPwWeXig9/0PD1dUarI3VIbu_M/BIfztmO4eXCvz-0P/sWZN4vaAIR1JDI9u/Rd4ZZca_PJblo90V/27_Uvqo2TvnzE-UW/H0L_q_z4lK4s0uA7/th2CrAcLxl1xHyAF/kHljpo8e6nXYBqHr/LxPkN4VAx4o.webp,https://imgproxy.fourthwall.dev/CUBL2BqeoxQSKlZcHkHteRzFP_wScsjUr0gp4bTg2zM/w:1920/sm:1/enc/zO1_IFDCBh_QfGl7/1mLw5-jjRMbHn9tJ/Ew3q1sRdShM1qD8Q/fPF-fWM6PnaQtvH_/0OWEj46q_v_brke4/ULrqb2vnGraIZIYg/iAEfqAzFspRwVTZr/bnWVOMP0_WHWN8fB/LOt3J01meh4b-0V6/AYdHYjuO6Bt42eb1/ZaUWZeM1vYcrdWLQ/RPvOXkhEhRqz6Uat/VTkUiZTimRpbncwb/xLd84ZMX4Zqb93os/OwfTBDlxwHw.webp,https://imgproxy.fourthwall.dev/nHxpluB0EWitfl7jvjIlis6z8CAmcBqJZsQjzxS-um8/w:1920/sm:1/enc/nY6GrmR2uiwhxopH/1JTqEYPBy9KhztbF/K7PC2PFUGix0Jck8/qx3BDEMCh2amE5yF/JSCfWG7lUdqmqphB/EE5nyJll1IiomRES/i2gvJ7N76eFRc-4J/b-OgXTwMDqHMICFi/yw66I5o10GIhCipY/Xw4JQw7GzysuSx1X/SukqkJZ4IbTlH_6K/-aKcIbakJoIWYFR-/yDv5-E13aaqhPXIm/nCzzW8Ds7BvqmhdM/PryYYLJYlbQ.webp",Black,3XL,unisex,adult,deadlift-silhouette-oversized-gym-tee,Black
151R-K2Y204X,"Deadlift Silhouette Oversized Gym Tee | Pump Cover — Black, 4XL","Hips back. Bar close. Stand tall. A distressed deadlift silhouette, framed on the back — minimal, graphic and unmistakably strong. One of those lifting shirts for women that says enough without a single word. An oversized gym shirt with the print on the back and a clean front. Heavyweight, garment-dyed cotton that feels broken-in from the first wear. Wear it as a pump cover over your sports bra or tank, with bike shorts for an easy gym outfit, or style it as an oversized graphic tee outside the gym. Details Back print onlyComfort Colors 1717, 100% ring-spun cotton, 6.1 oz heavyweightGarment-dyed for a soft, slightly vintage finishRelaxed unisex fit, US sizingPrinted to orderFit: relaxed. For the oversized look, size up 1–2 — see the size guide in the photos. Care: wash cold, inside out, with like colors. Tumble dry low.",https://aesthwear.com/products/deadlift-silhouette-oversized-gym-tee?utm_source=pinterest&utm_medium=catalog&utm_campaign=pinterest-catalog&utm_content=deadlift-silhouette-oversized-gym-tee,https://meakamst-stack.github.io/aesth-pinterest-feed/pins/deadlift-01/deadlift-01-tee-black-gym-v1.jpg,40.00 USD,in stock,new,AESTH.,Apparel & Accessories > Clothing > Shirts & Tops,deadlift-silhouette-oversized-gym-tee,"https://meakamst-stack.github.io/aesth-pinterest-feed/pins/deadlift-01/deadlift-01-tee-black-straat-v1.jpg,https://meakamst-stack.github.io/aesth-pinterest-feed/pins/deadlift-01/deadlift-01-tee-black-studio-v1.jpg,https://imgproxy.fourthwall.dev/PMBMNpBMFaYa7Z6IbUQXh8TGHEwJ2ddYGTqcI0vvNBc/w:1920/sm:1/enc/m8xFy9UDdYXaFmMU/EMmwoP-bPOyfNlRQ/1ELJ1v6rXKzdYbXQ/x1DMs9ISKUSX00Jn/fzRRZ4OEVhVKLPog/Q6CH8VvKPwWeXig9/0PD1dUarI3VIbu_M/BIfztmO4eXCvz-0P/sWZN4vaAIR1JDI9u/Rd4ZZca_PJblo90V/27_Uvqo2TvnzE-UW/H0L_q_z4lK4s0uA7/th2CrAcLxl1xHyAF/kHljpo8e6nXYBqHr/LxPkN4VAx4o.webp,https://imgproxy.fourthwall.dev/CUBL2BqeoxQSKlZcHkHteRzFP_wScsjUr0gp4bTg2zM/w:1920/sm:1/enc/zO1_IFDCBh_QfGl7/1mLw5-jjRMbHn9tJ/Ew3q1sRdShM1qD8Q/fPF-fWM6PnaQtvH_/0OWEj46q_v_brke4/ULrqb2vnGraIZIYg/iAEfqAzFspRwVTZr/bnWVOMP0_WHWN8fB/LOt3J01meh4b-0V6/AYdHYjuO6Bt42eb1/ZaUWZeM1vYcrdWLQ/RPvOXkhEhRqz6Uat/VTkUiZTimRpbncwb/xLd84ZMX4Zqb93os/OwfTBDlxwHw.webp,https://imgproxy.fourthwall.dev/nHxpluB0EWitfl7jvjIlis6z8CAmcBqJZsQjzxS-um8/w:1920/sm:1/enc/nY6GrmR2uiwhxopH/1JTqEYPBy9KhztbF/K7PC2PFUGix0Jck8/qx3BDEMCh2amE5yF/JSCfWG7lUdqmqphB/EE5nyJll1IiomRES/i2gvJ7N76eFRc-4J/b-OgXTwMDqHMICFi/yw66I5o10GIhCipY/Xw4JQw7GzysuSx1X/SukqkJZ4IbTlH_6K/-aKcIbakJoIWYFR-/yDv5-E13aaqhPXIm/nCzzW8Ds7BvqmhdM/PryYYLJYlbQ.webp",Black,4XL,unisex,adult,deadlift-silhouette-oversized-gym-tee,Black
1ZWV-VZXM00S,"Deadlift Silhouette Oversized Gym Tee | Pump Cover — Bay, S","Hips back. Bar close. Stand tall. A distressed deadlift silhouette, framed on the back — minimal, graphic and unmistakably strong. One of those lifting shirts for women that says enough without a single word. An oversized gym shirt with the print on the back and a clean front. Heavyweight, garment-dyed cotton that feels broken-in from the first wear. Wear it as a pump cover over your sports bra or tank, with bike shorts for an easy gym outfit, or style it as an oversized graphic tee outside the gym. Details Back print onlyComfort Colors 1717, 100% ring-spun cotton, 6.1 oz heavyweightGarment-dyed for a soft, slightly vintage finishRelaxed unisex fit, US sizingPrinted to orderFit: relaxed. For the oversized look, size up 1–2 — see the size guide in the photos. Care: wash cold, inside out, with like colors. Tumble dry low.",https://aesthwear.com/products/deadlift-silhouette-oversized-gym-tee?utm_source=pinterest&utm_medium=catalog&utm_campaign=pinterest-catalog&utm_content=deadlift-silhouette-oversized-gym-tee,https://meakamst-stack.github.io/aesth-pinterest-feed/pins/deadlift-01/deadlift-01-tee-bay-gym-v1.jpg,34.00 USD,in stock,new,AESTH.,Apparel & Accessories > Clothing > Shirts & Tops,deadlift-silhouette-oversized-gym-tee,"https://meakamst-stack.github.io/aesth-pinterest-feed/pins/deadlift-01/deadlift-01-tee-bay-straat-v1.jpg,https://meakamst-stack.github.io/aesth-pinterest-feed/pins/deadlift-01/deadlift-01-tee-bay-studio-v1.jpg,https://imgproxy.fourthwall.dev/n0rYDp0Mfp7Q9jcjn_zzMbVgyysLACtgJk4SdKowwwI/w:1920/sm:1/enc/AMHn5DQIwR4V9qxm/yokGsXDbyp_0ukZd/pG9hA13pEU_3_e2z/P7vUnPoYrJqbMmsu/ZwP7C8iCzcYcv4EU/pmV_2zwwzPsPxQZZ/dLwqmPj32iOwKd2K/T31lcfdIiujG_Z7g/t-Kc3N391UypwKiI/Wloe92IZzIFfc7za/FaVyxosUp4kZXSWv/0PMiSpcPEnUgkVew/NUoecM73D9sCOakF/8hsO3P_bNfaQogWJ/0J1Dcu8Z_As.webp,https://imgproxy.fourthwall.dev/sn7XQjC8WL75SUc0b0RFvFBjWS0f2bviKx0N8BwwIFw/w:1920/sm:1/enc/JfKRtj08aY4Gvt0G/N-EbeprjdALf31fq/RCFKkJYa-dbpqV10/NkPs_DWaeglMXDIm/lyZPRYZ8zrWrZMWi/EpPI7uyL3pjayaxP/iuvHHkexsE28tUFf/smZIzheXmZb0PiQR/HbjVtbSxom7fJswy/iXICFrspF8WIhTge/iAJKjMCDF7rNq0UV/B57BRhm0qrfikRr-/pDS5gLO89_B7iSHw/x9K2nOcOgZsmw7I9/erPagkN7doI.webp,https://imgproxy.fourthwall.dev/3lHZyBG4E83si3FCu-v2h9xT0Tlm1I2xyMUg2kDpFq4/w:1920/sm:1/enc/TFMNkpGoWbl5C7aM/SHzuMMVOS638HouN/01T8_8Dogrvv4Gqe/tTBQr-q2UWbIJoyU/LqOjTxnlhc2VgfOL/KhD3FBuhn1NzFoy5/hJUuWLA2kLRB_BFv/8T4O9jYbhH1-W2EB/0o5W_pQXjSPcduMN/gB-4rZuCIIQlxhRM/NWFUKIzz6qgkb4Vf/kSJ5vc_dysg2zAA1/0iyfCPpKJc7yUo5B/ym2965vfVfaOXAEx/YEyVV-ZpynM.webp",Bay,S,unisex,adult,deadlift-silhouette-oversized-gym-tee,Bay
1ZWV-495M00M,"Deadlift Silhouette Oversized Gym Tee | Pump Cover — Bay, M","Hips back. Bar close. Stand tall. A distressed deadlift silhouette, framed on the back — minimal, graphic and unmistakably strong. One of those lifting shirts for women that says enough without a single word. An oversized gym shirt with the print on the back and a clean front. Heavyweight, garment-dyed cotton that feels broken-in from the first wear. Wear it as a pump cover over your sports bra or tank, with bike shorts for an easy gym outfit, or style it as an oversized graphic tee outside the gym. Details Back print onlyComfort Colors 1717, 100% ring-spun cotton, 6.1 oz heavyweightGarment-dyed for a soft, slightly vintage finishRelaxed unisex fit, US sizingPrinted to orderFit: relaxed. For the oversized look, size up 1–2 — see the size guide in the photos. Care: wash cold, inside out, with like colors. Tumble dry low.",https://aesthwear.com/products/deadlift-silhouette-oversized-gym-tee?utm_source=pinterest&utm_medium=catalog&utm_campaign=pinterest-catalog&utm_content=deadlift-silhouette-oversized-gym-tee,https://meakamst-stack.github.io/aesth-pinterest-feed/pins/deadlift-01/deadlift-01-tee-bay-gym-v1.jpg,34.00 USD,in stock,new,AESTH.,Apparel & Accessories > Clothing > Shirts & Tops,deadlift-silhouette-oversized-gym-tee,"https://meakamst-stack.github.io/aesth-pinterest-feed/pins/deadlift-01/deadlift-01-tee-bay-straat-v1.jpg,https://meakamst-stack.github.io/aesth-pinterest-feed/pins/deadlift-01/deadlift-01-tee-bay-studio-v1.jpg,https://imgproxy.fourthwall.dev/n0rYDp0Mfp7Q9jcjn_zzMbVgyysLACtgJk4SdKowwwI/w:1920/sm:1/enc/AMHn5DQIwR4V9qxm/yokGsXDbyp_0ukZd/pG9hA13pEU_3_e2z/P7vUnPoYrJqbMmsu/ZwP7C8iCzcYcv4EU/pmV_2zwwzPsPxQZZ/dLwqmPj32iOwKd2K/T31lcfdIiujG_Z7g/t-Kc3N391UypwKiI/Wloe92IZzIFfc7za/FaVyxosUp4kZXSWv/0PMiSpcPEnUgkVew/NUoecM73D9sCOakF/8hsO3P_bNfaQogWJ/0J1Dcu8Z_As.webp,https://imgproxy.fourthwall.dev/sn7XQjC8WL75SUc0b0RFvFBjWS0f2bviKx0N8BwwIFw/w:1920/sm:1/enc/JfKRtj08aY4Gvt0G/N-EbeprjdALf31fq/RCFKkJYa-dbpqV10/NkPs_DWaeglMXDIm/lyZPRYZ8zrWrZMWi/EpPI7uyL3pjayaxP/iuvHHkexsE28tUFf/smZIzheXmZb0PiQR/HbjVtbSxom7fJswy/iXICFrspF8WIhTge/iAJKjMCDF7rNq0UV/B57BRhm0qrfikRr-/pDS5gLO89_B7iSHw/x9K2nOcOgZsmw7I9/erPagkN7doI.webp,https://imgproxy.fourthwall.dev/3lHZyBG4E83si3FCu-v2h9xT0Tlm1I2xyMUg2kDpFq4/w:1920/sm:1/enc/TFMNkpGoWbl5C7aM/SHzuMMVOS638HouN/01T8_8Dogrvv4Gqe/tTBQr-q2UWbIJoyU/LqOjTxnlhc2VgfOL/KhD3FBuhn1NzFoy5/hJUuWLA2kLRB_BFv/8T4O9jYbhH1-W2EB/0o5W_pQXjSPcduMN/gB-4rZuCIIQlxhRM/NWFUKIzz6qgkb4Vf/kSJ5vc_dysg2zAA1/0iyfCPpKJc7yUo5B/ym2965vfVfaOXAEx/YEyVV-ZpynM.webp",Bay,M,unisex,adult,deadlift-silhouette-oversized-gym-tee,Bay
1ZWV-MSYM00L,"Deadlift Silhouette Oversized Gym Tee | Pump Cover — Bay, L","Hips back. Bar close. Stand tall. A distressed deadlift silhouette, framed on the back — minimal, graphic and unmistakably strong. One of those lifting shirts for women that says enough without a single word. An oversized gym shirt with the print on the back and a clean front. Heavyweight, garment-dyed cotton that feels broken-in from the first wear. Wear it as a pump cover over your sports bra or tank, with bike shorts for an easy gym outfit, or style it as an oversized graphic tee outside the gym. Details Back print onlyComfort Colors 1717, 100% ring-spun cotton, 6.1 oz heavyweightGarment-dyed for a soft, slightly vintage finishRelaxed unisex fit, US sizingPrinted to orderFit: relaxed. For the oversized look, size up 1–2 — see the size guide in the photos. Care: wash cold, inside out, with like colors. Tumble dry low.",https://aesthwear.com/products/deadlift-silhouette-oversized-gym-tee?utm_source=pinterest&utm_medium=catalog&utm_campaign=pinterest-catalog&utm_content=deadlift-silhouette-oversized-gym-tee,https://meakamst-stack.github.io/aesth-pinterest-feed/pins/deadlift-01/deadlift-01-tee-bay-gym-v1.jpg,34.00 USD,in stock,new,AESTH.,Apparel & Accessories > Clothing > Shirts & Tops,deadlift-silhouette-oversized-gym-tee,"https://meakamst-stack.github.io/aesth-pinterest-feed/pins/deadlift-01/deadlift-01-tee-bay-straat-v1.jpg,https://meakamst-stack.github.io/aesth-pinterest-feed/pins/deadlift-01/deadlift-01-tee-bay-studio-v1.jpg,https://imgproxy.fourthwall.dev/n0rYDp0Mfp7Q9jcjn_zzMbVgyysLACtgJk4SdKowwwI/w:1920/sm:1/enc/AMHn5DQIwR4V9qxm/yokGsXDbyp_0ukZd/pG9hA13pEU_3_e2z/P7vUnPoYrJqbMmsu/ZwP7C8iCzcYcv4EU/pmV_2zwwzPsPxQZZ/dLwqmPj32iOwKd2K/T31lcfdIiujG_Z7g/t-Kc3N391UypwKiI/Wloe92IZzIFfc7za/FaVyxosUp4kZXSWv/0PMiSpcPEnUgkVew/NUoecM73D9sCOakF/8hsO3P_bNfaQogWJ/0J1Dcu8Z_As.webp,https://imgproxy.fourthwall.dev/sn7XQjC8WL75SUc0b0RFvFBjWS0f2bviKx0N8BwwIFw/w:1920/sm:1/enc/JfKRtj08aY4Gvt0G/N-EbeprjdALf31fq/RCFKkJYa-dbpqV10/NkPs_DWaeglMXDIm/lyZPRYZ8zrWrZMWi/EpPI7uyL3pjayaxP/iuvHHkexsE28tUFf/smZIzheXmZb0PiQR/HbjVtbSxom7fJswy/iXICFrspF8WIhTge/iAJKjMCDF7rNq0UV/B57BRhm0qrfikRr-/pDS5gLO89_B7iSHw/x9K2nOcOgZsmw7I9/erPagkN7doI.webp,https://imgproxy.fourthwall.dev/3lHZyBG4E83si3FCu-v2h9xT0Tlm1I2xyMUg2kDpFq4/w:1920/sm:1/enc/TFMNkpGoWbl5C7aM/SHzuMMVOS638HouN/01T8_8Dogrvv4Gqe/tTBQr-q2UWbIJoyU/LqOjTxnlhc2VgfOL/KhD3FBuhn1NzFoy5/hJUuWLA2kLRB_BFv/8T4O9jYbhH1-W2EB/0o5W_pQXjSPcduMN/gB-4rZuCIIQlxhRM/NWFUKIzz6qgkb4Vf/kSJ5vc_dysg2zAA1/0iyfCPpKJc7yUo5B/ym2965vfVfaOXAEx/YEyVV-ZpynM.webp",Bay,L,unisex,adult,deadlift-silhouette-oversized-gym-tee,Bay
1ZWV-PSMM0XL,"Deadlift Silhouette Oversized Gym Tee | Pump Cover — Bay, XL","Hips back. Bar close. Stand tall. A distressed deadlift silhouette, framed on the back — minimal, graphic and unmistakably strong. One of those lifting shirts for women that says enough without a single word. An oversized gym shirt with the print on the back and a clean front. Heavyweight, garment-dyed cotton that feels broken-in from the first wear. Wear it as a pump cover over your sports bra or tank, with bike shorts for an easy gym outfit, or style it as an oversized graphic tee outside the gym. Details Back print onlyComfort Colors 1717, 100% ring-spun cotton, 6.1 oz heavyweightGarment-dyed for a soft, slightly vintage finishRelaxed unisex fit, US sizingPrinted to orderFit: relaxed. For the oversized look, size up 1–2 — see the size guide in the photos. Care: wash cold, inside out, with like colors. Tumble dry low.",https://aesthwear.com/products/deadlift-silhouette-oversized-gym-tee?utm_source=pinterest&utm_medium=catalog&utm_campaign=pinterest-catalog&utm_content=deadlift-silhouette-oversized-gym-tee,https://meakamst-stack.github.io/aesth-pinterest-feed/pins/deadlift-01/deadlift-01-tee-bay-gym-v1.jpg,34.00 USD,in stock,new,AESTH.,Apparel & Accessories > Clothing > Shirts & Tops,deadlift-silhouette-oversized-gym-tee,"https://meakamst-stack.github.io/aesth-pinterest-feed/pins/deadlift-01/deadlift-01-tee-bay-straat-v1.jpg,https://meakamst-stack.github.io/aesth-pinterest-feed/pins/deadlift-01/deadlift-01-tee-bay-studio-v1.jpg,https://imgproxy.fourthwall.dev/n0rYDp0Mfp7Q9jcjn_zzMbVgyysLACtgJk4SdKowwwI/w:1920/sm:1/enc/AMHn5DQIwR4V9qxm/yokGsXDbyp_0ukZd/pG9hA13pEU_3_e2z/P7vUnPoYrJqbMmsu/ZwP7C8iCzcYcv4EU/pmV_2zwwzPsPxQZZ/dLwqmPj32iOwKd2K/T31lcfdIiujG_Z7g/t-Kc3N391UypwKiI/Wloe92IZzIFfc7za/FaVyxosUp4kZXSWv/0PMiSpcPEnUgkVew/NUoecM73D9sCOakF/8hsO3P_bNfaQogWJ/0J1Dcu8Z_As.webp,https://imgproxy.fourthwall.dev/sn7XQjC8WL75SUc0b0RFvFBjWS0f2bviKx0N8BwwIFw/w:1920/sm:1/enc/JfKRtj08aY4Gvt0G/N-EbeprjdALf31fq/RCFKkJYa-dbpqV10/NkPs_DWaeglMXDIm/lyZPRYZ8zrWrZMWi/EpPI7uyL3pjayaxP/iuvHHkexsE28tUFf/smZIzheXmZb0PiQR/HbjVtbSxom7fJswy/iXICFrspF8WIhTge/iAJKjMCDF7rNq0UV/B57BRhm0qrfikRr-/pDS5gLO89_B7iSHw/x9K2nOcOgZsmw7I9/erPagkN7doI.webp,https://imgproxy.fourthwall.dev/3lHZyBG4E83si3FCu-v2h9xT0Tlm1I2xyMUg2kDpFq4/w:1920/sm:1/enc/TFMNkpGoWbl5C7aM/SHzuMMVOS638HouN/01T8_8Dogrvv4Gqe/tTBQr-q2UWbIJoyU/LqOjTxnlhc2VgfOL/KhD3FBuhn1NzFoy5/hJUuWLA2kLRB_BFv/8T4O9jYbhH1-W2EB/0o5W_pQXjSPcduMN/gB-4rZuCIIQlxhRM/NWFUKIzz6qgkb4Vf/kSJ5vc_dysg2zAA1/0iyfCPpKJc7yUo5B/ym2965vfVfaOXAEx/YEyVV-ZpynM.webp",Bay,XL,unisex,adult,deadlift-silhouette-oversized-gym-tee,Bay
1ZWV-5Q5M02X,"Deadlift Silhouette Oversized Gym Tee | Pump Cover — Bay, 2XL","Hips back. Bar close. Stand tall. A distressed deadlift silhouette, framed on the back — minimal, graphic and unmistakably strong. One of those lifting shirts for women that says enough without a single word. An oversized gym shirt with the print on the back and a clean front. Heavyweight, garment-dyed cotton that feels broken-in from the first wear. Wear it as a pump cover over your sports bra or tank, with bike shorts for an easy gym outfit, or style it as an oversized graphic tee outside the gym. Details Back print onlyComfort Colors 1717, 100% ring-spun cotton, 6.1 oz heavyweightGarment-dyed for a soft, slightly vintage finishRelaxed unisex fit, US sizingPrinted to orderFit: relaxed. For the oversized look, size up 1–2 — see the size guide in the photos. Care: wash cold, inside out, with like colors. Tumble dry low.",https://aesthwear.com/products/deadlift-silhouette-oversized-gym-tee?utm_source=pinterest&utm_medium=catalog&utm_campaign=pinterest-catalog&utm_content=deadlift-silhouette-oversized-gym-tee,https://meakamst-stack.github.io/aesth-pinterest-feed/pins/deadlift-01/deadlift-01-tee-bay-gym-v1.jpg,36.00 USD,in stock,new,AESTH.,Apparel & Accessories > Clothing > Shirts & Tops,deadlift-silhouette-oversized-gym-tee,"https://meakamst-stack.github.io/aesth-pinterest-feed/pins/deadlift-01/deadlift-01-tee-bay-straat-v1.jpg,https://meakamst-stack.github.io/aesth-pinterest-feed/pins/deadlift-01/deadlift-01-tee-bay-studio-v1.jpg,https://imgproxy.fourthwall.dev/n0rYDp0Mfp7Q9jcjn_zzMbVgyysLACtgJk4SdKowwwI/w:1920/sm:1/enc/AMHn5DQIwR4V9qxm/yokGsXDbyp_0ukZd/pG9hA13pEU_3_e2z/P7vUnPoYrJqbMmsu/ZwP7C8iCzcYcv4EU/pmV_2zwwzPsPxQZZ/dLwqmPj32iOwKd2K/T31lcfdIiujG_Z7g/t-Kc3N391UypwKiI/Wloe92IZzIFfc7za/FaVyxosUp4kZXSWv/0PMiSpcPEnUgkVew/NUoecM73D9sCOakF/8hsO3P_bNfaQogWJ/0J1Dcu8Z_As.webp,https://imgproxy.fourthwall.dev/sn7XQjC8WL75SUc0b0RFvFBjWS0f2bviKx0N8BwwIFw/w:1920/sm:1/enc/JfKRtj08aY4Gvt0G/N-EbeprjdALf31fq/RCFKkJYa-dbpqV10/NkPs_DWaeglMXDIm/lyZPRYZ8zrWrZMWi/EpPI7uyL3pjayaxP/iuvHHkexsE28tUFf/smZIzheXmZb0PiQR/HbjVtbSxom7fJswy/iXICFrspF8WIhTge/iAJKjMCDF7rNq0UV/B57BRhm0qrfikRr-/pDS5gLO89_B7iSHw/x9K2nOcOgZsmw7I9/erPagkN7doI.webp,https://imgproxy.fourthwall.dev/3lHZyBG4E83si3FCu-v2h9xT0Tlm1I2xyMUg2kDpFq4/w:1920/sm:1/enc/TFMNkpGoWbl5C7aM/SHzuMMVOS638HouN/01T8_8Dogrvv4Gqe/tTBQr-q2UWbIJoyU/LqOjTxnlhc2VgfOL/KhD3FBuhn1NzFoy5/hJUuWLA2kLRB_BFv/8T4O9jYbhH1-W2EB/0o5W_pQXjSPcduMN/gB-4rZuCIIQlxhRM/NWFUKIzz6qgkb4Vf/kSJ5vc_dysg2zAA1/0iyfCPpKJc7yUo5B/ym2965vfVfaOXAEx/YEyVV-ZpynM.webp",Bay,2XL,unisex,adult,deadlift-silhouette-oversized-gym-tee,Bay
1ZWV-LY1M03X,"Deadlift Silhouette Oversized Gym Tee | Pump Cover — Bay, 3XL","Hips back. Bar close. Stand tall. A distressed deadlift silhouette, framed on the back — minimal, graphic and unmistakably strong. One of those lifting shirts for women that says enough without a single word. An oversized gym shirt with the print on the back and a clean front. Heavyweight, garment-dyed cotton that feels broken-in from the first wear. Wear it as a pump cover over your sports bra or tank, with bike shorts for an easy gym outfit, or style it as an oversized graphic tee outside the gym. Details Back print onlyComfort Colors 1717, 100% ring-spun cotton, 6.1 oz heavyweightGarment-dyed for a soft, slightly vintage finishRelaxed unisex fit, US sizingPrinted to orderFit: relaxed. For the oversized look, size up 1–2 — see the size guide in the photos. Care: wash cold, inside out, with like colors. Tumble dry low.",https://aesthwear.com/products/deadlift-silhouette-oversized-gym-tee?utm_source=pinterest&utm_medium=catalog&utm_campaign=pinterest-catalog&utm_content=deadlift-silhouette-oversized-gym-tee,https://meakamst-stack.github.io/aesth-pinterest-feed/pins/deadlift-01/deadlift-01-tee-bay-gym-v1.jpg,38.00 USD,in stock,new,AESTH.,Apparel & Accessories > Clothing > Shirts & Tops,deadlift-silhouette-oversized-gym-tee,"https://meakamst-stack.github.io/aesth-pinterest-feed/pins/deadlift-01/deadlift-01-tee-bay-straat-v1.jpg,https://meakamst-stack.github.io/aesth-pinterest-feed/pins/deadlift-01/deadlift-01-tee-bay-studio-v1.jpg,https://imgproxy.fourthwall.dev/n0rYDp0Mfp7Q9jcjn_zzMbVgyysLACtgJk4SdKowwwI/w:1920/sm:1/enc/AMHn5DQIwR4V9qxm/yokGsXDbyp_0ukZd/pG9hA13pEU_3_e2z/P7vUnPoYrJqbMmsu/ZwP7C8iCzcYcv4EU/pmV_2zwwzPsPxQZZ/dLwqmPj32iOwKd2K/T31lcfdIiujG_Z7g/t-Kc3N391UypwKiI/Wloe92IZzIFfc7za/FaVyxosUp4kZXSWv/0PMiSpcPEnUgkVew/NUoecM73D9sCOakF/8hsO3P_bNfaQogWJ/0J1Dcu8Z_As.webp,https://imgproxy.fourthwall.dev/sn7XQjC8WL75SUc0b0RFvFBjWS0f2bviKx0N8BwwIFw/w:1920/sm:1/enc/JfKRtj08aY4Gvt0G/N-EbeprjdALf31fq/RCFKkJYa-dbpqV10/NkPs_DWaeglMXDIm/lyZPRYZ8zrWrZMWi/EpPI7uyL3pjayaxP/iuvHHkexsE28tUFf/smZIzheXmZb0PiQR/HbjVtbSxom7fJswy/iXICFrspF8WIhTge/iAJKjMCDF7rNq0UV/B57BRhm0qrfikRr-/pDS5gLO89_B7iSHw/x9K2nOcOgZsmw7I9/erPagkN7doI.webp,https://imgproxy.fourthwall.dev/3lHZyBG4E83si3FCu-v2h9xT0Tlm1I2xyMUg2kDpFq4/w:1920/sm:1/enc/TFMNkpGoWbl5C7aM/SHzuMMVOS638HouN/01T8_8Dogrvv4Gqe/tTBQr-q2UWbIJoyU/LqOjTxnlhc2VgfOL/KhD3FBuhn1NzFoy5/hJUuWLA2kLRB_BFv/8T4O9jYbhH1-W2EB/0o5W_pQXjSPcduMN/gB-4rZuCIIQlxhRM/NWFUKIzz6qgkb4Vf/kSJ5vc_dysg2zAA1/0iyfCPpKJc7yUo5B/ym2965vfVfaOXAEx/YEyVV-ZpynM.webp",Bay,3XL,unisex,adult,deadlift-silhouette-oversized-gym-tee,Bay
1ZWV-FLSM04X,"Deadlift Silhouette Oversized Gym Tee | Pump Cover — Bay, 4XL","Hips back. Bar close. Stand tall. A distressed deadlift silhouette, framed on the back — minimal, graphic and unmistakably strong. One of those lifting shirts for women that says enough without a single word. An oversized gym shirt with the print on the back and a clean front. Heavyweight, garment-dyed cotton that feels broken-in from the first wear. Wear it as a pump cover over your sports bra or tank, with bike shorts for an easy gym outfit, or style it as an oversized graphic tee outside the gym. Details Back print onlyComfort Colors 1717, 100% ring-spun cotton, 6.1 oz heavyweightGarment-dyed for a soft, slightly vintage finishRelaxed unisex fit, US sizingPrinted to orderFit: relaxed. For the oversized look, size up 1–2 — see the size guide in the photos. Care: wash cold, inside out, with like colors. Tumble dry low.",https://aesthwear.com/products/deadlift-silhouette-oversized-gym-tee?utm_source=pinterest&utm_medium=catalog&utm_campaign=pinterest-catalog&utm_content=deadlift-silhouette-oversized-gym-tee,https://meakamst-stack.github.io/aesth-pinterest-feed/pins/deadlift-01/deadlift-01-tee-bay-gym-v1.jpg,40.00 USD,in stock,new,AESTH.,Apparel & Accessories > Clothing > Shirts & Tops,deadlift-silhouette-oversized-gym-tee,"https://meakamst-stack.github.io/aesth-pinterest-feed/pins/deadlift-01/deadlift-01-tee-bay-straat-v1.jpg,https://meakamst-stack.github.io/aesth-pinterest-feed/pins/deadlift-01/deadlift-01-tee-bay-studio-v1.jpg,https://imgproxy.fourthwall.dev/n0rYDp0Mfp7Q9jcjn_zzMbVgyysLACtgJk4SdKowwwI/w:1920/sm:1/enc/AMHn5DQIwR4V9qxm/yokGsXDbyp_0ukZd/pG9hA13pEU_3_e2z/P7vUnPoYrJqbMmsu/ZwP7C8iCzcYcv4EU/pmV_2zwwzPsPxQZZ/dLwqmPj32iOwKd2K/T31lcfdIiujG_Z7g/t-Kc3N391UypwKiI/Wloe92IZzIFfc7za/FaVyxosUp4kZXSWv/0PMiSpcPEnUgkVew/NUoecM73D9sCOakF/8hsO3P_bNfaQogWJ/0J1Dcu8Z_As.webp,https://imgproxy.fourthwall.dev/sn7XQjC8WL75SUc0b0RFvFBjWS0f2bviKx0N8BwwIFw/w:1920/sm:1/enc/JfKRtj08aY4Gvt0G/N-EbeprjdALf31fq/RCFKkJYa-dbpqV10/NkPs_DWaeglMXDIm/lyZPRYZ8zrWrZMWi/EpPI7uyL3pjayaxP/iuvHHkexsE28tUFf/smZIzheXmZb0PiQR/HbjVtbSxom7fJswy/iXICFrspF8WIhTge/iAJKjMCDF7rNq0UV/B57BRhm0qrfikRr-/pDS5gLO89_B7iSHw/x9K2nOcOgZsmw7I9/erPagkN7doI.webp,https://imgproxy.fourthwall.dev/3lHZyBG4E83si3FCu-v2h9xT0Tlm1I2xyMUg2kDpFq4/w:1920/sm:1/enc/TFMNkpGoWbl5C7aM/SHzuMMVOS638HouN/01T8_8Dogrvv4Gqe/tTBQr-q2UWbIJoyU/LqOjTxnlhc2VgfOL/KhD3FBuhn1NzFoy5/hJUuWLA2kLRB_BFv/8T4O9jYbhH1-W2EB/0o5W_pQXjSPcduMN/gB-4rZuCIIQlxhRM/NWFUKIzz6qgkb4Vf/kSJ5vc_dysg2zAA1/0iyfCPpKJc7yUo5B/ym2965vfVfaOXAEx/YEyVV-ZpynM.webp",Bay,4XL,unisex,adult,deadlift-silhouette-oversized-gym-tee,Bay
1ZWV-GNDP00S,"Deadlift Silhouette Oversized Gym Tee | Pump Cover — Ivory, S","Hips back. Bar close. Stand tall. A distressed deadlift silhouette, framed on the back — minimal, graphic and unmistakably strong. One of those lifting shirts for women that says enough without a single word. An oversized gym shirt with the print on the back and a clean front. Heavyweight, garment-dyed cotton that feels broken-in from the first wear. Wear it as a pump cover over your sports bra or tank, with bike shorts for an easy gym outfit, or style it as an oversized graphic tee outside the gym. Details Back print onlyComfort Colors 1717, 100% ring-spun cotton, 6.1 oz heavyweightGarment-dyed for a soft, slightly vintage finishRelaxed unisex fit, US sizingPrinted to orderFit: relaxed. For the oversized look, size up 1–2 — see the size guide in the photos. Care: wash cold, inside out, with like colors. Tumble dry low.",https://aesthwear.com/products/deadlift-silhouette-oversized-gym-tee?utm_source=pinterest&utm_medium=catalog&utm_campaign=pinterest-catalog&utm_content=deadlift-silhouette-oversized-gym-tee,https://meakamst-stack.github.io/aesth-pinterest-feed/pins/deadlift-01/deadlift-01-tee-ivory-gym-v1.jpg,34.00 USD,in stock,new,AESTH.,Apparel & Accessories > Clothing > Shirts & Tops,deadlift-silhouette-oversized-gym-tee,"https://meakamst-stack.github.io/aesth-pinterest-feed/pins/deadlift-01/deadlift-01-tee-ivory-straat-v1.jpg,https://meakamst-stack.github.io/aesth-pinterest-feed/pins/deadlift-01/deadlift-01-tee-ivory-studio-v1.jpg,https://imgproxy.fourthwall.dev/KXv9ljnvzf9jwYc3GVrbVxIkiSeLksrOT71eEL-zss4/w:1920/sm:1/enc/BNR3rFPnuXhcJHEZ/bXfRVTxCDOs0ZnRT/JL7_3brtVCW9Izps/miSQP0dVwz9bb88N/MnL0FmrzLTKeqw6m/jNNFj8U-gKrH9MFB/Vdd6qhPqMge76Bll/TbN2h_zCVHcobCvo/8fgAPUdboN55rY7W/HZ-rsdjpQaadJgga/jAIw9qrbtfeGlkT-/ub7FE6xzZTVCCZa2/X186GgTcAc-MqkR4/LOhJhtMWuxrC-Esg/fBYqTlLyPno.webp,https://imgproxy.fourthwall.dev/YmbcBm20n4GBD7dHYxf4XPc2LZ3QQo47aJv_qmRMYqo/w:1920/sm:1/enc/OHNBT2t_ECwYifbW/3XtVzaTzq4vhnVIi/vjhRNLco6JC-GVMR/_ZjRxYijdC8lExgo/7_ymNcv-bCnUAPsu/o-41s47VXICBcRbH/9qt6fC14sfu5pkY2/XtoI43VsV63PyJXT/oa9gYOprsshEaywM/OCn-mUdzkTagshOE/dzjOSbYJ754TjcwU/wlvwO9fZwIhtaz48/3zLsBhrCOGyni0f5/IJUYQbkRfUE7fSg1/eB8GBaOc_ys.webp,https://imgproxy.fourthwall.dev/X0XRW_cYx_kdoSTVhQ8Hznmdpf4sYtCHk5JZ6eUOAV0/w:1920/sm:1/enc/2dktudductrmtiWE/PM9VCKmPNBNQ5Qu0/087ild7KKH6IE-lO/O4_03DS_9qpjC8Rx/OSHVld9Cc-HUp-9b/c5IaaRrQXpcgeVHc/LSYFfAklDwch8NoD/k9BsAWnqkzPhPaqZ/s-YvxHA7n0HEVlqQ/Rfdi445vSRSEF2lu/ti2ZV8JY5-kPCIpF/hL04WxQW1e6gVxWW/2gweq_83nEzVrv_5/Ag3LXtehuk-ui8NB/KzcUrOpeFHI.webp",Ivory,S,unisex,adult,deadlift-silhouette-oversized-gym-tee,Ivory
1ZWV-5P8P00M,"Deadlift Silhouette Oversized Gym Tee | Pump Cover — Ivory, M","Hips back. Bar close. Stand tall. A distressed deadlift silhouette, framed on the back — minimal, graphic and unmistakably strong. One of those lifting shirts for women that says enough without a single word. An oversized gym shirt with the print on the back and a clean front. Heavyweight, garment-dyed cotton that feels broken-in from the first wear. Wear it as a pump cover over your sports bra or tank, with bike shorts for an easy gym outfit, or style it as an oversized graphic tee outside the gym. Details Back print onlyComfort Colors 1717, 100% ring-spun cotton, 6.1 oz heavyweightGarment-dyed for a soft, slightly vintage finishRelaxed unisex fit, US sizingPrinted to orderFit: relaxed. For the oversized look, size up 1–2 — see the size guide in the photos. Care: wash cold, inside out, with like colors. Tumble dry low.",https://aesthwear.com/products/deadlift-silhouette-oversized-gym-tee?utm_source=pinterest&utm_medium=catalog&utm_campaign=pinterest-catalog&utm_content=deadlift-silhouette-oversized-gym-tee,https://meakamst-stack.github.io/aesth-pinterest-feed/pins/deadlift-01/deadlift-01-tee-ivory-gym-v1.jpg,34.00 USD,in stock,new,AESTH.,Apparel & Accessories > Clothing > Shirts & Tops,deadlift-silhouette-oversized-gym-tee,"https://meakamst-stack.github.io/aesth-pinterest-feed/pins/deadlift-01/deadlift-01-tee-ivory-straat-v1.jpg,https://meakamst-stack.github.io/aesth-pinterest-feed/pins/deadlift-01/deadlift-01-tee-ivory-studio-v1.jpg,https://imgproxy.fourthwall.dev/KXv9ljnvzf9jwYc3GVrbVxIkiSeLksrOT71eEL-zss4/w:1920/sm:1/enc/BNR3rFPnuXhcJHEZ/bXfRVTxCDOs0ZnRT/JL7_3brtVCW9Izps/miSQP0dVwz9bb88N/MnL0FmrzLTKeqw6m/jNNFj8U-gKrH9MFB/Vdd6qhPqMge76Bll/TbN2h_zCVHcobCvo/8fgAPUdboN55rY7W/HZ-rsdjpQaadJgga/jAIw9qrbtfeGlkT-/ub7FE6xzZTVCCZa2/X186GgTcAc-MqkR4/LOhJhtMWuxrC-Esg/fBYqTlLyPno.webp,https://imgproxy.fourthwall.dev/YmbcBm20n4GBD7dHYxf4XPc2LZ3QQo47aJv_qmRMYqo/w:1920/sm:1/enc/OHNBT2t_ECwYifbW/3XtVzaTzq4vhnVIi/vjhRNLco6JC-GVMR/_ZjRxYijdC8lExgo/7_ymNcv-bCnUAPsu/o-41s47VXICBcRbH/9qt6fC14sfu5pkY2/XtoI43VsV63PyJXT/oa9gYOprsshEaywM/OCn-mUdzkTagshOE/dzjOSbYJ754TjcwU/wlvwO9fZwIhtaz48/3zLsBhrCOGyni0f5/IJUYQbkRfUE7fSg1/eB8GBaOc_ys.webp,https://imgproxy.fourthwall.dev/X0XRW_cYx_kdoSTVhQ8Hznmdpf4sYtCHk5JZ6eUOAV0/w:1920/sm:1/enc/2dktudductrmtiWE/PM9VCKmPNBNQ5Qu0/087ild7KKH6IE-lO/O4_03DS_9qpjC8Rx/OSHVld9Cc-HUp-9b/c5IaaRrQXpcgeVHc/LSYFfAklDwch8NoD/k9BsAWnqkzPhPaqZ/s-YvxHA7n0HEVlqQ/Rfdi445vSRSEF2lu/ti2ZV8JY5-kPCIpF/hL04WxQW1e6gVxWW/2gweq_83nEzVrv_5/Ag3LXtehuk-ui8NB/KzcUrOpeFHI.webp",Ivory,M,unisex,adult,deadlift-silhouette-oversized-gym-tee,Ivory
1ZWV-FH3P00L,"Deadlift Silhouette Oversized Gym Tee | Pump Cover — Ivory, L","Hips back. Bar close. Stand tall. A distressed deadlift silhouette, framed on the back — minimal, graphic and unmistakably strong. One of those lifting shirts for women that says enough without a single word. An oversized gym shirt with the print on the back and a clean front. Heavyweight, garment-dyed cotton that feels broken-in from the first wear. Wear it as a pump cover over your sports bra or tank, with bike shorts for an easy gym outfit, or style it as an oversized graphic tee outside the gym. Details Back print onlyComfort Colors 1717, 100% ring-spun cotton, 6.1 oz heavyweightGarment-dyed for a soft, slightly vintage finishRelaxed unisex fit, US sizingPrinted to orderFit: relaxed. For the oversized look, size up 1–2 — see the size guide in the photos. Care: wash cold, inside out, with like colors. Tumble dry low.",https://aesthwear.com/products/deadlift-silhouette-oversized-gym-tee?utm_source=pinterest&utm_medium=catalog&utm_campaign=pinterest-catalog&utm_content=deadlift-silhouette-oversized-gym-tee,https://meakamst-stack.github.io/aesth-pinterest-feed/pins/deadlift-01/deadlift-01-tee-ivory-gym-v1.jpg,34.00 USD,in stock,new,AESTH.,Apparel & Accessories > Clothing > Shirts & Tops,deadlift-silhouette-oversized-gym-tee,"https://meakamst-stack.github.io/aesth-pinterest-feed/pins/deadlift-01/deadlift-01-tee-ivory-straat-v1.jpg,https://meakamst-stack.github.io/aesth-pinterest-feed/pins/deadlift-01/deadlift-01-tee-ivory-studio-v1.jpg,https://imgproxy.fourthwall.dev/KXv9ljnvzf9jwYc3GVrbVxIkiSeLksrOT71eEL-zss4/w:1920/sm:1/enc/BNR3rFPnuXhcJHEZ/bXfRVTxCDOs0ZnRT/JL7_3brtVCW9Izps/miSQP0dVwz9bb88N/MnL0FmrzLTKeqw6m/jNNFj8U-gKrH9MFB/Vdd6qhPqMge76Bll/TbN2h_zCVHcobCvo/8fgAPUdboN55rY7W/HZ-rsdjpQaadJgga/jAIw9qrbtfeGlkT-/ub7FE6xzZTVCCZa2/X186GgTcAc-MqkR4/LOhJhtMWuxrC-Esg/fBYqTlLyPno.webp,https://imgproxy.fourthwall.dev/YmbcBm20n4GBD7dHYxf4XPc2LZ3QQo47aJv_qmRMYqo/w:1920/sm:1/enc/OHNBT2t_ECwYifbW/3XtVzaTzq4vhnVIi/vjhRNLco6JC-GVMR/_ZjRxYijdC8lExgo/7_ymNcv-bCnUAPsu/o-41s47VXICBcRbH/9qt6fC14sfu5pkY2/XtoI43VsV63PyJXT/oa9gYOprsshEaywM/OCn-mUdzkTagshOE/dzjOSbYJ754TjcwU/wlvwO9fZwIhtaz48/3zLsBhrCOGyni0f5/IJUYQbkRfUE7fSg1/eB8GBaOc_ys.webp,https://imgproxy.fourthwall.dev/X0XRW_cYx_kdoSTVhQ8Hznmdpf4sYtCHk5JZ6eUOAV0/w:1920/sm:1/enc/2dktudductrmtiWE/PM9VCKmPNBNQ5Qu0/087ild7KKH6IE-lO/O4_03DS_9qpjC8Rx/OSHVld9Cc-HUp-9b/c5IaaRrQXpcgeVHc/LSYFfAklDwch8NoD/k9BsAWnqkzPhPaqZ/s-YvxHA7n0HEVlqQ/Rfdi445vSRSEF2lu/ti2ZV8JY5-kPCIpF/hL04WxQW1e6gVxWW/2gweq_83nEzVrv_5/Ag3LXtehuk-ui8NB/KzcUrOpeFHI.webp",Ivory,L,unisex,adult,deadlift-silhouette-oversized-gym-tee,Ivory
1ZWV-X9NP0XL,"Deadlift Silhouette Oversized Gym Tee | Pump Cover — Ivory, XL","Hips back. Bar close. Stand tall. A distressed deadlift silhouette, framed on the back — minimal, graphic and unmistakably strong. One of those lifting shirts for women that says enough without a single word. An oversized gym shirt with the print on the back and a clean front. Heavyweight, garment-dyed cotton that feels broken-in from the first wear. Wear it as a pump cover over your sports bra or tank, with bike shorts for an easy gym outfit, or style it as an oversized graphic tee outside the gym. Details Back print onlyComfort Colors 1717, 100% ring-spun cotton, 6.1 oz heavyweightGarment-dyed for a soft, slightly vintage finishRelaxed unisex fit, US sizingPrinted to orderFit: relaxed. For the oversized look, size up 1–2 — see the size guide in the photos. Care: wash cold, inside out, with like colors. Tumble dry low.",https://aesthwear.com/products/deadlift-silhouette-oversized-gym-tee?utm_source=pinterest&utm_medium=catalog&utm_campaign=pinterest-catalog&utm_content=deadlift-silhouette-oversized-gym-tee,https://meakamst-stack.github.io/aesth-pinterest-feed/pins/deadlift-01/deadlift-01-tee-ivory-gym-v1.jpg,34.00 USD,in stock,new,AESTH.,Apparel & Accessories > Clothing > Shirts & Tops,deadlift-silhouette-oversized-gym-tee,"https://meakamst-stack.github.io/aesth-pinterest-feed/pins/deadlift-01/deadlift-01-tee-ivory-straat-v1.jpg,https://meakamst-stack.github.io/aesth-pinterest-feed/pins/deadlift-01/deadlift-01-tee-ivory-studio-v1.jpg,https://imgproxy.fourthwall.dev/KXv9ljnvzf9jwYc3GVrbVxIkiSeLksrOT71eEL-zss4/w:1920/sm:1/enc/BNR3rFPnuXhcJHEZ/bXfRVTxCDOs0ZnRT/JL7_3brtVCW9Izps/miSQP0dVwz9bb88N/MnL0FmrzLTKeqw6m/jNNFj8U-gKrH9MFB/Vdd6qhPqMge76Bll/TbN2h_zCVHcobCvo/8fgAPUdboN55rY7W/HZ-rsdjpQaadJgga/jAIw9qrbtfeGlkT-/ub7FE6xzZTVCCZa2/X186GgTcAc-MqkR4/LOhJhtMWuxrC-Esg/fBYqTlLyPno.webp,https://imgproxy.fourthwall.dev/YmbcBm20n4GBD7dHYxf4XPc2LZ3QQo47aJv_qmRMYqo/w:1920/sm:1/enc/OHNBT2t_ECwYifbW/3XtVzaTzq4vhnVIi/vjhRNLco6JC-GVMR/_ZjRxYijdC8lExgo/7_ymNcv-bCnUAPsu/o-41s47VXICBcRbH/9qt6fC14sfu5pkY2/XtoI43VsV63PyJXT/oa9gYOprsshEaywM/OCn-mUdzkTagshOE/dzjOSbYJ754TjcwU/wlvwO9fZwIhtaz48/3zLsBhrCOGyni0f5/IJUYQbkRfUE7fSg1/eB8GBaOc_ys.webp,https://imgproxy.fourthwall.dev/X0XRW_cYx_kdoSTVhQ8Hznmdpf4sYtCHk5JZ6eUOAV0/w:1920/sm:1/enc/2dktudductrmtiWE/PM9VCKmPNBNQ5Qu0/087ild7KKH6IE-lO/O4_03DS_9qpjC8Rx/OSHVld9Cc-HUp-9b/c5IaaRrQXpcgeVHc/LSYFfAklDwch8NoD/k9BsAWnqkzPhPaqZ/s-YvxHA7n0HEVlqQ/Rfdi445vSRSEF2lu/ti2ZV8JY5-kPCIpF/hL04WxQW1e6gVxWW/2gweq_83nEzVrv_5/Ag3LXtehuk-ui8NB/KzcUrOpeFHI.webp",Ivory,XL,unisex,adult,deadlift-silhouette-oversized-gym-tee,Ivory
1ZWV-VDKP02X,"Deadlift Silhouette Oversized Gym Tee | Pump Cover — Ivory, 2XL","Hips back. Bar close. Stand tall. A distressed deadlift silhouette, framed on the back — minimal, graphic and unmistakably strong. One of those lifting shirts for women that says enough without a single word. An oversized gym shirt with the print on the back and a clean front. Heavyweight, garment-dyed cotton that feels broken-in from the first wear. Wear it as a pump cover over your sports bra or tank, with bike shorts for an easy gym outfit, or style it as an oversized graphic tee outside the gym. Details Back print onlyComfort Colors 1717, 100% ring-spun cotton, 6.1 oz heavyweightGarment-dyed for a soft, slightly vintage finishRelaxed unisex fit, US sizingPrinted to orderFit: relaxed. For the oversized look, size up 1–2 — see the size guide in the photos. Care: wash cold, inside out, with like colors. Tumble dry low.",https://aesthwear.com/products/deadlift-silhouette-oversized-gym-tee?utm_source=pinterest&utm_medium=catalog&utm_campaign=pinterest-catalog&utm_content=deadlift-silhouette-oversized-gym-tee,https://meakamst-stack.github.io/aesth-pinterest-feed/pins/deadlift-01/deadlift-01-tee-ivory-gym-v1.jpg,36.00 USD,in stock,new,AESTH.,Apparel & Accessories > Clothing > Shirts & Tops,deadlift-silhouette-oversized-gym-tee,"https://meakamst-stack.github.io/aesth-pinterest-feed/pins/deadlift-01/deadlift-01-tee-ivory-straat-v1.jpg,https://meakamst-stack.github.io/aesth-pinterest-feed/pins/deadlift-01/deadlift-01-tee-ivory-studio-v1.jpg,https://imgproxy.fourthwall.dev/KXv9ljnvzf9jwYc3GVrbVxIkiSeLksrOT71eEL-zss4/w:1920/sm:1/enc/BNR3rFPnuXhcJHEZ/bXfRVTxCDOs0ZnRT/JL7_3brtVCW9Izps/miSQP0dVwz9bb88N/MnL0FmrzLTKeqw6m/jNNFj8U-gKrH9MFB/Vdd6qhPqMge76Bll/TbN2h_zCVHcobCvo/8fgAPUdboN55rY7W/HZ-rsdjpQaadJgga/jAIw9qrbtfeGlkT-/ub7FE6xzZTVCCZa2/X186GgTcAc-MqkR4/LOhJhtMWuxrC-Esg/fBYqTlLyPno.webp,https://imgproxy.fourthwall.dev/YmbcBm20n4GBD7dHYxf4XPc2LZ3QQo47aJv_qmRMYqo/w:1920/sm:1/enc/OHNBT2t_ECwYifbW/3XtVzaTzq4vhnVIi/vjhRNLco6JC-GVMR/_ZjRxYijdC8lExgo/7_ymNcv-bCnUAPsu/o-41s47VXICBcRbH/9qt6fC14sfu5pkY2/XtoI43VsV63PyJXT/oa9gYOprsshEaywM/OCn-mUdzkTagshOE/dzjOSbYJ754TjcwU/wlvwO9fZwIhtaz48/3zLsBhrCOGyni0f5/IJUYQbkRfUE7fSg1/eB8GBaOc_ys.webp,https://imgproxy.fourthwall.dev/X0XRW_cYx_kdoSTVhQ8Hznmdpf4sYtCHk5JZ6eUOAV0/w:1920/sm:1/enc/2dktudductrmtiWE/PM9VCKmPNBNQ5Qu0/087ild7KKH6IE-lO/O4_03DS_9qpjC8Rx/OSHVld9Cc-HUp-9b/c5IaaRrQXpcgeVHc/LSYFfAklDwch8NoD/k9BsAWnqkzPhPaqZ/s-YvxHA7n0HEVlqQ/Rfdi445vSRSEF2lu/ti2ZV8JY5-kPCIpF/hL04WxQW1e6gVxWW/2gweq_83nEzVrv_5/Ag3LXtehuk-ui8NB/KzcUrOpeFHI.webp",Ivory,2XL,unisex,adult,deadlift-silhouette-oversized-gym-tee,Ivory
1ZWV-ZGPP03X,"Deadlift Silhouette Oversized Gym Tee | Pump Cover — Ivory, 3XL","Hips back. Bar close. Stand tall. A distressed deadlift silhouette, framed on the back — minimal, graphic and unmistakably strong. One of those lifting shirts for women that says enough without a single word. An oversized gym shirt with the print on the back and a clean front. Heavyweight, garment-dyed cotton that feels broken-in from the first wear. Wear it as a pump cover over your sports bra or tank, with bike shorts for an easy gym outfit, or style it as an oversized graphic tee outside the gym. Details Back print onlyComfort Colors 1717, 100% ring-spun cotton, 6.1 oz heavyweightGarment-dyed for a soft, slightly vintage finishRelaxed unisex fit, US sizingPrinted to orderFit: relaxed. For the oversized look, size up 1–2 — see the size guide in the photos. Care: wash cold, inside out, with like colors. Tumble dry low.",https://aesthwear.com/products/deadlift-silhouette-oversized-gym-tee?utm_source=pinterest&utm_medium=catalog&utm_campaign=pinterest-catalog&utm_content=deadlift-silhouette-oversized-gym-tee,https://meakamst-stack.github.io/aesth-pinterest-feed/pins/deadlift-01/deadlift-01-tee-ivory-gym-v1.jpg,38.00 USD,in stock,new,AESTH.,Apparel & Accessories > Clothing > Shirts & Tops,deadlift-silhouette-oversized-gym-tee,"https://meakamst-stack.github.io/aesth-pinterest-feed/pins/deadlift-01/deadlift-01-tee-ivory-straat-v1.jpg,https://meakamst-stack.github.io/aesth-pinterest-feed/pins/deadlift-01/deadlift-01-tee-ivory-studio-v1.jpg,https://imgproxy.fourthwall.dev/KXv9ljnvzf9jwYc3GVrbVxIkiSeLksrOT71eEL-zss4/w:1920/sm:1/enc/BNR3rFPnuXhcJHEZ/bXfRVTxCDOs0ZnRT/JL7_3brtVCW9Izps/miSQP0dVwz9bb88N/MnL0FmrzLTKeqw6m/jNNFj8U-gKrH9MFB/Vdd6qhPqMge76Bll/TbN2h_zCVHcobCvo/8fgAPUdboN55rY7W/HZ-rsdjpQaadJgga/jAIw9qrbtfeGlkT-/ub7FE6xzZTVCCZa2/X186GgTcAc-MqkR4/LOhJhtMWuxrC-Esg/fBYqTlLyPno.webp,https://imgproxy.fourthwall.dev/YmbcBm20n4GBD7dHYxf4XPc2LZ3QQo47aJv_qmRMYqo/w:1920/sm:1/enc/OHNBT2t_ECwYifbW/3XtVzaTzq4vhnVIi/vjhRNLco6JC-GVMR/_ZjRxYijdC8lExgo/7_ymNcv-bCnUAPsu/o-41s47VXICBcRbH/9qt6fC14sfu5pkY2/XtoI43VsV63PyJXT/oa9gYOprsshEaywM/OCn-mUdzkTagshOE/dzjOSbYJ754TjcwU/wlvwO9fZwIhtaz48/3zLsBhrCOGyni0f5/IJUYQbkRfUE7fSg1/eB8GBaOc_ys.webp,https://imgproxy.fourthwall.dev/X0XRW_cYx_kdoSTVhQ8Hznmdpf4sYtCHk5JZ6eUOAV0/w:1920/sm:1/enc/2dktudductrmtiWE/PM9VCKmPNBNQ5Qu0/087ild7KKH6IE-lO/O4_03DS_9qpjC8Rx/OSHVld9Cc-HUp-9b/c5IaaRrQXpcgeVHc/LSYFfAklDwch8NoD/k9BsAWnqkzPhPaqZ/s-YvxHA7n0HEVlqQ/Rfdi445vSRSEF2lu/ti2ZV8JY5-kPCIpF/hL04WxQW1e6gVxWW/2gweq_83nEzVrv_5/Ag3LXtehuk-ui8NB/KzcUrOpeFHI.webp",Ivory,3XL,unisex,adult,deadlift-silhouette-oversized-gym-tee,Ivory
1ZWV-DEAP04X,"Deadlift Silhouette Oversized Gym Tee | Pump Cover — Ivory, 4XL","Hips back. Bar close. Stand tall. A distressed deadlift silhouette, framed on the back — minimal, graphic and unmistakably strong. One of those lifting shirts for women that says enough without a single word. An oversized gym shirt with the print on the back and a clean front. Heavyweight, garment-dyed cotton that feels broken-in from the first wear. Wear it as a pump cover over your sports bra or tank, with bike shorts for an easy gym outfit, or style it as an oversized graphic tee outside the gym. Details Back print onlyComfort Colors 1717, 100% ring-spun cotton, 6.1 oz heavyweightGarment-dyed for a soft, slightly vintage finishRelaxed unisex fit, US sizingPrinted to orderFit: relaxed. For the oversized look, size up 1–2 — see the size guide in the photos. Care: wash cold, inside out, with like colors. Tumble dry low.",https://aesthwear.com/products/deadlift-silhouette-oversized-gym-tee?utm_source=pinterest&utm_medium=catalog&utm_campaign=pinterest-catalog&utm_content=deadlift-silhouette-oversized-gym-tee,https://meakamst-stack.github.io/aesth-pinterest-feed/pins/deadlift-01/deadlift-01-tee-ivory-gym-v1.jpg,40.00 USD,in stock,new,AESTH.,Apparel & Accessories > Clothing > Shirts & Tops,deadlift-silhouette-oversized-gym-tee,"https://meakamst-stack.github.io/aesth-pinterest-feed/pins/deadlift-01/deadlift-01-tee-ivory-straat-v1.jpg,https://meakamst-stack.github.io/aesth-pinterest-feed/pins/deadlift-01/deadlift-01-tee-ivory-studio-v1.jpg,https://imgproxy.fourthwall.dev/KXv9ljnvzf9jwYc3GVrbVxIkiSeLksrOT71eEL-zss4/w:1920/sm:1/enc/BNR3rFPnuXhcJHEZ/bXfRVTxCDOs0ZnRT/JL7_3brtVCW9Izps/miSQP0dVwz9bb88N/MnL0FmrzLTKeqw6m/jNNFj8U-gKrH9MFB/Vdd6qhPqMge76Bll/TbN2h_zCVHcobCvo/8fgAPUdboN55rY7W/HZ-rsdjpQaadJgga/jAIw9qrbtfeGlkT-/ub7FE6xzZTVCCZa2/X186GgTcAc-MqkR4/LOhJhtMWuxrC-Esg/fBYqTlLyPno.webp,https://imgproxy.fourthwall.dev/YmbcBm20n4GBD7dHYxf4XPc2LZ3QQo47aJv_qmRMYqo/w:1920/sm:1/enc/OHNBT2t_ECwYifbW/3XtVzaTzq4vhnVIi/vjhRNLco6JC-GVMR/_ZjRxYijdC8lExgo/7_ymNcv-bCnUAPsu/o-41s47VXICBcRbH/9qt6fC14sfu5pkY2/XtoI43VsV63PyJXT/oa9gYOprsshEaywM/OCn-mUdzkTagshOE/dzjOSbYJ754TjcwU/wlvwO9fZwIhtaz48/3zLsBhrCOGyni0f5/IJUYQbkRfUE7fSg1/eB8GBaOc_ys.webp,https://imgproxy.fourthwall.dev/X0XRW_cYx_kdoSTVhQ8Hznmdpf4sYtCHk5JZ6eUOAV0/w:1920/sm:1/enc/2dktudductrmtiWE/PM9VCKmPNBNQ5Qu0/087ild7KKH6IE-lO/O4_03DS_9qpjC8Rx/OSHVld9Cc-HUp-9b/c5IaaRrQXpcgeVHc/LSYFfAklDwch8NoD/k9BsAWnqkzPhPaqZ/s-YvxHA7n0HEVlqQ/Rfdi445vSRSEF2lu/ti2ZV8JY5-kPCIpF/hL04WxQW1e6gVxWW/2gweq_83nEzVrv_5/Ag3LXtehuk-ui8NB/KzcUrOpeFHI.webp",Ivory,4XL,unisex,adult,deadlift-silhouette-oversized-gym-tee,Ivory
123E-UCD200S,"Carbs Are Fuel Oversized Gym Tee | Pump Cover — Black, S","I work out so I can eat pasta. A playful script back print with a twirl of spaghetti and the small print Carbs are fuel — Est. MMXXVI. The funny gym shirt for anyone who trains hard and never skips dinner. An oversized gym shirt with the print on the back and a clean front. Heavyweight, garment-dyed cotton that feels broken-in from the first wear. Wear it as a pump cover over your sports bra or tank, with bike shorts for an easy gym outfit, or style it as an oversized graphic tee outside the gym. Details Back print onlyComfort Colors 1717, 100% ring-spun cotton, 6.1 oz heavyweightGarment-dyed for a soft, slightly vintage finishRelaxed unisex fit, US sizingPrinted to orderFit: relaxed. For the oversized look, size up 1–2 — see the size guide in the photos. Care: wash cold, inside out, with like colors. Tumble dry low.",https://aesthwear.com/products/carbs-are-fuel-oversized-gym-tee?utm_source=pinterest&utm_medium=catalog&utm_campaign=pinterest-catalog&utm_content=carbs-are-fuel-oversized-gym-tee,https://meakamst-stack.github.io/aesth-pinterest-feed/pins/pasta-01/pasta-01-tee-black-gym-v1.jpg,34.00 USD,in stock,new,AESTH.,Apparel & Accessories > Clothing > Shirts & Tops,carbs-are-fuel-oversized-gym-tee,"https://meakamst-stack.github.io/aesth-pinterest-feed/pins/pasta-01/pasta-01-tee-black-straat-v1.jpg,https://meakamst-stack.github.io/aesth-pinterest-feed/pins/pasta-01/pasta-01-tee-black-studio-v1.jpg,https://imgproxy.fourthwall.dev/l5LwLDJmK9PCrJjm2M26c0Hs4i9u8bfuAcr-NfFkw9E/w:1920/sm:1/enc/0FJ0wqUn5ZdUtZkw/NhzDe2IUJMqnuPoo/FpfA1kmFWkFBKxCT/ntnNsCDL4sZVWnzK/gkMBjlXvFhczL3uw/_9eris8ixUoAowPG/haVRr7spZzoC1JKM/dkWcjls4yiqJfuUk/-68cXoVWODtPsxuy/bePg7zWVY9D6BrnA/8KvDHjn3cuEEjraw/pxmSMGlOF1S0Ywmc/NPto7flYp9mQ0HW0/Jnu9vJxXbh5i48yf/3DuHu1lDB_E.webp,https://imgproxy.fourthwall.dev/HWDpoZZthGPK3kZFsG-x0XTO8VHCGX3BHkxowEJKX_4/w:1920/sm:1/enc/hgdcdI2TsjLgBx3Q/ykza9Qe_SeEpfeNX/ZTqIAqzGlCY3bX13/MFoG4BAa4SqG1PtL/F1h8dCZq6Or_sYgM/bkJ3rK_O1u1h1ViN/vd_eyWZUGNh7dQ_1/d5XQ3QAOtQXxg6Mu/Wi2e6WGXSjlv0l86/GfSnOxa0MTfnXlvE/PHQIoxthdncHY5ba/7Rh8Zowc9-0yPY-H/9ec1aQW8HWE0TwXJ/mcsgeYykX3F31rvS/_Lhf5KcFRuM.webp,https://imgproxy.fourthwall.dev/v-BC23wY-hAm9W3gqZ8diJH9rVr2JPK3wLFo5xOSV5E/w:1920/sm:1/enc/9nQHXJ3Fuy2W1nYT/Ny0HbZteUvoB--jd/ZHZlnwz4g0JvZg-S/xuO2LrIekO4Lj2iH/HBdGED8TLl5GO2zK/X20bajGieHibugbg/fi5hK20YwLOjiCMz/vZjmFNUfuKHdJjoI/xb2wHSPBKbKdSUuM/Y-Hz3V2vHpCKSOnc/hVcVn6EmL0S6jycf/Dw-WtYxMSM9G8BYb/fyyTQc7g8QVJNX6K/qyWZSTnN_rHCk0iw/RdRdWZo6uiE.webp",Black,S,unisex,adult,carbs-are-fuel-oversized-gym-tee,Black
123E-K4G200M,"Carbs Are Fuel Oversized Gym Tee | Pump Cover — Black, M","I work out so I can eat pasta. A playful script back print with a twirl of spaghetti and the small print Carbs are fuel — Est. MMXXVI. The funny gym shirt for anyone who trains hard and never skips dinner. An oversized gym shirt with the print on the back and a clean front. Heavyweight, garment-dyed cotton that feels broken-in from the first wear. Wear it as a pump cover over your sports bra or tank, with bike shorts for an easy gym outfit, or style it as an oversized graphic tee outside the gym. Details Back print onlyComfort Colors 1717, 100% ring-spun cotton, 6.1 oz heavyweightGarment-dyed for a soft, slightly vintage finishRelaxed unisex fit, US sizingPrinted to orderFit: relaxed. For the oversized look, size up 1–2 — see the size guide in the photos. Care: wash cold, inside out, with like colors. Tumble dry low.",https://aesthwear.com/products/carbs-are-fuel-oversized-gym-tee?utm_source=pinterest&utm_medium=catalog&utm_campaign=pinterest-catalog&utm_content=carbs-are-fuel-oversized-gym-tee,https://meakamst-stack.github.io/aesth-pinterest-feed/pins/pasta-01/pasta-01-tee-black-gym-v1.jpg,34.00 USD,in stock,new,AESTH.,Apparel & Accessories > Clothing > Shirts & Tops,carbs-are-fuel-oversized-gym-tee,"https://meakamst-stack.github.io/aesth-pinterest-feed/pins/pasta-01/pasta-01-tee-black-straat-v1.jpg,https://meakamst-stack.github.io/aesth-pinterest-feed/pins/pasta-01/pasta-01-tee-black-studio-v1.jpg,https://imgproxy.fourthwall.dev/l5LwLDJmK9PCrJjm2M26c0Hs4i9u8bfuAcr-NfFkw9E/w:1920/sm:1/enc/0FJ0wqUn5ZdUtZkw/NhzDe2IUJMqnuPoo/FpfA1kmFWkFBKxCT/ntnNsCDL4sZVWnzK/gkMBjlXvFhczL3uw/_9eris8ixUoAowPG/haVRr7spZzoC1JKM/dkWcjls4yiqJfuUk/-68cXoVWODtPsxuy/bePg7zWVY9D6BrnA/8KvDHjn3cuEEjraw/pxmSMGlOF1S0Ywmc/NPto7flYp9mQ0HW0/Jnu9vJxXbh5i48yf/3DuHu1lDB_E.webp,https://imgproxy.fourthwall.dev/HWDpoZZthGPK3kZFsG-x0XTO8VHCGX3BHkxowEJKX_4/w:1920/sm:1/enc/hgdcdI2TsjLgBx3Q/ykza9Qe_SeEpfeNX/ZTqIAqzGlCY3bX13/MFoG4BAa4SqG1PtL/F1h8dCZq6Or_sYgM/bkJ3rK_O1u1h1ViN/vd_eyWZUGNh7dQ_1/d5XQ3QAOtQXxg6Mu/Wi2e6WGXSjlv0l86/GfSnOxa0MTfnXlvE/PHQIoxthdncHY5ba/7Rh8Zowc9-0yPY-H/9ec1aQW8HWE0TwXJ/mcsgeYykX3F31rvS/_Lhf5KcFRuM.webp,https://imgproxy.fourthwall.dev/v-BC23wY-hAm9W3gqZ8diJH9rVr2JPK3wLFo5xOSV5E/w:1920/sm:1/enc/9nQHXJ3Fuy2W1nYT/Ny0HbZteUvoB--jd/ZHZlnwz4g0JvZg-S/xuO2LrIekO4Lj2iH/HBdGED8TLl5GO2zK/X20bajGieHibugbg/fi5hK20YwLOjiCMz/vZjmFNUfuKHdJjoI/xb2wHSPBKbKdSUuM/Y-Hz3V2vHpCKSOnc/hVcVn6EmL0S6jycf/Dw-WtYxMSM9G8BYb/fyyTQc7g8QVJNX6K/qyWZSTnN_rHCk0iw/RdRdWZo6uiE.webp",Black,M,unisex,adult,carbs-are-fuel-oversized-gym-tee,Black
123E-KGB200L,"Carbs Are Fuel Oversized Gym Tee | Pump Cover — Black, L","I work out so I can eat pasta. A playful script back print with a twirl of spaghetti and the small print Carbs are fuel — Est. MMXXVI. The funny gym shirt for anyone who trains hard and never skips dinner. An oversized gym shirt with the print on the back and a clean front. Heavyweight, garment-dyed cotton that feels broken-in from the first wear. Wear it as a pump cover over your sports bra or tank, with bike shorts for an easy gym outfit, or style it as an oversized graphic tee outside the gym. Details Back print onlyComfort Colors 1717, 100% ring-spun cotton, 6.1 oz heavyweightGarment-dyed for a soft, slightly vintage finishRelaxed unisex fit, US sizingPrinted to orderFit: relaxed. For the oversized look, size up 1–2 — see the size guide in the photos. Care: wash cold, inside out, with like colors. Tumble dry low.",https://aesthwear.com/products/carbs-are-fuel-oversized-gym-tee?utm_source=pinterest&utm_medium=catalog&utm_campaign=pinterest-catalog&utm_content=carbs-are-fuel-oversized-gym-tee,https://meakamst-stack.github.io/aesth-pinterest-feed/pins/pasta-01/pasta-01-tee-black-gym-v1.jpg,34.00 USD,in stock,new,AESTH.,Apparel & Accessories > Clothing > Shirts & Tops,carbs-are-fuel-oversized-gym-tee,"https://meakamst-stack.github.io/aesth-pinterest-feed/pins/pasta-01/pasta-01-tee-black-straat-v1.jpg,https://meakamst-stack.github.io/aesth-pinterest-feed/pins/pasta-01/pasta-01-tee-black-studio-v1.jpg,https://imgproxy.fourthwall.dev/l5LwLDJmK9PCrJjm2M26c0Hs4i9u8bfuAcr-NfFkw9E/w:1920/sm:1/enc/0FJ0wqUn5ZdUtZkw/NhzDe2IUJMqnuPoo/FpfA1kmFWkFBKxCT/ntnNsCDL4sZVWnzK/gkMBjlXvFhczL3uw/_9eris8ixUoAowPG/haVRr7spZzoC1JKM/dkWcjls4yiqJfuUk/-68cXoVWODtPsxuy/bePg7zWVY9D6BrnA/8KvDHjn3cuEEjraw/pxmSMGlOF1S0Ywmc/NPto7flYp9mQ0HW0/Jnu9vJxXbh5i48yf/3DuHu1lDB_E.webp,https://imgproxy.fourthwall.dev/HWDpoZZthGPK3kZFsG-x0XTO8VHCGX3BHkxowEJKX_4/w:1920/sm:1/enc/hgdcdI2TsjLgBx3Q/ykza9Qe_SeEpfeNX/ZTqIAqzGlCY3bX13/MFoG4BAa4SqG1PtL/F1h8dCZq6Or_sYgM/bkJ3rK_O1u1h1ViN/vd_eyWZUGNh7dQ_1/d5XQ3QAOtQXxg6Mu/Wi2e6WGXSjlv0l86/GfSnOxa0MTfnXlvE/PHQIoxthdncHY5ba/7Rh8Zowc9-0yPY-H/9ec1aQW8HWE0TwXJ/mcsgeYykX3F31rvS/_Lhf5KcFRuM.webp,https://imgproxy.fourthwall.dev/v-BC23wY-hAm9W3gqZ8diJH9rVr2JPK3wLFo5xOSV5E/w:1920/sm:1/enc/9nQHXJ3Fuy2W1nYT/Ny0HbZteUvoB--jd/ZHZlnwz4g0JvZg-S/xuO2LrIekO4Lj2iH/HBdGED8TLl5GO2zK/X20bajGieHibugbg/fi5hK20YwLOjiCMz/vZjmFNUfuKHdJjoI/xb2wHSPBKbKdSUuM/Y-Hz3V2vHpCKSOnc/hVcVn6EmL0S6jycf/Dw-WtYxMSM9G8BYb/fyyTQc7g8QVJNX6K/qyWZSTnN_rHCk0iw/RdRdWZo6uiE.webp",Black,L,unisex,adult,carbs-are-fuel-oversized-gym-tee,Black
123E-JNC20XL,"Carbs Are Fuel Oversized Gym Tee | Pump Cover — Black, XL","I work out so I can eat pasta. A playful script back print with a twirl of spaghetti and the small print Carbs are fuel — Est. MMXXVI. The funny gym shirt for anyone who trains hard and never skips dinner. An oversized gym shirt with the print on the back and a clean front. Heavyweight, garment-dyed cotton that feels broken-in from the first wear. Wear it as a pump cover over your sports bra or tank, with bike shorts for an easy gym outfit, or style it as an oversized graphic tee outside the gym. Details Back print onlyComfort Colors 1717, 100% ring-spun cotton, 6.1 oz heavyweightGarment-dyed for a soft, slightly vintage finishRelaxed unisex fit, US sizingPrinted to orderFit: relaxed. For the oversized look, size up 1–2 — see the size guide in the photos. Care: wash cold, inside out, with like colors. Tumble dry low.",https://aesthwear.com/products/carbs-are-fuel-oversized-gym-tee?utm_source=pinterest&utm_medium=catalog&utm_campaign=pinterest-catalog&utm_content=carbs-are-fuel-oversized-gym-tee,https://meakamst-stack.github.io/aesth-pinterest-feed/pins/pasta-01/pasta-01-tee-black-gym-v1.jpg,34.00 USD,in stock,new,AESTH.,Apparel & Accessories > Clothing > Shirts & Tops,carbs-are-fuel-oversized-gym-tee,"https://meakamst-stack.github.io/aesth-pinterest-feed/pins/pasta-01/pasta-01-tee-black-straat-v1.jpg,https://meakamst-stack.github.io/aesth-pinterest-feed/pins/pasta-01/pasta-01-tee-black-studio-v1.jpg,https://imgproxy.fourthwall.dev/l5LwLDJmK9PCrJjm2M26c0Hs4i9u8bfuAcr-NfFkw9E/w:1920/sm:1/enc/0FJ0wqUn5ZdUtZkw/NhzDe2IUJMqnuPoo/FpfA1kmFWkFBKxCT/ntnNsCDL4sZVWnzK/gkMBjlXvFhczL3uw/_9eris8ixUoAowPG/haVRr7spZzoC1JKM/dkWcjls4yiqJfuUk/-68cXoVWODtPsxuy/bePg7zWVY9D6BrnA/8KvDHjn3cuEEjraw/pxmSMGlOF1S0Ywmc/NPto7flYp9mQ0HW0/Jnu9vJxXbh5i48yf/3DuHu1lDB_E.webp,https://imgproxy.fourthwall.dev/HWDpoZZthGPK3kZFsG-x0XTO8VHCGX3BHkxowEJKX_4/w:1920/sm:1/enc/hgdcdI2TsjLgBx3Q/ykza9Qe_SeEpfeNX/ZTqIAqzGlCY3bX13/MFoG4BAa4SqG1PtL/F1h8dCZq6Or_sYgM/bkJ3rK_O1u1h1ViN/vd_eyWZUGNh7dQ_1/d5XQ3QAOtQXxg6Mu/Wi2e6WGXSjlv0l86/GfSnOxa0MTfnXlvE/PHQIoxthdncHY5ba/7Rh8Zowc9-0yPY-H/9ec1aQW8HWE0TwXJ/mcsgeYykX3F31rvS/_Lhf5KcFRuM.webp,https://imgproxy.fourthwall.dev/v-BC23wY-hAm9W3gqZ8diJH9rVr2JPK3wLFo5xOSV5E/w:1920/sm:1/enc/9nQHXJ3Fuy2W1nYT/Ny0HbZteUvoB--jd/ZHZlnwz4g0JvZg-S/xuO2LrIekO4Lj2iH/HBdGED8TLl5GO2zK/X20bajGieHibugbg/fi5hK20YwLOjiCMz/vZjmFNUfuKHdJjoI/xb2wHSPBKbKdSUuM/Y-Hz3V2vHpCKSOnc/hVcVn6EmL0S6jycf/Dw-WtYxMSM9G8BYb/fyyTQc7g8QVJNX6K/qyWZSTnN_rHCk0iw/RdRdWZo6uiE.webp",Black,XL,unisex,adult,carbs-are-fuel-oversized-gym-tee,Black
123E-3N3202X,"Carbs Are Fuel Oversized Gym Tee | Pump Cover — Black, 2XL","I work out so I can eat pasta. A playful script back print with a twirl of spaghetti and the small print Carbs are fuel — Est. MMXXVI. The funny gym shirt for anyone who trains hard and never skips dinner. An oversized gym shirt with the print on the back and a clean front. Heavyweight, garment-dyed cotton that feels broken-in from the first wear. Wear it as a pump cover over your sports bra or tank, with bike shorts for an easy gym outfit, or style it as an oversized graphic tee outside the gym. Details Back print onlyComfort Colors 1717, 100% ring-spun cotton, 6.1 oz heavyweightGarment-dyed for a soft, slightly vintage finishRelaxed unisex fit, US sizingPrinted to orderFit: relaxed. For the oversized look, size up 1–2 — see the size guide in the photos. Care: wash cold, inside out, with like colors. Tumble dry low.",https://aesthwear.com/products/carbs-are-fuel-oversized-gym-tee?utm_source=pinterest&utm_medium=catalog&utm_campaign=pinterest-catalog&utm_content=carbs-are-fuel-oversized-gym-tee,https://meakamst-stack.github.io/aesth-pinterest-feed/pins/pasta-01/pasta-01-tee-black-gym-v1.jpg,36.00 USD,in stock,new,AESTH.,Apparel & Accessories > Clothing > Shirts & Tops,carbs-are-fuel-oversized-gym-tee,"https://meakamst-stack.github.io/aesth-pinterest-feed/pins/pasta-01/pasta-01-tee-black-straat-v1.jpg,https://meakamst-stack.github.io/aesth-pinterest-feed/pins/pasta-01/pasta-01-tee-black-studio-v1.jpg,https://imgproxy.fourthwall.dev/l5LwLDJmK9PCrJjm2M26c0Hs4i9u8bfuAcr-NfFkw9E/w:1920/sm:1/enc/0FJ0wqUn5ZdUtZkw/NhzDe2IUJMqnuPoo/FpfA1kmFWkFBKxCT/ntnNsCDL4sZVWnzK/gkMBjlXvFhczL3uw/_9eris8ixUoAowPG/haVRr7spZzoC1JKM/dkWcjls4yiqJfuUk/-68cXoVWODtPsxuy/bePg7zWVY9D6BrnA/8KvDHjn3cuEEjraw/pxmSMGlOF1S0Ywmc/NPto7flYp9mQ0HW0/Jnu9vJxXbh5i48yf/3DuHu1lDB_E.webp,https://imgproxy.fourthwall.dev/HWDpoZZthGPK3kZFsG-x0XTO8VHCGX3BHkxowEJKX_4/w:1920/sm:1/enc/hgdcdI2TsjLgBx3Q/ykza9Qe_SeEpfeNX/ZTqIAqzGlCY3bX13/MFoG4BAa4SqG1PtL/F1h8dCZq6Or_sYgM/bkJ3rK_O1u1h1ViN/vd_eyWZUGNh7dQ_1/d5XQ3QAOtQXxg6Mu/Wi2e6WGXSjlv0l86/GfSnOxa0MTfnXlvE/PHQIoxthdncHY5ba/7Rh8Zowc9-0yPY-H/9ec1aQW8HWE0TwXJ/mcsgeYykX3F31rvS/_Lhf5KcFRuM.webp,https://imgproxy.fourthwall.dev/v-BC23wY-hAm9W3gqZ8diJH9rVr2JPK3wLFo5xOSV5E/w:1920/sm:1/enc/9nQHXJ3Fuy2W1nYT/Ny0HbZteUvoB--jd/ZHZlnwz4g0JvZg-S/xuO2LrIekO4Lj2iH/HBdGED8TLl5GO2zK/X20bajGieHibugbg/fi5hK20YwLOjiCMz/vZjmFNUfuKHdJjoI/xb2wHSPBKbKdSUuM/Y-Hz3V2vHpCKSOnc/hVcVn6EmL0S6jycf/Dw-WtYxMSM9G8BYb/fyyTQc7g8QVJNX6K/qyWZSTnN_rHCk0iw/RdRdWZo6uiE.webp",Black,2XL,unisex,adult,carbs-are-fuel-oversized-gym-tee,Black
123E-YCB203X,"Carbs Are Fuel Oversized Gym Tee | Pump Cover — Black, 3XL","I work out so I can eat pasta. A playful script back print with a twirl of spaghetti and the small print Carbs are fuel — Est. MMXXVI. The funny gym shirt for anyone who trains hard and never skips dinner. An oversized gym shirt with the print on the back and a clean front. Heavyweight, garment-dyed cotton that feels broken-in from the first wear. Wear it as a pump cover over your sports bra or tank, with bike shorts for an easy gym outfit, or style it as an oversized graphic tee outside the gym. Details Back print onlyComfort Colors 1717, 100% ring-spun cotton, 6.1 oz heavyweightGarment-dyed for a soft, slightly vintage finishRelaxed unisex fit, US sizingPrinted to orderFit: relaxed. For the oversized look, size up 1–2 — see the size guide in the photos. Care: wash cold, inside out, with like colors. Tumble dry low.",https://aesthwear.com/products/carbs-are-fuel-oversized-gym-tee?utm_source=pinterest&utm_medium=catalog&utm_campaign=pinterest-catalog&utm_content=carbs-are-fuel-oversized-gym-tee,https://meakamst-stack.github.io/aesth-pinterest-feed/pins/pasta-01/pasta-01-tee-black-gym-v1.jpg,38.00 USD,in stock,new,AESTH.,Apparel & Accessories > Clothing > Shirts & Tops,carbs-are-fuel-oversized-gym-tee,"https://meakamst-stack.github.io/aesth-pinterest-feed/pins/pasta-01/pasta-01-tee-black-straat-v1.jpg,https://meakamst-stack.github.io/aesth-pinterest-feed/pins/pasta-01/pasta-01-tee-black-studio-v1.jpg,https://imgproxy.fourthwall.dev/l5LwLDJmK9PCrJjm2M26c0Hs4i9u8bfuAcr-NfFkw9E/w:1920/sm:1/enc/0FJ0wqUn5ZdUtZkw/NhzDe2IUJMqnuPoo/FpfA1kmFWkFBKxCT/ntnNsCDL4sZVWnzK/gkMBjlXvFhczL3uw/_9eris8ixUoAowPG/haVRr7spZzoC1JKM/dkWcjls4yiqJfuUk/-68cXoVWODtPsxuy/bePg7zWVY9D6BrnA/8KvDHjn3cuEEjraw/pxmSMGlOF1S0Ywmc/NPto7flYp9mQ0HW0/Jnu9vJxXbh5i48yf/3DuHu1lDB_E.webp,https://imgproxy.fourthwall.dev/HWDpoZZthGPK3kZFsG-x0XTO8VHCGX3BHkxowEJKX_4/w:1920/sm:1/enc/hgdcdI2TsjLgBx3Q/ykza9Qe_SeEpfeNX/ZTqIAqzGlCY3bX13/MFoG4BAa4SqG1PtL/F1h8dCZq6Or_sYgM/bkJ3rK_O1u1h1ViN/vd_eyWZUGNh7dQ_1/d5XQ3QAOtQXxg6Mu/Wi2e6WGXSjlv0l86/GfSnOxa0MTfnXlvE/PHQIoxthdncHY5ba/7Rh8Zowc9-0yPY-H/9ec1aQW8HWE0TwXJ/mcsgeYykX3F31rvS/_Lhf5KcFRuM.webp,https://imgproxy.fourthwall.dev/v-BC23wY-hAm9W3gqZ8diJH9rVr2JPK3wLFo5xOSV5E/w:1920/sm:1/enc/9nQHXJ3Fuy2W1nYT/Ny0HbZteUvoB--jd/ZHZlnwz4g0JvZg-S/xuO2LrIekO4Lj2iH/HBdGED8TLl5GO2zK/X20bajGieHibugbg/fi5hK20YwLOjiCMz/vZjmFNUfuKHdJjoI/xb2wHSPBKbKdSUuM/Y-Hz3V2vHpCKSOnc/hVcVn6EmL0S6jycf/Dw-WtYxMSM9G8BYb/fyyTQc7g8QVJNX6K/qyWZSTnN_rHCk0iw/RdRdWZo6uiE.webp",Black,3XL,unisex,adult,carbs-are-fuel-oversized-gym-tee,Black
123E-6E3204X,"Carbs Are Fuel Oversized Gym Tee | Pump Cover — Black, 4XL","I work out so I can eat pasta. A playful script back print with a twirl of spaghetti and the small print Carbs are fuel — Est. MMXXVI. The funny gym shirt for anyone who trains hard and never skips dinner. An oversized gym shirt with the print on the back and a clean front. Heavyweight, garment-dyed cotton that feels broken-in from the first wear. Wear it as a pump cover over your sports bra or tank, with bike shorts for an easy gym outfit, or style it as an oversized graphic tee outside the gym. Details Back print onlyComfort Colors 1717, 100% ring-spun cotton, 6.1 oz heavyweightGarment-dyed for a soft, slightly vintage finishRelaxed unisex fit, US sizingPrinted to orderFit: relaxed. For the oversized look, size up 1–2 — see the size guide in the photos. Care: wash cold, inside out, with like colors. Tumble dry low.",https://aesthwear.com/products/carbs-are-fuel-oversized-gym-tee?utm_source=pinterest&utm_medium=catalog&utm_campaign=pinterest-catalog&utm_content=carbs-are-fuel-oversized-gym-tee,https://meakamst-stack.github.io/aesth-pinterest-feed/pins/pasta-01/pasta-01-tee-black-gym-v1.jpg,40.00 USD,in stock,new,AESTH.,Apparel & Accessories > Clothing > Shirts & Tops,carbs-are-fuel-oversized-gym-tee,"https://meakamst-stack.github.io/aesth-pinterest-feed/pins/pasta-01/pasta-01-tee-black-straat-v1.jpg,https://meakamst-stack.github.io/aesth-pinterest-feed/pins/pasta-01/pasta-01-tee-black-studio-v1.jpg,https://imgproxy.fourthwall.dev/l5LwLDJmK9PCrJjm2M26c0Hs4i9u8bfuAcr-NfFkw9E/w:1920/sm:1/enc/0FJ0wqUn5ZdUtZkw/NhzDe2IUJMqnuPoo/FpfA1kmFWkFBKxCT/ntnNsCDL4sZVWnzK/gkMBjlXvFhczL3uw/_9eris8ixUoAowPG/haVRr7spZzoC1JKM/dkWcjls4yiqJfuUk/-68cXoVWODtPsxuy/bePg7zWVY9D6BrnA/8KvDHjn3cuEEjraw/pxmSMGlOF1S0Ywmc/NPto7flYp9mQ0HW0/Jnu9vJxXbh5i48yf/3DuHu1lDB_E.webp,https://imgproxy.fourthwall.dev/HWDpoZZthGPK3kZFsG-x0XTO8VHCGX3BHkxowEJKX_4/w:1920/sm:1/enc/hgdcdI2TsjLgBx3Q/ykza9Qe_SeEpfeNX/ZTqIAqzGlCY3bX13/MFoG4BAa4SqG1PtL/F1h8dCZq6Or_sYgM/bkJ3rK_O1u1h1ViN/vd_eyWZUGNh7dQ_1/d5XQ3QAOtQXxg6Mu/Wi2e6WGXSjlv0l86/GfSnOxa0MTfnXlvE/PHQIoxthdncHY5ba/7Rh8Zowc9-0yPY-H/9ec1aQW8HWE0TwXJ/mcsgeYykX3F31rvS/_Lhf5KcFRuM.webp,https://imgproxy.fourthwall.dev/v-BC23wY-hAm9W3gqZ8diJH9rVr2JPK3wLFo5xOSV5E/w:1920/sm:1/enc/9nQHXJ3Fuy2W1nYT/Ny0HbZteUvoB--jd/ZHZlnwz4g0JvZg-S/xuO2LrIekO4Lj2iH/HBdGED8TLl5GO2zK/X20bajGieHibugbg/fi5hK20YwLOjiCMz/vZjmFNUfuKHdJjoI/xb2wHSPBKbKdSUuM/Y-Hz3V2vHpCKSOnc/hVcVn6EmL0S6jycf/Dw-WtYxMSM9G8BYb/fyyTQc7g8QVJNX6K/qyWZSTnN_rHCk0iw/RdRdWZo6uiE.webp",Black,4XL,unisex,adult,carbs-are-fuel-oversized-gym-tee,Black
1TDY-5W2P00S,"Carbs Are Fuel Oversized Gym Tee | Pump Cover — Ivory, S","I work out so I can eat pasta. A playful script back print with a twirl of spaghetti and the small print Carbs are fuel — Est. MMXXVI. The funny gym shirt for anyone who trains hard and never skips dinner. An oversized gym shirt with the print on the back and a clean front. Heavyweight, garment-dyed cotton that feels broken-in from the first wear. Wear it as a pump cover over your sports bra or tank, with bike shorts for an easy gym outfit, or style it as an oversized graphic tee outside the gym. Details Back print onlyComfort Colors 1717, 100% ring-spun cotton, 6.1 oz heavyweightGarment-dyed for a soft, slightly vintage finishRelaxed unisex fit, US sizingPrinted to orderFit: relaxed. For the oversized look, size up 1–2 — see the size guide in the photos. Care: wash cold, inside out, with like colors. Tumble dry low.",https://aesthwear.com/products/carbs-are-fuel-oversized-gym-tee?utm_source=pinterest&utm_medium=catalog&utm_campaign=pinterest-catalog&utm_content=carbs-are-fuel-oversized-gym-tee,https://meakamst-stack.github.io/aesth-pinterest-feed/pins/pasta-01/pasta-01-tee-ivory-gym-v1.jpg,34.00 USD,in stock,new,AESTH.,Apparel & Accessories > Clothing > Shirts & Tops,carbs-are-fuel-oversized-gym-tee,"https://meakamst-stack.github.io/aesth-pinterest-feed/pins/pasta-01/pasta-01-tee-ivory-straat-v1.jpg,https://meakamst-stack.github.io/aesth-pinterest-feed/pins/pasta-01/pasta-01-tee-ivory-studio-v1.jpg,https://imgproxy.fourthwall.dev/f0v9_gRm5wLkmYnQN__-pzTpXu2RSktoPxDaOwY1lVQ/w:1920/sm:1/enc/_GcJozxm-3k71RWW/wZmLbiftBcBauwG8/QSkPBTKJnvS3U3dh/ESN4LT3ch6NVEDN0/E9-vrReiAlBmg2de/IoQpuUlMrHnjujmi/4KOWZK__9u3PoB0Z/DZs0SB_PFwBhxdlG/BVUe-3XX_lbSEbHy/qo8kCDkW0nACFcCU/SWi-UGWvb6nHoqQS/6KsuLeP2z-vmCNZ2/QCTd55yLXMCHb2lB/JbAPTt-oAXuE6qrv/SbKzXXqI8Bg.webp,https://imgproxy.fourthwall.dev/I_RihrspwPYBfWQRlda2kIV6DX_nXakxsv2dtv9n1nI/w:1920/sm:1/enc/gGIJamu75T7f6mIf/4xHTU6DJYS9lnA1a/Kur-DMS4e81BYkOy/BF0Y-MzfW7zoB8GQ/32j-xlA4R6jkgkR_/6PZC3GAB0c9ib2uY/36H1W7F2wyji9jB_/DqeF21zSCapZmF74/kN73sftD2mG_ITIn/kFej7Edx7yUGFswy/xXhUPvHAdXAk50_L/G8DWq2BOdC8cPVKx/sZfg1agOfozA0qoa/Y75i0FtqX42Fh7oZ/BaTbyY5Bqxg.webp,https://imgproxy.fourthwall.dev/aYBtcVFA5c_2Wwin2DoD8WQwc6CEExblGQ1BDEJXV_I/w:1920/sm:1/enc/AGui54Cq56-awsQ_/JXD2pGuO-IWwauTl/8shNszSV-RrjRwDh/nwNf_BFP1J602EXo/R-XAf_sXvMjHFUGk/cH5ifOcBvsh_V0-I/9PvPaENfF1pRmZnE/oLz1X6SmL9v613Gl/stbEiHE1dZfOu_DP/dfMSsc9JxpKQhvzr/dyP8gCUMyzn4NKDf/oZbVKntFyQFGyk7e/a3cd-NQ3e4c0YbL3/NvxyG8DzdXSog2QX/JjTrUipR67s.webp",Ivory,S,unisex,adult,carbs-are-fuel-oversized-gym-tee,Ivory
1TDY-55JP00M,"Carbs Are Fuel Oversized Gym Tee | Pump Cover — Ivory, M","I work out so I can eat pasta. A playful script back print with a twirl of spaghetti and the small print Carbs are fuel — Est. MMXXVI. The funny gym shirt for anyone who trains hard and never skips dinner. An oversized gym shirt with the print on the back and a clean front. Heavyweight, garment-dyed cotton that feels broken-in from the first wear. Wear it as a pump cover over your sports bra or tank, with bike shorts for an easy gym outfit, or style it as an oversized graphic tee outside the gym. Details Back print onlyComfort Colors 1717, 100% ring-spun cotton, 6.1 oz heavyweightGarment-dyed for a soft, slightly vintage finishRelaxed unisex fit, US sizingPrinted to orderFit: relaxed. For the oversized look, size up 1–2 — see the size guide in the photos. Care: wash cold, inside out, with like colors. Tumble dry low.",https://aesthwear.com/products/carbs-are-fuel-oversized-gym-tee?utm_source=pinterest&utm_medium=catalog&utm_campaign=pinterest-catalog&utm_content=carbs-are-fuel-oversized-gym-tee,https://meakamst-stack.github.io/aesth-pinterest-feed/pins/pasta-01/pasta-01-tee-ivory-gym-v1.jpg,34.00 USD,in stock,new,AESTH.,Apparel & Accessories > Clothing > Shirts & Tops,carbs-are-fuel-oversized-gym-tee,"https://meakamst-stack.github.io/aesth-pinterest-feed/pins/pasta-01/pasta-01-tee-ivory-straat-v1.jpg,https://meakamst-stack.github.io/aesth-pinterest-feed/pins/pasta-01/pasta-01-tee-ivory-studio-v1.jpg,https://imgproxy.fourthwall.dev/f0v9_gRm5wLkmYnQN__-pzTpXu2RSktoPxDaOwY1lVQ/w:1920/sm:1/enc/_GcJozxm-3k71RWW/wZmLbiftBcBauwG8/QSkPBTKJnvS3U3dh/ESN4LT3ch6NVEDN0/E9-vrReiAlBmg2de/IoQpuUlMrHnjujmi/4KOWZK__9u3PoB0Z/DZs0SB_PFwBhxdlG/BVUe-3XX_lbSEbHy/qo8kCDkW0nACFcCU/SWi-UGWvb6nHoqQS/6KsuLeP2z-vmCNZ2/QCTd55yLXMCHb2lB/JbAPTt-oAXuE6qrv/SbKzXXqI8Bg.webp,https://imgproxy.fourthwall.dev/I_RihrspwPYBfWQRlda2kIV6DX_nXakxsv2dtv9n1nI/w:1920/sm:1/enc/gGIJamu75T7f6mIf/4xHTU6DJYS9lnA1a/Kur-DMS4e81BYkOy/BF0Y-MzfW7zoB8GQ/32j-xlA4R6jkgkR_/6PZC3GAB0c9ib2uY/36H1W7F2wyji9jB_/DqeF21zSCapZmF74/kN73sftD2mG_ITIn/kFej7Edx7yUGFswy/xXhUPvHAdXAk50_L/G8DWq2BOdC8cPVKx/sZfg1agOfozA0qoa/Y75i0FtqX42Fh7oZ/BaTbyY5Bqxg.webp,https://imgproxy.fourthwall.dev/aYBtcVFA5c_2Wwin2DoD8WQwc6CEExblGQ1BDEJXV_I/w:1920/sm:1/enc/AGui54Cq56-awsQ_/JXD2pGuO-IWwauTl/8shNszSV-RrjRwDh/nwNf_BFP1J602EXo/R-XAf_sXvMjHFUGk/cH5ifOcBvsh_V0-I/9PvPaENfF1pRmZnE/oLz1X6SmL9v613Gl/stbEiHE1dZfOu_DP/dfMSsc9JxpKQhvzr/dyP8gCUMyzn4NKDf/oZbVKntFyQFGyk7e/a3cd-NQ3e4c0YbL3/NvxyG8DzdXSog2QX/JjTrUipR67s.webp",Ivory,M,unisex,adult,carbs-are-fuel-oversized-gym-tee,Ivory
1TDY-N8SP00L,"Carbs Are Fuel Oversized Gym Tee | Pump Cover — Ivory, L","I work out so I can eat pasta. A playful script back print with a twirl of spaghetti and the small print Carbs are fuel — Est. MMXXVI. The funny gym shirt for anyone who trains hard and never skips dinner. An oversized gym shirt with the print on the back and a clean front. Heavyweight, garment-dyed cotton that feels broken-in from the first wear. Wear it as a pump cover over your sports bra or tank, with bike shorts for an easy gym outfit, or style it as an oversized graphic tee outside the gym. Details Back print onlyComfort Colors 1717, 100% ring-spun cotton, 6.1 oz heavyweightGarment-dyed for a soft, slightly vintage finishRelaxed unisex fit, US sizingPrinted to orderFit: relaxed. For the oversized look, size up 1–2 — see the size guide in the photos. Care: wash cold, inside out, with like colors. Tumble dry low.",https://aesthwear.com/products/carbs-are-fuel-oversized-gym-tee?utm_source=pinterest&utm_medium=catalog&utm_campaign=pinterest-catalog&utm_content=carbs-are-fuel-oversized-gym-tee,https://meakamst-stack.github.io/aesth-pinterest-feed/pins/pasta-01/pasta-01-tee-ivory-gym-v1.jpg,34.00 USD,in stock,new,AESTH.,Apparel & Accessories > Clothing > Shirts & Tops,carbs-are-fuel-oversized-gym-tee,"https://meakamst-stack.github.io/aesth-pinterest-feed/pins/pasta-01/pasta-01-tee-ivory-straat-v1.jpg,https://meakamst-stack.github.io/aesth-pinterest-feed/pins/pasta-01/pasta-01-tee-ivory-studio-v1.jpg,https://imgproxy.fourthwall.dev/f0v9_gRm5wLkmYnQN__-pzTpXu2RSktoPxDaOwY1lVQ/w:1920/sm:1/enc/_GcJozxm-3k71RWW/wZmLbiftBcBauwG8/QSkPBTKJnvS3U3dh/ESN4LT3ch6NVEDN0/E9-vrReiAlBmg2de/IoQpuUlMrHnjujmi/4KOWZK__9u3PoB0Z/DZs0SB_PFwBhxdlG/BVUe-3XX_lbSEbHy/qo8kCDkW0nACFcCU/SWi-UGWvb6nHoqQS/6KsuLeP2z-vmCNZ2/QCTd55yLXMCHb2lB/JbAPTt-oAXuE6qrv/SbKzXXqI8Bg.webp,https://imgproxy.fourthwall.dev/I_RihrspwPYBfWQRlda2kIV6DX_nXakxsv2dtv9n1nI/w:1920/sm:1/enc/gGIJamu75T7f6mIf/4xHTU6DJYS9lnA1a/Kur-DMS4e81BYkOy/BF0Y-MzfW7zoB8GQ/32j-xlA4R6jkgkR_/6PZC3GAB0c9ib2uY/36H1W7F2wyji9jB_/DqeF21zSCapZmF74/kN73sftD2mG_ITIn/kFej7Edx7yUGFswy/xXhUPvHAdXAk50_L/G8DWq2BOdC8cPVKx/sZfg1agOfozA0qoa/Y75i0FtqX42Fh7oZ/BaTbyY5Bqxg.webp,https://imgproxy.fourthwall.dev/aYBtcVFA5c_2Wwin2DoD8WQwc6CEExblGQ1BDEJXV_I/w:1920/sm:1/enc/AGui54Cq56-awsQ_/JXD2pGuO-IWwauTl/8shNszSV-RrjRwDh/nwNf_BFP1J602EXo/R-XAf_sXvMjHFUGk/cH5ifOcBvsh_V0-I/9PvPaENfF1pRmZnE/oLz1X6SmL9v613Gl/stbEiHE1dZfOu_DP/dfMSsc9JxpKQhvzr/dyP8gCUMyzn4NKDf/oZbVKntFyQFGyk7e/a3cd-NQ3e4c0YbL3/NvxyG8DzdXSog2QX/JjTrUipR67s.webp",Ivory,L,unisex,adult,carbs-are-fuel-oversized-gym-tee,Ivory
1TDY-A8WP0XL,"Carbs Are Fuel Oversized Gym Tee | Pump Cover — Ivory, XL","I work out so I can eat pasta. A playful script back print with a twirl of spaghetti and the small print Carbs are fuel — Est. MMXXVI. The funny gym shirt for anyone who trains hard and never skips dinner. An oversized gym shirt with the print on the back and a clean front. Heavyweight, garment-dyed cotton that feels broken-in from the first wear. Wear it as a pump cover over your sports bra or tank, with bike shorts for an easy gym outfit, or style it as an oversized graphic tee outside the gym. Details Back print onlyComfort Colors 1717, 100% ring-spun cotton, 6.1 oz heavyweightGarment-dyed for a soft, slightly vintage finishRelaxed unisex fit, US sizingPrinted to orderFit: relaxed. For the oversized look, size up 1–2 — see the size guide in the photos. Care: wash cold, inside out, with like colors. Tumble dry low.",https://aesthwear.com/products/carbs-are-fuel-oversized-gym-tee?utm_source=pinterest&utm_medium=catalog&utm_campaign=pinterest-catalog&utm_content=carbs-are-fuel-oversized-gym-tee,https://meakamst-stack.github.io/aesth-pinterest-feed/pins/pasta-01/pasta-01-tee-ivory-gym-v1.jpg,34.00 USD,in stock,new,AESTH.,Apparel & Accessories > Clothing > Shirts & Tops,carbs-are-fuel-oversized-gym-tee,"https://meakamst-stack.github.io/aesth-pinterest-feed/pins/pasta-01/pasta-01-tee-ivory-straat-v1.jpg,https://meakamst-stack.github.io/aesth-pinterest-feed/pins/pasta-01/pasta-01-tee-ivory-studio-v1.jpg,https://imgproxy.fourthwall.dev/f0v9_gRm5wLkmYnQN__-pzTpXu2RSktoPxDaOwY1lVQ/w:1920/sm:1/enc/_GcJozxm-3k71RWW/wZmLbiftBcBauwG8/QSkPBTKJnvS3U3dh/ESN4LT3ch6NVEDN0/E9-vrReiAlBmg2de/IoQpuUlMrHnjujmi/4KOWZK__9u3PoB0Z/DZs0SB_PFwBhxdlG/BVUe-3XX_lbSEbHy/qo8kCDkW0nACFcCU/SWi-UGWvb6nHoqQS/6KsuLeP2z-vmCNZ2/QCTd55yLXMCHb2lB/JbAPTt-oAXuE6qrv/SbKzXXqI8Bg.webp,https://imgproxy.fourthwall.dev/I_RihrspwPYBfWQRlda2kIV6DX_nXakxsv2dtv9n1nI/w:1920/sm:1/enc/gGIJamu75T7f6mIf/4xHTU6DJYS9lnA1a/Kur-DMS4e81BYkOy/BF0Y-MzfW7zoB8GQ/32j-xlA4R6jkgkR_/6PZC3GAB0c9ib2uY/36H1W7F2wyji9jB_/DqeF21zSCapZmF74/kN73sftD2mG_ITIn/kFej7Edx7yUGFswy/xXhUPvHAdXAk50_L/G8DWq2BOdC8cPVKx/sZfg1agOfozA0qoa/Y75i0FtqX42Fh7oZ/BaTbyY5Bqxg.webp,https://imgproxy.fourthwall.dev/aYBtcVFA5c_2Wwin2DoD8WQwc6CEExblGQ1BDEJXV_I/w:1920/sm:1/enc/AGui54Cq56-awsQ_/JXD2pGuO-IWwauTl/8shNszSV-RrjRwDh/nwNf_BFP1J602EXo/R-XAf_sXvMjHFUGk/cH5ifOcBvsh_V0-I/9PvPaENfF1pRmZnE/oLz1X6SmL9v613Gl/stbEiHE1dZfOu_DP/dfMSsc9JxpKQhvzr/dyP8gCUMyzn4NKDf/oZbVKntFyQFGyk7e/a3cd-NQ3e4c0YbL3/NvxyG8DzdXSog2QX/JjTrUipR67s.webp",Ivory,XL,unisex,adult,carbs-are-fuel-oversized-gym-tee,Ivory
1TDY-ZT7P02X,"Carbs Are Fuel Oversized Gym Tee | Pump Cover — Ivory, 2XL","I work out so I can eat pasta. A playful script back print with a twirl of spaghetti and the small print Carbs are fuel — Est. MMXXVI. The funny gym shirt for anyone who trains hard and never skips dinner. An oversized gym shirt with the print on the back and a clean front. Heavyweight, garment-dyed cotton that feels broken-in from the first wear. Wear it as a pump cover over your sports bra or tank, with bike shorts for an easy gym outfit, or style it as an oversized graphic tee outside the gym. Details Back print onlyComfort Colors 1717, 100% ring-spun cotton, 6.1 oz heavyweightGarment-dyed for a soft, slightly vintage finishRelaxed unisex fit, US sizingPrinted to orderFit: relaxed. For the oversized look, size up 1–2 — see the size guide in the photos. Care: wash cold, inside out, with like colors. Tumble dry low.",https://aesthwear.com/products/carbs-are-fuel-oversized-gym-tee?utm_source=pinterest&utm_medium=catalog&utm_campaign=pinterest-catalog&utm_content=carbs-are-fuel-oversized-gym-tee,https://meakamst-stack.github.io/aesth-pinterest-feed/pins/pasta-01/pasta-01-tee-ivory-gym-v1.jpg,36.00 USD,in stock,new,AESTH.,Apparel & Accessories > Clothing > Shirts & Tops,carbs-are-fuel-oversized-gym-tee,"https://meakamst-stack.github.io/aesth-pinterest-feed/pins/pasta-01/pasta-01-tee-ivory-straat-v1.jpg,https://meakamst-stack.github.io/aesth-pinterest-feed/pins/pasta-01/pasta-01-tee-ivory-studio-v1.jpg,https://imgproxy.fourthwall.dev/f0v9_gRm5wLkmYnQN__-pzTpXu2RSktoPxDaOwY1lVQ/w:1920/sm:1/enc/_GcJozxm-3k71RWW/wZmLbiftBcBauwG8/QSkPBTKJnvS3U3dh/ESN4LT3ch6NVEDN0/E9-vrReiAlBmg2de/IoQpuUlMrHnjujmi/4KOWZK__9u3PoB0Z/DZs0SB_PFwBhxdlG/BVUe-3XX_lbSEbHy/qo8kCDkW0nACFcCU/SWi-UGWvb6nHoqQS/6KsuLeP2z-vmCNZ2/QCTd55yLXMCHb2lB/JbAPTt-oAXuE6qrv/SbKzXXqI8Bg.webp,https://imgproxy.fourthwall.dev/I_RihrspwPYBfWQRlda2kIV6DX_nXakxsv2dtv9n1nI/w:1920/sm:1/enc/gGIJamu75T7f6mIf/4xHTU6DJYS9lnA1a/Kur-DMS4e81BYkOy/BF0Y-MzfW7zoB8GQ/32j-xlA4R6jkgkR_/6PZC3GAB0c9ib2uY/36H1W7F2wyji9jB_/DqeF21zSCapZmF74/kN73sftD2mG_ITIn/kFej7Edx7yUGFswy/xXhUPvHAdXAk50_L/G8DWq2BOdC8cPVKx/sZfg1agOfozA0qoa/Y75i0FtqX42Fh7oZ/BaTbyY5Bqxg.webp,https://imgproxy.fourthwall.dev/aYBtcVFA5c_2Wwin2DoD8WQwc6CEExblGQ1BDEJXV_I/w:1920/sm:1/enc/AGui54Cq56-awsQ_/JXD2pGuO-IWwauTl/8shNszSV-RrjRwDh/nwNf_BFP1J602EXo/R-XAf_sXvMjHFUGk/cH5ifOcBvsh_V0-I/9PvPaENfF1pRmZnE/oLz1X6SmL9v613Gl/stbEiHE1dZfOu_DP/dfMSsc9JxpKQhvzr/dyP8gCUMyzn4NKDf/oZbVKntFyQFGyk7e/a3cd-NQ3e4c0YbL3/NvxyG8DzdXSog2QX/JjTrUipR67s.webp",Ivory,2XL,unisex,adult,carbs-are-fuel-oversized-gym-tee,Ivory
1TDY-FJZP03X,"Carbs Are Fuel Oversized Gym Tee | Pump Cover — Ivory, 3XL","I work out so I can eat pasta. A playful script back print with a twirl of spaghetti and the small print Carbs are fuel — Est. MMXXVI. The funny gym shirt for anyone who trains hard and never skips dinner. An oversized gym shirt with the print on the back and a clean front. Heavyweight, garment-dyed cotton that feels broken-in from the first wear. Wear it as a pump cover over your sports bra or tank, with bike shorts for an easy gym outfit, or style it as an oversized graphic tee outside the gym. Details Back print onlyComfort Colors 1717, 100% ring-spun cotton, 6.1 oz heavyweightGarment-dyed for a soft, slightly vintage finishRelaxed unisex fit, US sizingPrinted to orderFit: relaxed. For the oversized look, size up 1–2 — see the size guide in the photos. Care: wash cold, inside out, with like colors. Tumble dry low.",https://aesthwear.com/products/carbs-are-fuel-oversized-gym-tee?utm_source=pinterest&utm_medium=catalog&utm_campaign=pinterest-catalog&utm_content=carbs-are-fuel-oversized-gym-tee,https://meakamst-stack.github.io/aesth-pinterest-feed/pins/pasta-01/pasta-01-tee-ivory-gym-v1.jpg,38.00 USD,in stock,new,AESTH.,Apparel & Accessories > Clothing > Shirts & Tops,carbs-are-fuel-oversized-gym-tee,"https://meakamst-stack.github.io/aesth-pinterest-feed/pins/pasta-01/pasta-01-tee-ivory-straat-v1.jpg,https://meakamst-stack.github.io/aesth-pinterest-feed/pins/pasta-01/pasta-01-tee-ivory-studio-v1.jpg,https://imgproxy.fourthwall.dev/f0v9_gRm5wLkmYnQN__-pzTpXu2RSktoPxDaOwY1lVQ/w:1920/sm:1/enc/_GcJozxm-3k71RWW/wZmLbiftBcBauwG8/QSkPBTKJnvS3U3dh/ESN4LT3ch6NVEDN0/E9-vrReiAlBmg2de/IoQpuUlMrHnjujmi/4KOWZK__9u3PoB0Z/DZs0SB_PFwBhxdlG/BVUe-3XX_lbSEbHy/qo8kCDkW0nACFcCU/SWi-UGWvb6nHoqQS/6KsuLeP2z-vmCNZ2/QCTd55yLXMCHb2lB/JbAPTt-oAXuE6qrv/SbKzXXqI8Bg.webp,https://imgproxy.fourthwall.dev/I_RihrspwPYBfWQRlda2kIV6DX_nXakxsv2dtv9n1nI/w:1920/sm:1/enc/gGIJamu75T7f6mIf/4xHTU6DJYS9lnA1a/Kur-DMS4e81BYkOy/BF0Y-MzfW7zoB8GQ/32j-xlA4R6jkgkR_/6PZC3GAB0c9ib2uY/36H1W7F2wyji9jB_/DqeF21zSCapZmF74/kN73sftD2mG_ITIn/kFej7Edx7yUGFswy/xXhUPvHAdXAk50_L/G8DWq2BOdC8cPVKx/sZfg1agOfozA0qoa/Y75i0FtqX42Fh7oZ/BaTbyY5Bqxg.webp,https://imgproxy.fourthwall.dev/aYBtcVFA5c_2Wwin2DoD8WQwc6CEExblGQ1BDEJXV_I/w:1920/sm:1/enc/AGui54Cq56-awsQ_/JXD2pGuO-IWwauTl/8shNszSV-RrjRwDh/nwNf_BFP1J602EXo/R-XAf_sXvMjHFUGk/cH5ifOcBvsh_V0-I/9PvPaENfF1pRmZnE/oLz1X6SmL9v613Gl/stbEiHE1dZfOu_DP/dfMSsc9JxpKQhvzr/dyP8gCUMyzn4NKDf/oZbVKntFyQFGyk7e/a3cd-NQ3e4c0YbL3/NvxyG8DzdXSog2QX/JjTrUipR67s.webp",Ivory,3XL,unisex,adult,carbs-are-fuel-oversized-gym-tee,Ivory
1TDY-JS5P04X,"Carbs Are Fuel Oversized Gym Tee | Pump Cover — Ivory, 4XL","I work out so I can eat pasta. A playful script back print with a twirl of spaghetti and the small print Carbs are fuel — Est. MMXXVI. The funny gym shirt for anyone who trains hard and never skips dinner. An oversized gym shirt with the print on the back and a clean front. Heavyweight, garment-dyed cotton that feels broken-in from the first wear. Wear it as a pump cover over your sports bra or tank, with bike shorts for an easy gym outfit, or style it as an oversized graphic tee outside the gym. Details Back print onlyComfort Colors 1717, 100% ring-spun cotton, 6.1 oz heavyweightGarment-dyed for a soft, slightly vintage finishRelaxed unisex fit, US sizingPrinted to orderFit: relaxed. For the oversized look, size up 1–2 — see the size guide in the photos. Care: wash cold, inside out, with like colors. Tumble dry low.",https://aesthwear.com/products/carbs-are-fuel-oversized-gym-tee?utm_source=pinterest&utm_medium=catalog&utm_campaign=pinterest-catalog&utm_content=carbs-are-fuel-oversized-gym-tee,https://meakamst-stack.github.io/aesth-pinterest-feed/pins/pasta-01/pasta-01-tee-ivory-gym-v1.jpg,40.00 USD,in stock,new,AESTH.,Apparel & Accessories > Clothing > Shirts & Tops,carbs-are-fuel-oversized-gym-tee,"https://meakamst-stack.github.io/aesth-pinterest-feed/pins/pasta-01/pasta-01-tee-ivory-straat-v1.jpg,https://meakamst-stack.github.io/aesth-pinterest-feed/pins/pasta-01/pasta-01-tee-ivory-studio-v1.jpg,https://imgproxy.fourthwall.dev/f0v9_gRm5wLkmYnQN__-pzTpXu2RSktoPxDaOwY1lVQ/w:1920/sm:1/enc/_GcJozxm-3k71RWW/wZmLbiftBcBauwG8/QSkPBTKJnvS3U3dh/ESN4LT3ch6NVEDN0/E9-vrReiAlBmg2de/IoQpuUlMrHnjujmi/4KOWZK__9u3PoB0Z/DZs0SB_PFwBhxdlG/BVUe-3XX_lbSEbHy/qo8kCDkW0nACFcCU/SWi-UGWvb6nHoqQS/6KsuLeP2z-vmCNZ2/QCTd55yLXMCHb2lB/JbAPTt-oAXuE6qrv/SbKzXXqI8Bg.webp,https://imgproxy.fourthwall.dev/I_RihrspwPYBfWQRlda2kIV6DX_nXakxsv2dtv9n1nI/w:1920/sm:1/enc/gGIJamu75T7f6mIf/4xHTU6DJYS9lnA1a/Kur-DMS4e81BYkOy/BF0Y-MzfW7zoB8GQ/32j-xlA4R6jkgkR_/6PZC3GAB0c9ib2uY/36H1W7F2wyji9jB_/DqeF21zSCapZmF74/kN73sftD2mG_ITIn/kFej7Edx7yUGFswy/xXhUPvHAdXAk50_L/G8DWq2BOdC8cPVKx/sZfg1agOfozA0qoa/Y75i0FtqX42Fh7oZ/BaTbyY5Bqxg.webp,https://imgproxy.fourthwall.dev/aYBtcVFA5c_2Wwin2DoD8WQwc6CEExblGQ1BDEJXV_I/w:1920/sm:1/enc/AGui54Cq56-awsQ_/JXD2pGuO-IWwauTl/8shNszSV-RrjRwDh/nwNf_BFP1J602EXo/R-XAf_sXvMjHFUGk/cH5ifOcBvsh_V0-I/9PvPaENfF1pRmZnE/oLz1X6SmL9v613Gl/stbEiHE1dZfOu_DP/dfMSsc9JxpKQhvzr/dyP8gCUMyzn4NKDf/oZbVKntFyQFGyk7e/a3cd-NQ3e4c0YbL3/NvxyG8DzdXSog2QX/JjTrUipR67s.webp",Ivory,4XL,unisex,adult,carbs-are-fuel-oversized-gym-tee,Ivory
162L-ZNH200S,"I Stayed Oversized Gym Tee | Pump Cover — Black, S","Motivation left. I stayed. Written like a note to self from a training journal: motivation didn't show up at 5 AM, so you stopped waiting for it. A motivational gym shirt for no audience and no shortcuts — just showing up, again and again. An oversized gym shirt with the print on the back and a clean front. Heavyweight, garment-dyed cotton that feels broken-in from the first wear. Wear it as a pump cover over your sports bra or tank, with bike shorts for an easy gym outfit, or style it as an oversized graphic tee outside the gym. Details Back print onlyComfort Colors 1717, 100% ring-spun cotton, 6.1 oz heavyweightGarment-dyed for a soft, slightly vintage finishRelaxed unisex fit, US sizingPrinted to orderFit: relaxed. For the oversized look, size up 1–2 — see the size guide in the photos. Care: wash cold, inside out, with like colors. Tumble dry low.",https://aesthwear.com/products/i-stayed-oversized-gym-tee?utm_source=pinterest&utm_medium=catalog&utm_campaign=pinterest-catalog&utm_content=i-stayed-oversized-gym-tee,https://meakamst-stack.github.io/aesth-pinterest-feed/pins/stayed-01/stayed-01-tee-black-gym-v1.jpg,34.00 USD,in stock,new,AESTH.,Apparel & Accessories > Clothing > Shirts & Tops,i-stayed-oversized-gym-tee,"https://meakamst-stack.github.io/aesth-pinterest-feed/pins/stayed-01/stayed-01-tee-black-straat-v1.jpg,https://meakamst-stack.github.io/aesth-pinterest-feed/pins/stayed-01/stayed-01-tee-black-studio-v1.jpg,https://imgproxy.fourthwall.dev/vEMbNmkd_I8DOBObnO_ew0ruuXPbxIeLoGaaj2J-420/w:1920/sm:1/enc/59zQw_2tSOvJwcdw/v-vcPJATiEr3Aozj/H-opzvFJKs9Fh9iI/xRW8KxsPemul-UpU/_gNiopVNFyOlQWWm/YA7k_8fBdSUbYk0N/05OU44sT6L0Jnp4B/DNTiOVDdmnO2iqFz/nGHYlUhb4HF3IxmW/BYOqyKme8HT-Sssu/3shsk2gSeEzhSjhO/iaXpWllR8GFb_NNI/wTb3blquY4VujCMO/nscwhbgY_X3P62T4/tzfEowMe2Cw.webp,https://imgproxy.fourthwall.dev/TngPxxYcfaLuDILpNeMgUs1RiDucIbqpFE5WiB6L8do/w:1920/sm:1/enc/lec--tMSXiCs9ihL/NHo8br4kiDTYTDSy/fnpx_5ucjUZjeKBu/Siy6joTFD79chlvn/yX9WSsOJtxKKcCPx/FQKfegFWoqnJSPCD/v_cPowO4g74b2bWt/goIHNJ-oz-uUWm_z/GcwxNBsXY5dXcWkn/Nm28ZyGAPXvB8CB9/OKaNf-MeYQT72U2e/YG6_svLxVTdb7ZXV/ewrG8FYVooAhTVqc/RiDyLBy4MKCeNnpw/cqBVG21OOtw.webp,https://imgproxy.fourthwall.dev/ZK4uIS5n1rjV1br696cd6aKcIYW3QJgt4hoZNqRnvFY/w:1920/sm:1/enc/ENoA-hLIEBmYXwqG/JD8rkdcIWQxRmQ-W/sMxPEtAEtx4FOaMI/i13H45MJHmIXMu3U/hVnFhUnIezzCZbvS/379JkTFTPH1bv6sL/mBNLm76VPMl_egdd/vi5zp728-EDLTfbA/I1ryggqE7BgXUKKY/LT7dHRA5_1O_NeOj/3VZRtRkmPRvt24yq/Ovap31tVGt7ypAaS/DrW-USrO7zEYNriH/vB7kEQp5KFa3PrmI/l-MIhihB6S8.webp",Black,S,unisex,adult,i-stayed-oversized-gym-tee,Black
162L-A65200M,"I Stayed Oversized Gym Tee | Pump Cover — Black, M","Motivation left. I stayed. Written like a note to self from a training journal: motivation didn't show up at 5 AM, so you stopped waiting for it. A motivational gym shirt for no audience and no shortcuts — just showing up, again and again. An oversized gym shirt with the print on the back and a clean front. Heavyweight, garment-dyed cotton that feels broken-in from the first wear. Wear it as a pump cover over your sports bra or tank, with bike shorts for an easy gym outfit, or style it as an oversized graphic tee outside the gym. Details Back print onlyComfort Colors 1717, 100% ring-spun cotton, 6.1 oz heavyweightGarment-dyed for a soft, slightly vintage finishRelaxed unisex fit, US sizingPrinted to orderFit: relaxed. For the oversized look, size up 1–2 — see the size guide in the photos. Care: wash cold, inside out, with like colors. Tumble dry low.",https://aesthwear.com/products/i-stayed-oversized-gym-tee?utm_source=pinterest&utm_medium=catalog&utm_campaign=pinterest-catalog&utm_content=i-stayed-oversized-gym-tee,https://meakamst-stack.github.io/aesth-pinterest-feed/pins/stayed-01/stayed-01-tee-black-gym-v1.jpg,34.00 USD,in stock,new,AESTH.,Apparel & Accessories > Clothing > Shirts & Tops,i-stayed-oversized-gym-tee,"https://meakamst-stack.github.io/aesth-pinterest-feed/pins/stayed-01/stayed-01-tee-black-straat-v1.jpg,https://meakamst-stack.github.io/aesth-pinterest-feed/pins/stayed-01/stayed-01-tee-black-studio-v1.jpg,https://imgproxy.fourthwall.dev/vEMbNmkd_I8DOBObnO_ew0ruuXPbxIeLoGaaj2J-420/w:1920/sm:1/enc/59zQw_2tSOvJwcdw/v-vcPJATiEr3Aozj/H-opzvFJKs9Fh9iI/xRW8KxsPemul-UpU/_gNiopVNFyOlQWWm/YA7k_8fBdSUbYk0N/05OU44sT6L0Jnp4B/DNTiOVDdmnO2iqFz/nGHYlUhb4HF3IxmW/BYOqyKme8HT-Sssu/3shsk2gSeEzhSjhO/iaXpWllR8GFb_NNI/wTb3blquY4VujCMO/nscwhbgY_X3P62T4/tzfEowMe2Cw.webp,https://imgproxy.fourthwall.dev/TngPxxYcfaLuDILpNeMgUs1RiDucIbqpFE5WiB6L8do/w:1920/sm:1/enc/lec--tMSXiCs9ihL/NHo8br4kiDTYTDSy/fnpx_5ucjUZjeKBu/Siy6joTFD79chlvn/yX9WSsOJtxKKcCPx/FQKfegFWoqnJSPCD/v_cPowO4g74b2bWt/goIHNJ-oz-uUWm_z/GcwxNBsXY5dXcWkn/Nm28ZyGAPXvB8CB9/OKaNf-MeYQT72U2e/YG6_svLxVTdb7ZXV/ewrG8FYVooAhTVqc/RiDyLBy4MKCeNnpw/cqBVG21OOtw.webp,https://imgproxy.fourthwall.dev/ZK4uIS5n1rjV1br696cd6aKcIYW3QJgt4hoZNqRnvFY/w:1920/sm:1/enc/ENoA-hLIEBmYXwqG/JD8rkdcIWQxRmQ-W/sMxPEtAEtx4FOaMI/i13H45MJHmIXMu3U/hVnFhUnIezzCZbvS/379JkTFTPH1bv6sL/mBNLm76VPMl_egdd/vi5zp728-EDLTfbA/I1ryggqE7BgXUKKY/LT7dHRA5_1O_NeOj/3VZRtRkmPRvt24yq/Ovap31tVGt7ypAaS/DrW-USrO7zEYNriH/vB7kEQp5KFa3PrmI/l-MIhihB6S8.webp",Black,M,unisex,adult,i-stayed-oversized-gym-tee,Black
162L-5EJ200L,"I Stayed Oversized Gym Tee | Pump Cover — Black, L","Motivation left. I stayed. Written like a note to self from a training journal: motivation didn't show up at 5 AM, so you stopped waiting for it. A motivational gym shirt for no audience and no shortcuts — just showing up, again and again. An oversized gym shirt with the print on the back and a clean front. Heavyweight, garment-dyed cotton that feels broken-in from the first wear. Wear it as a pump cover over your sports bra or tank, with bike shorts for an easy gym outfit, or style it as an oversized graphic tee outside the gym. Details Back print onlyComfort Colors 1717, 100% ring-spun cotton, 6.1 oz heavyweightGarment-dyed for a soft, slightly vintage finishRelaxed unisex fit, US sizingPrinted to orderFit: relaxed. For the oversized look, size up 1–2 — see the size guide in the photos. Care: wash cold, inside out, with like colors. Tumble dry low.",https://aesthwear.com/products/i-stayed-oversized-gym-tee?utm_source=pinterest&utm_medium=catalog&utm_campaign=pinterest-catalog&utm_content=i-stayed-oversized-gym-tee,https://meakamst-stack.github.io/aesth-pinterest-feed/pins/stayed-01/stayed-01-tee-black-gym-v1.jpg,34.00 USD,in stock,new,AESTH.,Apparel & Accessories > Clothing > Shirts & Tops,i-stayed-oversized-gym-tee,"https://meakamst-stack.github.io/aesth-pinterest-feed/pins/stayed-01/stayed-01-tee-black-straat-v1.jpg,https://meakamst-stack.github.io/aesth-pinterest-feed/pins/stayed-01/stayed-01-tee-black-studio-v1.jpg,https://imgproxy.fourthwall.dev/vEMbNmkd_I8DOBObnO_ew0ruuXPbxIeLoGaaj2J-420/w:1920/sm:1/enc/59zQw_2tSOvJwcdw/v-vcPJATiEr3Aozj/H-opzvFJKs9Fh9iI/xRW8KxsPemul-UpU/_gNiopVNFyOlQWWm/YA7k_8fBdSUbYk0N/05OU44sT6L0Jnp4B/DNTiOVDdmnO2iqFz/nGHYlUhb4HF3IxmW/BYOqyKme8HT-Sssu/3shsk2gSeEzhSjhO/iaXpWllR8GFb_NNI/wTb3blquY4VujCMO/nscwhbgY_X3P62T4/tzfEowMe2Cw.webp,https://imgproxy.fourthwall.dev/TngPxxYcfaLuDILpNeMgUs1RiDucIbqpFE5WiB6L8do/w:1920/sm:1/enc/lec--tMSXiCs9ihL/NHo8br4kiDTYTDSy/fnpx_5ucjUZjeKBu/Siy6joTFD79chlvn/yX9WSsOJtxKKcCPx/FQKfegFWoqnJSPCD/v_cPowO4g74b2bWt/goIHNJ-oz-uUWm_z/GcwxNBsXY5dXcWkn/Nm28ZyGAPXvB8CB9/OKaNf-MeYQT72U2e/YG6_svLxVTdb7ZXV/ewrG8FYVooAhTVqc/RiDyLBy4MKCeNnpw/cqBVG21OOtw.webp,https://imgproxy.fourthwall.dev/ZK4uIS5n1rjV1br696cd6aKcIYW3QJgt4hoZNqRnvFY/w:1920/sm:1/enc/ENoA-hLIEBmYXwqG/JD8rkdcIWQxRmQ-W/sMxPEtAEtx4FOaMI/i13H45MJHmIXMu3U/hVnFhUnIezzCZbvS/379JkTFTPH1bv6sL/mBNLm76VPMl_egdd/vi5zp728-EDLTfbA/I1ryggqE7BgXUKKY/LT7dHRA5_1O_NeOj/3VZRtRkmPRvt24yq/Ovap31tVGt7ypAaS/DrW-USrO7zEYNriH/vB7kEQp5KFa3PrmI/l-MIhihB6S8.webp",Black,L,unisex,adult,i-stayed-oversized-gym-tee,Black
162L-7UZ20XL,"I Stayed Oversized Gym Tee | Pump Cover — Black, XL","Motivation left. I stayed. Written like a note to self from a training journal: motivation didn't show up at 5 AM, so you stopped waiting for it. A motivational gym shirt for no audience and no shortcuts — just showing up, again and again. An oversized gym shirt with the print on the back and a clean front. Heavyweight, garment-dyed cotton that feels broken-in from the first wear. Wear it as a pump cover over your sports bra or tank, with bike shorts for an easy gym outfit, or style it as an oversized graphic tee outside the gym. Details Back print onlyComfort Colors 1717, 100% ring-spun cotton, 6.1 oz heavyweightGarment-dyed for a soft, slightly vintage finishRelaxed unisex fit, US sizingPrinted to orderFit: relaxed. For the oversized look, size up 1–2 — see the size guide in the photos. Care: wash cold, inside out, with like colors. Tumble dry low.",https://aesthwear.com/products/i-stayed-oversized-gym-tee?utm_source=pinterest&utm_medium=catalog&utm_campaign=pinterest-catalog&utm_content=i-stayed-oversized-gym-tee,https://meakamst-stack.github.io/aesth-pinterest-feed/pins/stayed-01/stayed-01-tee-black-gym-v1.jpg,34.00 USD,in stock,new,AESTH.,Apparel & Accessories > Clothing > Shirts & Tops,i-stayed-oversized-gym-tee,"https://meakamst-stack.github.io/aesth-pinterest-feed/pins/stayed-01/stayed-01-tee-black-straat-v1.jpg,https://meakamst-stack.github.io/aesth-pinterest-feed/pins/stayed-01/stayed-01-tee-black-studio-v1.jpg,https://imgproxy.fourthwall.dev/vEMbNmkd_I8DOBObnO_ew0ruuXPbxIeLoGaaj2J-420/w:1920/sm:1/enc/59zQw_2tSOvJwcdw/v-vcPJATiEr3Aozj/H-opzvFJKs9Fh9iI/xRW8KxsPemul-UpU/_gNiopVNFyOlQWWm/YA7k_8fBdSUbYk0N/05OU44sT6L0Jnp4B/DNTiOVDdmnO2iqFz/nGHYlUhb4HF3IxmW/BYOqyKme8HT-Sssu/3shsk2gSeEzhSjhO/iaXpWllR8GFb_NNI/wTb3blquY4VujCMO/nscwhbgY_X3P62T4/tzfEowMe2Cw.webp,https://imgproxy.fourthwall.dev/TngPxxYcfaLuDILpNeMgUs1RiDucIbqpFE5WiB6L8do/w:1920/sm:1/enc/lec--tMSXiCs9ihL/NHo8br4kiDTYTDSy/fnpx_5ucjUZjeKBu/Siy6joTFD79chlvn/yX9WSsOJtxKKcCPx/FQKfegFWoqnJSPCD/v_cPowO4g74b2bWt/goIHNJ-oz-uUWm_z/GcwxNBsXY5dXcWkn/Nm28ZyGAPXvB8CB9/OKaNf-MeYQT72U2e/YG6_svLxVTdb7ZXV/ewrG8FYVooAhTVqc/RiDyLBy4MKCeNnpw/cqBVG21OOtw.webp,https://imgproxy.fourthwall.dev/ZK4uIS5n1rjV1br696cd6aKcIYW3QJgt4hoZNqRnvFY/w:1920/sm:1/enc/ENoA-hLIEBmYXwqG/JD8rkdcIWQxRmQ-W/sMxPEtAEtx4FOaMI/i13H45MJHmIXMu3U/hVnFhUnIezzCZbvS/379JkTFTPH1bv6sL/mBNLm76VPMl_egdd/vi5zp728-EDLTfbA/I1ryggqE7BgXUKKY/LT7dHRA5_1O_NeOj/3VZRtRkmPRvt24yq/Ovap31tVGt7ypAaS/DrW-USrO7zEYNriH/vB7kEQp5KFa3PrmI/l-MIhihB6S8.webp",Black,XL,unisex,adult,i-stayed-oversized-gym-tee,Black
162L-M4X202X,"I Stayed Oversized Gym Tee | Pump Cover — Black, 2XL","Motivation left. I stayed. Written like a note to self from a training journal: motivation didn't show up at 5 AM, so you stopped waiting for it. A motivational gym shirt for no audience and no shortcuts — just showing up, again and again. An oversized gym shirt with the print on the back and a clean front. Heavyweight, garment-dyed cotton that feels broken-in from the first wear. Wear it as a pump cover over your sports bra or tank, with bike shorts for an easy gym outfit, or style it as an oversized graphic tee outside the gym. Details Back print onlyComfort Colors 1717, 100% ring-spun cotton, 6.1 oz heavyweightGarment-dyed for a soft, slightly vintage finishRelaxed unisex fit, US sizingPrinted to orderFit: relaxed. For the oversized look, size up 1–2 — see the size guide in the photos. Care: wash cold, inside out, with like colors. Tumble dry low.",https://aesthwear.com/products/i-stayed-oversized-gym-tee?utm_source=pinterest&utm_medium=catalog&utm_campaign=pinterest-catalog&utm_content=i-stayed-oversized-gym-tee,https://meakamst-stack.github.io/aesth-pinterest-feed/pins/stayed-01/stayed-01-tee-black-gym-v1.jpg,36.00 USD,in stock,new,AESTH.,Apparel & Accessories > Clothing > Shirts & Tops,i-stayed-oversized-gym-tee,"https://meakamst-stack.github.io/aesth-pinterest-feed/pins/stayed-01/stayed-01-tee-black-straat-v1.jpg,https://meakamst-stack.github.io/aesth-pinterest-feed/pins/stayed-01/stayed-01-tee-black-studio-v1.jpg,https://imgproxy.fourthwall.dev/vEMbNmkd_I8DOBObnO_ew0ruuXPbxIeLoGaaj2J-420/w:1920/sm:1/enc/59zQw_2tSOvJwcdw/v-vcPJATiEr3Aozj/H-opzvFJKs9Fh9iI/xRW8KxsPemul-UpU/_gNiopVNFyOlQWWm/YA7k_8fBdSUbYk0N/05OU44sT6L0Jnp4B/DNTiOVDdmnO2iqFz/nGHYlUhb4HF3IxmW/BYOqyKme8HT-Sssu/3shsk2gSeEzhSjhO/iaXpWllR8GFb_NNI/wTb3blquY4VujCMO/nscwhbgY_X3P62T4/tzfEowMe2Cw.webp,https://imgproxy.fourthwall.dev/TngPxxYcfaLuDILpNeMgUs1RiDucIbqpFE5WiB6L8do/w:1920/sm:1/enc/lec--tMSXiCs9ihL/NHo8br4kiDTYTDSy/fnpx_5ucjUZjeKBu/Siy6joTFD79chlvn/yX9WSsOJtxKKcCPx/FQKfegFWoqnJSPCD/v_cPowO4g74b2bWt/goIHNJ-oz-uUWm_z/GcwxNBsXY5dXcWkn/Nm28ZyGAPXvB8CB9/OKaNf-MeYQT72U2e/YG6_svLxVTdb7ZXV/ewrG8FYVooAhTVqc/RiDyLBy4MKCeNnpw/cqBVG21OOtw.webp,https://imgproxy.fourthwall.dev/ZK4uIS5n1rjV1br696cd6aKcIYW3QJgt4hoZNqRnvFY/w:1920/sm:1/enc/ENoA-hLIEBmYXwqG/JD8rkdcIWQxRmQ-W/sMxPEtAEtx4FOaMI/i13H45MJHmIXMu3U/hVnFhUnIezzCZbvS/379JkTFTPH1bv6sL/mBNLm76VPMl_egdd/vi5zp728-EDLTfbA/I1ryggqE7BgXUKKY/LT7dHRA5_1O_NeOj/3VZRtRkmPRvt24yq/Ovap31tVGt7ypAaS/DrW-USrO7zEYNriH/vB7kEQp5KFa3PrmI/l-MIhihB6S8.webp",Black,2XL,unisex,adult,i-stayed-oversized-gym-tee,Black
162L-YW2203X,"I Stayed Oversized Gym Tee | Pump Cover — Black, 3XL","Motivation left. I stayed. Written like a note to self from a training journal: motivation didn't show up at 5 AM, so you stopped waiting for it. A motivational gym shirt for no audience and no shortcuts — just showing up, again and again. An oversized gym shirt with the print on the back and a clean front. Heavyweight, garment-dyed cotton that feels broken-in from the first wear. Wear it as a pump cover over your sports bra or tank, with bike shorts for an easy gym outfit, or style it as an oversized graphic tee outside the gym. Details Back print onlyComfort Colors 1717, 100% ring-spun cotton, 6.1 oz heavyweightGarment-dyed for a soft, slightly vintage finishRelaxed unisex fit, US sizingPrinted to orderFit: relaxed. For the oversized look, size up 1–2 — see the size guide in the photos. Care: wash cold, inside out, with like colors. Tumble dry low.",https://aesthwear.com/products/i-stayed-oversized-gym-tee?utm_source=pinterest&utm_medium=catalog&utm_campaign=pinterest-catalog&utm_content=i-stayed-oversized-gym-tee,https://meakamst-stack.github.io/aesth-pinterest-feed/pins/stayed-01/stayed-01-tee-black-gym-v1.jpg,38.00 USD,in stock,new,AESTH.,Apparel & Accessories > Clothing > Shirts & Tops,i-stayed-oversized-gym-tee,"https://meakamst-stack.github.io/aesth-pinterest-feed/pins/stayed-01/stayed-01-tee-black-straat-v1.jpg,https://meakamst-stack.github.io/aesth-pinterest-feed/pins/stayed-01/stayed-01-tee-black-studio-v1.jpg,https://imgproxy.fourthwall.dev/vEMbNmkd_I8DOBObnO_ew0ruuXPbxIeLoGaaj2J-420/w:1920/sm:1/enc/59zQw_2tSOvJwcdw/v-vcPJATiEr3Aozj/H-opzvFJKs9Fh9iI/xRW8KxsPemul-UpU/_gNiopVNFyOlQWWm/YA7k_8fBdSUbYk0N/05OU44sT6L0Jnp4B/DNTiOVDdmnO2iqFz/nGHYlUhb4HF3IxmW/BYOqyKme8HT-Sssu/3shsk2gSeEzhSjhO/iaXpWllR8GFb_NNI/wTb3blquY4VujCMO/nscwhbgY_X3P62T4/tzfEowMe2Cw.webp,https://imgproxy.fourthwall.dev/TngPxxYcfaLuDILpNeMgUs1RiDucIbqpFE5WiB6L8do/w:1920/sm:1/enc/lec--tMSXiCs9ihL/NHo8br4kiDTYTDSy/fnpx_5ucjUZjeKBu/Siy6joTFD79chlvn/yX9WSsOJtxKKcCPx/FQKfegFWoqnJSPCD/v_cPowO4g74b2bWt/goIHNJ-oz-uUWm_z/GcwxNBsXY5dXcWkn/Nm28ZyGAPXvB8CB9/OKaNf-MeYQT72U2e/YG6_svLxVTdb7ZXV/ewrG8FYVooAhTVqc/RiDyLBy4MKCeNnpw/cqBVG21OOtw.webp,https://imgproxy.fourthwall.dev/ZK4uIS5n1rjV1br696cd6aKcIYW3QJgt4hoZNqRnvFY/w:1920/sm:1/enc/ENoA-hLIEBmYXwqG/JD8rkdcIWQxRmQ-W/sMxPEtAEtx4FOaMI/i13H45MJHmIXMu3U/hVnFhUnIezzCZbvS/379JkTFTPH1bv6sL/mBNLm76VPMl_egdd/vi5zp728-EDLTfbA/I1ryggqE7BgXUKKY/LT7dHRA5_1O_NeOj/3VZRtRkmPRvt24yq/Ovap31tVGt7ypAaS/DrW-USrO7zEYNriH/vB7kEQp5KFa3PrmI/l-MIhihB6S8.webp",Black,3XL,unisex,adult,i-stayed-oversized-gym-tee,Black
162L-6N9204X,"I Stayed Oversized Gym Tee | Pump Cover — Black, 4XL","Motivation left. I stayed. Written like a note to self from a training journal: motivation didn't show up at 5 AM, so you stopped waiting for it. A motivational gym shirt for no audience and no shortcuts — just showing up, again and again. An oversized gym shirt with the print on the back and a clean front. Heavyweight, garment-dyed cotton that feels broken-in from the first wear. Wear it as a pump cover over your sports bra or tank, with bike shorts for an easy gym outfit, or style it as an oversized graphic tee outside the gym. Details Back print onlyComfort Colors 1717, 100% ring-spun cotton, 6.1 oz heavyweightGarment-dyed for a soft, slightly vintage finishRelaxed unisex fit, US sizingPrinted to orderFit: relaxed. For the oversized look, size up 1–2 — see the size guide in the photos. Care: wash cold, inside out, with like colors. Tumble dry low.",https://aesthwear.com/products/i-stayed-oversized-gym-tee?utm_source=pinterest&utm_medium=catalog&utm_campaign=pinterest-catalog&utm_content=i-stayed-oversized-gym-tee,https://meakamst-stack.github.io/aesth-pinterest-feed/pins/stayed-01/stayed-01-tee-black-gym-v1.jpg,40.00 USD,in stock,new,AESTH.,Apparel & Accessories > Clothing > Shirts & Tops,i-stayed-oversized-gym-tee,"https://meakamst-stack.github.io/aesth-pinterest-feed/pins/stayed-01/stayed-01-tee-black-straat-v1.jpg,https://meakamst-stack.github.io/aesth-pinterest-feed/pins/stayed-01/stayed-01-tee-black-studio-v1.jpg,https://imgproxy.fourthwall.dev/vEMbNmkd_I8DOBObnO_ew0ruuXPbxIeLoGaaj2J-420/w:1920/sm:1/enc/59zQw_2tSOvJwcdw/v-vcPJATiEr3Aozj/H-opzvFJKs9Fh9iI/xRW8KxsPemul-UpU/_gNiopVNFyOlQWWm/YA7k_8fBdSUbYk0N/05OU44sT6L0Jnp4B/DNTiOVDdmnO2iqFz/nGHYlUhb4HF3IxmW/BYOqyKme8HT-Sssu/3shsk2gSeEzhSjhO/iaXpWllR8GFb_NNI/wTb3blquY4VujCMO/nscwhbgY_X3P62T4/tzfEowMe2Cw.webp,https://imgproxy.fourthwall.dev/TngPxxYcfaLuDILpNeMgUs1RiDucIbqpFE5WiB6L8do/w:1920/sm:1/enc/lec--tMSXiCs9ihL/NHo8br4kiDTYTDSy/fnpx_5ucjUZjeKBu/Siy6joTFD79chlvn/yX9WSsOJtxKKcCPx/FQKfegFWoqnJSPCD/v_cPowO4g74b2bWt/goIHNJ-oz-uUWm_z/GcwxNBsXY5dXcWkn/Nm28ZyGAPXvB8CB9/OKaNf-MeYQT72U2e/YG6_svLxVTdb7ZXV/ewrG8FYVooAhTVqc/RiDyLBy4MKCeNnpw/cqBVG21OOtw.webp,https://imgproxy.fourthwall.dev/ZK4uIS5n1rjV1br696cd6aKcIYW3QJgt4hoZNqRnvFY/w:1920/sm:1/enc/ENoA-hLIEBmYXwqG/JD8rkdcIWQxRmQ-W/sMxPEtAEtx4FOaMI/i13H45MJHmIXMu3U/hVnFhUnIezzCZbvS/379JkTFTPH1bv6sL/mBNLm76VPMl_egdd/vi5zp728-EDLTfbA/I1ryggqE7BgXUKKY/LT7dHRA5_1O_NeOj/3VZRtRkmPRvt24yq/Ovap31tVGt7ypAaS/DrW-USrO7zEYNriH/vB7kEQp5KFa3PrmI/l-MIhihB6S8.webp",Black,4XL,unisex,adult,i-stayed-oversized-gym-tee,Black
15SZ-KT2M00S,"I Stayed Oversized Gym Tee | Pump Cover — Bay, S","Motivation left. I stayed. Written like a note to self from a training journal: motivation didn't show up at 5 AM, so you stopped waiting for it. A motivational gym shirt for no audience and no shortcuts — just showing up, again and again. An oversized gym shirt with the print on the back and a clean front. Heavyweight, garment-dyed cotton that feels broken-in from the first wear. Wear it as a pump cover over your sports bra or tank, with bike shorts for an easy gym outfit, or style it as an oversized graphic tee outside the gym. Details Back print onlyComfort Colors 1717, 100% ring-spun cotton, 6.1 oz heavyweightGarment-dyed for a soft, slightly vintage finishRelaxed unisex fit, US sizingPrinted to orderFit: relaxed. For the oversized look, size up 1–2 — see the size guide in the photos. Care: wash cold, inside out, with like colors. Tumble dry low.",https://aesthwear.com/products/i-stayed-oversized-gym-tee?utm_source=pinterest&utm_medium=catalog&utm_campaign=pinterest-catalog&utm_content=i-stayed-oversized-gym-tee,https://meakamst-stack.github.io/aesth-pinterest-feed/pins/stayed-01/stayed-01-tee-bay-gym-v1.jpg,34.00 USD,in stock,new,AESTH.,Apparel & Accessories > Clothing > Shirts & Tops,i-stayed-oversized-gym-tee,"https://meakamst-stack.github.io/aesth-pinterest-feed/pins/stayed-01/stayed-01-tee-bay-straat-v1.jpg,https://meakamst-stack.github.io/aesth-pinterest-feed/pins/stayed-01/stayed-01-tee-bay-studio-v1.jpg,https://imgproxy.fourthwall.dev/-lUxhxZGTqye3JqpQ0fi1rfJNuca0c-En3nDfqSf6Do/w:1920/sm:1/enc/JaFCtWnLtk-UvlcS/LRStWrHydmkMMtyf/ny5UJWe_XsXGHl_L/o2_9sWzFTZl3BqFb/5uSm7iTbJvr4yxQn/HwyTp3_WvJzNxPrr/HHg1sVQknsd09zAY/6Cchu7z_qOI_Nq7F/n4qTHxFfH4Jf8hae/53IQ7CTk-I-fCmQA/JCLdxRqkvq2qprMI/fTrYt9at82nnP04S/JxyTp3bR7Ic0JIz2/QLqSk_fKDfh0DrGy/R5ilZow1AxA.webp,https://imgproxy.fourthwall.dev/X9JLyFk7K5FegniS_JOJK7m0cDqprK8TyQIU2TT4gPA/w:1920/sm:1/enc/CaXnABos3L_RG4s-/zurEIRrtiSfPfx2B/hZ5PmilLKa6GU5cI/P_4EfJ5BXRU1tvC3/u_tTMDJIBOwB22_t/8uFGUSdJRQXzweZN/sg31Aaab8_xT2NIX/ZMzoaaoeJWlQpM_Y/T2DCVoluG7zIudkk/hvvVaoVj_hGAdkXs/yv0ikcbJ628SAsZw/gJvojTtG6EjWl99s/ZsBJVXB1t9X_juD7/wj5j6D7bXlfq-lpM/srT-FmHxTcA.webp,https://imgproxy.fourthwall.dev/oSf1vykGqFI88_oQxkmGn8PB3Ujr0HdIf56LRKk2ww8/w:1920/sm:1/enc/2GBkDNaSFNC8oDI7/p8ySuYbVUZz70dWm/6O74NxioNz_-kguY/NmLFyXY5s2wYLlLu/ie-SMYjjjrBx1Dhy/r4-qMlNyV02G_Kmx/t95en09mpgSAmMo7/1k0_0uaq3eXVi854/h-XZ4bQEIWUzLkNT/u1x1P2Ze1XmMlgjw/fWO2fDldAnKEkBkf/zxbDzUwAeN6eFgJg/KEG14YU2ttU5zj19/G7me1q0rd5aAnotM/vFLWimTop94.webp",Bay,S,unisex,adult,i-stayed-oversized-gym-tee,Bay
15SZ-AJ2M00M,"I Stayed Oversized Gym Tee | Pump Cover — Bay, M","Motivation left. I stayed. Written like a note to self from a training journal: motivation didn't show up at 5 AM, so you stopped waiting for it. A motivational gym shirt for no audience and no shortcuts — just showing up, again and again. An oversized gym shirt with the print on the back and a clean front. Heavyweight, garment-dyed cotton that feels broken-in from the first wear. Wear it as a pump cover over your sports bra or tank, with bike shorts for an easy gym outfit, or style it as an oversized graphic tee outside the gym. Details Back print onlyComfort Colors 1717, 100% ring-spun cotton, 6.1 oz heavyweightGarment-dyed for a soft, slightly vintage finishRelaxed unisex fit, US sizingPrinted to orderFit: relaxed. For the oversized look, size up 1–2 — see the size guide in the photos. Care: wash cold, inside out, with like colors. Tumble dry low.",https://aesthwear.com/products/i-stayed-oversized-gym-tee?utm_source=pinterest&utm_medium=catalog&utm_campaign=pinterest-catalog&utm_content=i-stayed-oversized-gym-tee,https://meakamst-stack.github.io/aesth-pinterest-feed/pins/stayed-01/stayed-01-tee-bay-gym-v1.jpg,34.00 USD,in stock,new,AESTH.,Apparel & Accessories > Clothing > Shirts & Tops,i-stayed-oversized-gym-tee,"https://meakamst-stack.github.io/aesth-pinterest-feed/pins/stayed-01/stayed-01-tee-bay-straat-v1.jpg,https://meakamst-stack.github.io/aesth-pinterest-feed/pins/stayed-01/stayed-01-tee-bay-studio-v1.jpg,https://imgproxy.fourthwall.dev/-lUxhxZGTqye3JqpQ0fi1rfJNuca0c-En3nDfqSf6Do/w:1920/sm:1/enc/JaFCtWnLtk-UvlcS/LRStWrHydmkMMtyf/ny5UJWe_XsXGHl_L/o2_9sWzFTZl3BqFb/5uSm7iTbJvr4yxQn/HwyTp3_WvJzNxPrr/HHg1sVQknsd09zAY/6Cchu7z_qOI_Nq7F/n4qTHxFfH4Jf8hae/53IQ7CTk-I-fCmQA/JCLdxRqkvq2qprMI/fTrYt9at82nnP04S/JxyTp3bR7Ic0JIz2/QLqSk_fKDfh0DrGy/R5ilZow1AxA.webp,https://imgproxy.fourthwall.dev/X9JLyFk7K5FegniS_JOJK7m0cDqprK8TyQIU2TT4gPA/w:1920/sm:1/enc/CaXnABos3L_RG4s-/zurEIRrtiSfPfx2B/hZ5PmilLKa6GU5cI/P_4EfJ5BXRU1tvC3/u_tTMDJIBOwB22_t/8uFGUSdJRQXzweZN/sg31Aaab8_xT2NIX/ZMzoaaoeJWlQpM_Y/T2DCVoluG7zIudkk/hvvVaoVj_hGAdkXs/yv0ikcbJ628SAsZw/gJvojTtG6EjWl99s/ZsBJVXB1t9X_juD7/wj5j6D7bXlfq-lpM/srT-FmHxTcA.webp,https://imgproxy.fourthwall.dev/oSf1vykGqFI88_oQxkmGn8PB3Ujr0HdIf56LRKk2ww8/w:1920/sm:1/enc/2GBkDNaSFNC8oDI7/p8ySuYbVUZz70dWm/6O74NxioNz_-kguY/NmLFyXY5s2wYLlLu/ie-SMYjjjrBx1Dhy/r4-qMlNyV02G_Kmx/t95en09mpgSAmMo7/1k0_0uaq3eXVi854/h-XZ4bQEIWUzLkNT/u1x1P2Ze1XmMlgjw/fWO2fDldAnKEkBkf/zxbDzUwAeN6eFgJg/KEG14YU2ttU5zj19/G7me1q0rd5aAnotM/vFLWimTop94.webp",Bay,M,unisex,adult,i-stayed-oversized-gym-tee,Bay
15SZ-K55M00L,"I Stayed Oversized Gym Tee | Pump Cover — Bay, L","Motivation left. I stayed. Written like a note to self from a training journal: motivation didn't show up at 5 AM, so you stopped waiting for it. A motivational gym shirt for no audience and no shortcuts — just showing up, again and again. An oversized gym shirt with the print on the back and a clean front. Heavyweight, garment-dyed cotton that feels broken-in from the first wear. Wear it as a pump cover over your sports bra or tank, with bike shorts for an easy gym outfit, or style it as an oversized graphic tee outside the gym. Details Back print onlyComfort Colors 1717, 100% ring-spun cotton, 6.1 oz heavyweightGarment-dyed for a soft, slightly vintage finishRelaxed unisex fit, US sizingPrinted to orderFit: relaxed. For the oversized look, size up 1–2 — see the size guide in the photos. Care: wash cold, inside out, with like colors. Tumble dry low.",https://aesthwear.com/products/i-stayed-oversized-gym-tee?utm_source=pinterest&utm_medium=catalog&utm_campaign=pinterest-catalog&utm_content=i-stayed-oversized-gym-tee,https://meakamst-stack.github.io/aesth-pinterest-feed/pins/stayed-01/stayed-01-tee-bay-gym-v1.jpg,34.00 USD,in stock,new,AESTH.,Apparel & Accessories > Clothing > Shirts & Tops,i-stayed-oversized-gym-tee,"https://meakamst-stack.github.io/aesth-pinterest-feed/pins/stayed-01/stayed-01-tee-bay-straat-v1.jpg,https://meakamst-stack.github.io/aesth-pinterest-feed/pins/stayed-01/stayed-01-tee-bay-studio-v1.jpg,https://imgproxy.fourthwall.dev/-lUxhxZGTqye3JqpQ0fi1rfJNuca0c-En3nDfqSf6Do/w:1920/sm:1/enc/JaFCtWnLtk-UvlcS/LRStWrHydmkMMtyf/ny5UJWe_XsXGHl_L/o2_9sWzFTZl3BqFb/5uSm7iTbJvr4yxQn/HwyTp3_WvJzNxPrr/HHg1sVQknsd09zAY/6Cchu7z_qOI_Nq7F/n4qTHxFfH4Jf8hae/53IQ7CTk-I-fCmQA/JCLdxRqkvq2qprMI/fTrYt9at82nnP04S/JxyTp3bR7Ic0JIz2/QLqSk_fKDfh0DrGy/R5ilZow1AxA.webp,https://imgproxy.fourthwall.dev/X9JLyFk7K5FegniS_JOJK7m0cDqprK8TyQIU2TT4gPA/w:1920/sm:1/enc/CaXnABos3L_RG4s-/zurEIRrtiSfPfx2B/hZ5PmilLKa6GU5cI/P_4EfJ5BXRU1tvC3/u_tTMDJIBOwB22_t/8uFGUSdJRQXzweZN/sg31Aaab8_xT2NIX/ZMzoaaoeJWlQpM_Y/T2DCVoluG7zIudkk/hvvVaoVj_hGAdkXs/yv0ikcbJ628SAsZw/gJvojTtG6EjWl99s/ZsBJVXB1t9X_juD7/wj5j6D7bXlfq-lpM/srT-FmHxTcA.webp,https://imgproxy.fourthwall.dev/oSf1vykGqFI88_oQxkmGn8PB3Ujr0HdIf56LRKk2ww8/w:1920/sm:1/enc/2GBkDNaSFNC8oDI7/p8ySuYbVUZz70dWm/6O74NxioNz_-kguY/NmLFyXY5s2wYLlLu/ie-SMYjjjrBx1Dhy/r4-qMlNyV02G_Kmx/t95en09mpgSAmMo7/1k0_0uaq3eXVi854/h-XZ4bQEIWUzLkNT/u1x1P2Ze1XmMlgjw/fWO2fDldAnKEkBkf/zxbDzUwAeN6eFgJg/KEG14YU2ttU5zj19/G7me1q0rd5aAnotM/vFLWimTop94.webp",Bay,L,unisex,adult,i-stayed-oversized-gym-tee,Bay
15SZ-ZKTM0XL,"I Stayed Oversized Gym Tee | Pump Cover — Bay, XL","Motivation left. I stayed. Written like a note to self from a training journal: motivation didn't show up at 5 AM, so you stopped waiting for it. A motivational gym shirt for no audience and no shortcuts — just showing up, again and again. An oversized gym shirt with the print on the back and a clean front. Heavyweight, garment-dyed cotton that feels broken-in from the first wear. Wear it as a pump cover over your sports bra or tank, with bike shorts for an easy gym outfit, or style it as an oversized graphic tee outside the gym. Details Back print onlyComfort Colors 1717, 100% ring-spun cotton, 6.1 oz heavyweightGarment-dyed for a soft, slightly vintage finishRelaxed unisex fit, US sizingPrinted to orderFit: relaxed. For the oversized look, size up 1–2 — see the size guide in the photos. Care: wash cold, inside out, with like colors. Tumble dry low.",https://aesthwear.com/products/i-stayed-oversized-gym-tee?utm_source=pinterest&utm_medium=catalog&utm_campaign=pinterest-catalog&utm_content=i-stayed-oversized-gym-tee,https://meakamst-stack.github.io/aesth-pinterest-feed/pins/stayed-01/stayed-01-tee-bay-gym-v1.jpg,34.00 USD,in stock,new,AESTH.,Apparel & Accessories > Clothing > Shirts & Tops,i-stayed-oversized-gym-tee,"https://meakamst-stack.github.io/aesth-pinterest-feed/pins/stayed-01/stayed-01-tee-bay-straat-v1.jpg,https://meakamst-stack.github.io/aesth-pinterest-feed/pins/stayed-01/stayed-01-tee-bay-studio-v1.jpg,https://imgproxy.fourthwall.dev/-lUxhxZGTqye3JqpQ0fi1rfJNuca0c-En3nDfqSf6Do/w:1920/sm:1/enc/JaFCtWnLtk-UvlcS/LRStWrHydmkMMtyf/ny5UJWe_XsXGHl_L/o2_9sWzFTZl3BqFb/5uSm7iTbJvr4yxQn/HwyTp3_WvJzNxPrr/HHg1sVQknsd09zAY/6Cchu7z_qOI_Nq7F/n4qTHxFfH4Jf8hae/53IQ7CTk-I-fCmQA/JCLdxRqkvq2qprMI/fTrYt9at82nnP04S/JxyTp3bR7Ic0JIz2/QLqSk_fKDfh0DrGy/R5ilZow1AxA.webp,https://imgproxy.fourthwall.dev/X9JLyFk7K5FegniS_JOJK7m0cDqprK8TyQIU2TT4gPA/w:1920/sm:1/enc/CaXnABos3L_RG4s-/zurEIRrtiSfPfx2B/hZ5PmilLKa6GU5cI/P_4EfJ5BXRU1tvC3/u_tTMDJIBOwB22_t/8uFGUSdJRQXzweZN/sg31Aaab8_xT2NIX/ZMzoaaoeJWlQpM_Y/T2DCVoluG7zIudkk/hvvVaoVj_hGAdkXs/yv0ikcbJ628SAsZw/gJvojTtG6EjWl99s/ZsBJVXB1t9X_juD7/wj5j6D7bXlfq-lpM/srT-FmHxTcA.webp,https://imgproxy.fourthwall.dev/oSf1vykGqFI88_oQxkmGn8PB3Ujr0HdIf56LRKk2ww8/w:1920/sm:1/enc/2GBkDNaSFNC8oDI7/p8ySuYbVUZz70dWm/6O74NxioNz_-kguY/NmLFyXY5s2wYLlLu/ie-SMYjjjrBx1Dhy/r4-qMlNyV02G_Kmx/t95en09mpgSAmMo7/1k0_0uaq3eXVi854/h-XZ4bQEIWUzLkNT/u1x1P2Ze1XmMlgjw/fWO2fDldAnKEkBkf/zxbDzUwAeN6eFgJg/KEG14YU2ttU5zj19/G7me1q0rd5aAnotM/vFLWimTop94.webp",Bay,XL,unisex,adult,i-stayed-oversized-gym-tee,Bay
15SZ-7X4M02X,"I Stayed Oversized Gym Tee | Pump Cover — Bay, 2XL","Motivation left. I stayed. Written like a note to self from a training journal: motivation didn't show up at 5 AM, so you stopped waiting for it. A motivational gym shirt for no audience and no shortcuts — just showing up, again and again. An oversized gym shirt with the print on the back and a clean front. Heavyweight, garment-dyed cotton that feels broken-in from the first wear. Wear it as a pump cover over your sports bra or tank, with bike shorts for an easy gym outfit, or style it as an oversized graphic tee outside the gym. Details Back print onlyComfort Colors 1717, 100% ring-spun cotton, 6.1 oz heavyweightGarment-dyed for a soft, slightly vintage finishRelaxed unisex fit, US sizingPrinted to orderFit: relaxed. For the oversized look, size up 1–2 — see the size guide in the photos. Care: wash cold, inside out, with like colors. Tumble dry low.",https://aesthwear.com/products/i-stayed-oversized-gym-tee?utm_source=pinterest&utm_medium=catalog&utm_campaign=pinterest-catalog&utm_content=i-stayed-oversized-gym-tee,https://meakamst-stack.github.io/aesth-pinterest-feed/pins/stayed-01/stayed-01-tee-bay-gym-v1.jpg,36.00 USD,in stock,new,AESTH.,Apparel & Accessories > Clothing > Shirts & Tops,i-stayed-oversized-gym-tee,"https://meakamst-stack.github.io/aesth-pinterest-feed/pins/stayed-01/stayed-01-tee-bay-straat-v1.jpg,https://meakamst-stack.github.io/aesth-pinterest-feed/pins/stayed-01/stayed-01-tee-bay-studio-v1.jpg,https://imgproxy.fourthwall.dev/-lUxhxZGTqye3JqpQ0fi1rfJNuca0c-En3nDfqSf6Do/w:1920/sm:1/enc/JaFCtWnLtk-UvlcS/LRStWrHydmkMMtyf/ny5UJWe_XsXGHl_L/o2_9sWzFTZl3BqFb/5uSm7iTbJvr4yxQn/HwyTp3_WvJzNxPrr/HHg1sVQknsd09zAY/6Cchu7z_qOI_Nq7F/n4qTHxFfH4Jf8hae/53IQ7CTk-I-fCmQA/JCLdxRqkvq2qprMI/fTrYt9at82nnP04S/JxyTp3bR7Ic0JIz2/QLqSk_fKDfh0DrGy/R5ilZow1AxA.webp,https://imgproxy.fourthwall.dev/X9JLyFk7K5FegniS_JOJK7m0cDqprK8TyQIU2TT4gPA/w:1920/sm:1/enc/CaXnABos3L_RG4s-/zurEIRrtiSfPfx2B/hZ5PmilLKa6GU5cI/P_4EfJ5BXRU1tvC3/u_tTMDJIBOwB22_t/8uFGUSdJRQXzweZN/sg31Aaab8_xT2NIX/ZMzoaaoeJWlQpM_Y/T2DCVoluG7zIudkk/hvvVaoVj_hGAdkXs/yv0ikcbJ628SAsZw/gJvojTtG6EjWl99s/ZsBJVXB1t9X_juD7/wj5j6D7bXlfq-lpM/srT-FmHxTcA.webp,https://imgproxy.fourthwall.dev/oSf1vykGqFI88_oQxkmGn8PB3Ujr0HdIf56LRKk2ww8/w:1920/sm:1/enc/2GBkDNaSFNC8oDI7/p8ySuYbVUZz70dWm/6O74NxioNz_-kguY/NmLFyXY5s2wYLlLu/ie-SMYjjjrBx1Dhy/r4-qMlNyV02G_Kmx/t95en09mpgSAmMo7/1k0_0uaq3eXVi854/h-XZ4bQEIWUzLkNT/u1x1P2Ze1XmMlgjw/fWO2fDldAnKEkBkf/zxbDzUwAeN6eFgJg/KEG14YU2ttU5zj19/G7me1q0rd5aAnotM/vFLWimTop94.webp",Bay,2XL,unisex,adult,i-stayed-oversized-gym-tee,Bay
15SZ-4UAM03X,"I Stayed Oversized Gym Tee | Pump Cover — Bay, 3XL","Motivation left. I stayed. Written like a note to self from a training journal: motivation didn't show up at 5 AM, so you stopped waiting for it. A motivational gym shirt for no audience and no shortcuts — just showing up, again and again. An oversized gym shirt with the print on the back and a clean front. Heavyweight, garment-dyed cotton that feels broken-in from the first wear. Wear it as a pump cover over your sports bra or tank, with bike shorts for an easy gym outfit, or style it as an oversized graphic tee outside the gym. Details Back print onlyComfort Colors 1717, 100% ring-spun cotton, 6.1 oz heavyweightGarment-dyed for a soft, slightly vintage finishRelaxed unisex fit, US sizingPrinted to orderFit: relaxed. For the oversized look, size up 1–2 — see the size guide in the photos. Care: wash cold, inside out, with like colors. Tumble dry low.",https://aesthwear.com/products/i-stayed-oversized-gym-tee?utm_source=pinterest&utm_medium=catalog&utm_campaign=pinterest-catalog&utm_content=i-stayed-oversized-gym-tee,https://meakamst-stack.github.io/aesth-pinterest-feed/pins/stayed-01/stayed-01-tee-bay-gym-v1.jpg,38.00 USD,in stock,new,AESTH.,Apparel & Accessories > Clothing > Shirts & Tops,i-stayed-oversized-gym-tee,"https://meakamst-stack.github.io/aesth-pinterest-feed/pins/stayed-01/stayed-01-tee-bay-straat-v1.jpg,https://meakamst-stack.github.io/aesth-pinterest-feed/pins/stayed-01/stayed-01-tee-bay-studio-v1.jpg,https://imgproxy.fourthwall.dev/-lUxhxZGTqye3JqpQ0fi1rfJNuca0c-En3nDfqSf6Do/w:1920/sm:1/enc/JaFCtWnLtk-UvlcS/LRStWrHydmkMMtyf/ny5UJWe_XsXGHl_L/o2_9sWzFTZl3BqFb/5uSm7iTbJvr4yxQn/HwyTp3_WvJzNxPrr/HHg1sVQknsd09zAY/6Cchu7z_qOI_Nq7F/n4qTHxFfH4Jf8hae/53IQ7CTk-I-fCmQA/JCLdxRqkvq2qprMI/fTrYt9at82nnP04S/JxyTp3bR7Ic0JIz2/QLqSk_fKDfh0DrGy/R5ilZow1AxA.webp,https://imgproxy.fourthwall.dev/X9JLyFk7K5FegniS_JOJK7m0cDqprK8TyQIU2TT4gPA/w:1920/sm:1/enc/CaXnABos3L_RG4s-/zurEIRrtiSfPfx2B/hZ5PmilLKa6GU5cI/P_4EfJ5BXRU1tvC3/u_tTMDJIBOwB22_t/8uFGUSdJRQXzweZN/sg31Aaab8_xT2NIX/ZMzoaaoeJWlQpM_Y/T2DCVoluG7zIudkk/hvvVaoVj_hGAdkXs/yv0ikcbJ628SAsZw/gJvojTtG6EjWl99s/ZsBJVXB1t9X_juD7/wj5j6D7bXlfq-lpM/srT-FmHxTcA.webp,https://imgproxy.fourthwall.dev/oSf1vykGqFI88_oQxkmGn8PB3Ujr0HdIf56LRKk2ww8/w:1920/sm:1/enc/2GBkDNaSFNC8oDI7/p8ySuYbVUZz70dWm/6O74NxioNz_-kguY/NmLFyXY5s2wYLlLu/ie-SMYjjjrBx1Dhy/r4-qMlNyV02G_Kmx/t95en09mpgSAmMo7/1k0_0uaq3eXVi854/h-XZ4bQEIWUzLkNT/u1x1P2Ze1XmMlgjw/fWO2fDldAnKEkBkf/zxbDzUwAeN6eFgJg/KEG14YU2ttU5zj19/G7me1q0rd5aAnotM/vFLWimTop94.webp",Bay,3XL,unisex,adult,i-stayed-oversized-gym-tee,Bay
15SZ-K74M04X,"I Stayed Oversized Gym Tee | Pump Cover — Bay, 4XL","Motivation left. I stayed. Written like a note to self from a training journal: motivation didn't show up at 5 AM, so you stopped waiting for it. A motivational gym shirt for no audience and no shortcuts — just showing up, again and again. An oversized gym shirt with the print on the back and a clean front. Heavyweight, garment-dyed cotton that feels broken-in from the first wear. Wear it as a pump cover over your sports bra or tank, with bike shorts for an easy gym outfit, or style it as an oversized graphic tee outside the gym. Details Back print onlyComfort Colors 1717, 100% ring-spun cotton, 6.1 oz heavyweightGarment-dyed for a soft, slightly vintage finishRelaxed unisex fit, US sizingPrinted to orderFit: relaxed. For the oversized look, size up 1–2 — see the size guide in the photos. Care: wash cold, inside out, with like colors. Tumble dry low.",https://aesthwear.com/products/i-stayed-oversized-gym-tee?utm_source=pinterest&utm_medium=catalog&utm_campaign=pinterest-catalog&utm_content=i-stayed-oversized-gym-tee,https://meakamst-stack.github.io/aesth-pinterest-feed/pins/stayed-01/stayed-01-tee-bay-gym-v1.jpg,40.00 USD,in stock,new,AESTH.,Apparel & Accessories > Clothing > Shirts & Tops,i-stayed-oversized-gym-tee,"https://meakamst-stack.github.io/aesth-pinterest-feed/pins/stayed-01/stayed-01-tee-bay-straat-v1.jpg,https://meakamst-stack.github.io/aesth-pinterest-feed/pins/stayed-01/stayed-01-tee-bay-studio-v1.jpg,https://imgproxy.fourthwall.dev/-lUxhxZGTqye3JqpQ0fi1rfJNuca0c-En3nDfqSf6Do/w:1920/sm:1/enc/JaFCtWnLtk-UvlcS/LRStWrHydmkMMtyf/ny5UJWe_XsXGHl_L/o2_9sWzFTZl3BqFb/5uSm7iTbJvr4yxQn/HwyTp3_WvJzNxPrr/HHg1sVQknsd09zAY/6Cchu7z_qOI_Nq7F/n4qTHxFfH4Jf8hae/53IQ7CTk-I-fCmQA/JCLdxRqkvq2qprMI/fTrYt9at82nnP04S/JxyTp3bR7Ic0JIz2/QLqSk_fKDfh0DrGy/R5ilZow1AxA.webp,https://imgproxy.fourthwall.dev/X9JLyFk7K5FegniS_JOJK7m0cDqprK8TyQIU2TT4gPA/w:1920/sm:1/enc/CaXnABos3L_RG4s-/zurEIRrtiSfPfx2B/hZ5PmilLKa6GU5cI/P_4EfJ5BXRU1tvC3/u_tTMDJIBOwB22_t/8uFGUSdJRQXzweZN/sg31Aaab8_xT2NIX/ZMzoaaoeJWlQpM_Y/T2DCVoluG7zIudkk/hvvVaoVj_hGAdkXs/yv0ikcbJ628SAsZw/gJvojTtG6EjWl99s/ZsBJVXB1t9X_juD7/wj5j6D7bXlfq-lpM/srT-FmHxTcA.webp,https://imgproxy.fourthwall.dev/oSf1vykGqFI88_oQxkmGn8PB3Ujr0HdIf56LRKk2ww8/w:1920/sm:1/enc/2GBkDNaSFNC8oDI7/p8ySuYbVUZz70dWm/6O74NxioNz_-kguY/NmLFyXY5s2wYLlLu/ie-SMYjjjrBx1Dhy/r4-qMlNyV02G_Kmx/t95en09mpgSAmMo7/1k0_0uaq3eXVi854/h-XZ4bQEIWUzLkNT/u1x1P2Ze1XmMlgjw/fWO2fDldAnKEkBkf/zxbDzUwAeN6eFgJg/KEG14YU2ttU5zj19/G7me1q0rd5aAnotM/vFLWimTop94.webp",Bay,4XL,unisex,adult,i-stayed-oversized-gym-tee,Bay
15SZ-0F2P00S,"I Stayed Oversized Gym Tee | Pump Cover — Ivory, S","Motivation left. I stayed. Written like a note to self from a training journal: motivation didn't show up at 5 AM, so you stopped waiting for it. A motivational gym shirt for no audience and no shortcuts — just showing up, again and again. An oversized gym shirt with the print on the back and a clean front. Heavyweight, garment-dyed cotton that feels broken-in from the first wear. Wear it as a pump cover over your sports bra or tank, with bike shorts for an easy gym outfit, or style it as an oversized graphic tee outside the gym. Details Back print onlyComfort Colors 1717, 100% ring-spun cotton, 6.1 oz heavyweightGarment-dyed for a soft, slightly vintage finishRelaxed unisex fit, US sizingPrinted to orderFit: relaxed. For the oversized look, size up 1–2 — see the size guide in the photos. Care: wash cold, inside out, with like colors. Tumble dry low.",https://aesthwear.com/products/i-stayed-oversized-gym-tee?utm_source=pinterest&utm_medium=catalog&utm_campaign=pinterest-catalog&utm_content=i-stayed-oversized-gym-tee,https://meakamst-stack.github.io/aesth-pinterest-feed/pins/stayed-01/stayed-01-tee-ivory-gym-v1.jpg,34.00 USD,in stock,new,AESTH.,Apparel & Accessories > Clothing > Shirts & Tops,i-stayed-oversized-gym-tee,"https://meakamst-stack.github.io/aesth-pinterest-feed/pins/stayed-01/stayed-01-tee-ivory-straat-v1.jpg,https://meakamst-stack.github.io/aesth-pinterest-feed/pins/stayed-01/stayed-01-tee-ivory-studio-v1.jpg,https://imgproxy.fourthwall.dev/u2JyXNFE8hxv-i80Ebr9CDFYprknxRUXIxe6vazcxbA/w:1920/sm:1/enc/GqGfRnh4u3UzRtcM/YqGPQXRD2obTxlOA/q0Gr2zcf5nwaIvzQ/M7V3P1KKdJpaUMLH/hwwphz6JjqAYF5ca/gh1FYA1uTSCHamOq/wfDXans3Dhi5tzpW/4pZDpUh0xVEEIGsD/NGQasHzwWilz6sne/RFDFFqimqtNfMArR/0kEawYe7QXeHq950/FfMjkkTFcFFShlK1/sSwK1bJgC-PgIkUh/qc1XpPh10XokBMbm/5xTes_yAUGw.webp,https://imgproxy.fourthwall.dev/aeSCV824V62sY-5lRLb1z_Nbd2vm7M5oT7W_YRyflu4/w:1920/sm:1/enc/AhOz_rPTW4-jbBuD/MqDdyPSjPjDOME9M/vHbuimwr-oWaX4W0/G02SzME_bdRLy7Ug/2mhib-FLvxyH-xSg/ADW2rTFcL9uWDTST/5suOA7T5xenV7Knk/5YQiKrCeCWy6DkF6/S0lg2bg2_8F1F6Y6/Tz4QYpzFkf15xq50/N8YVLPP9_78IR6O1/AIyirGm8Da0KorZM/RESZuUtKaOCog7SJ/EwG_TIBUYn1EuJty/8U3Hdcp2L2I.webp,https://imgproxy.fourthwall.dev/R-Rami1862GGMQrpTKiwd43sgvV_4-o6UwIF3JyfXes/w:1920/sm:1/enc/dG6ToL0kWwnuNVO8/O97F9DBEYoCe1ry9/orEb-DjgoDSy-rbN/lNpgA43MhzReKttb/TLehMnu6KFwVZSqP/eoQbESzKk2et-MX4/TR8GOZon_IzxhCDg/IEEx9pqa0-xyQoFC/sjCzOw7PmAZHWupK/eyAn1WkxWuGTrQTo/r4nL8QMPuX-4R5lb/23UXlNx9evYgybI4/aMIxc7-hX0DiDTSr/leeU8M-2raStrbEB/M34r8jxQkys.webp",Ivory,S,unisex,adult,i-stayed-oversized-gym-tee,Ivory
15SZ-FQLP00M,"I Stayed Oversized Gym Tee | Pump Cover — Ivory, M","Motivation left. I stayed. Written like a note to self from a training journal: motivation didn't show up at 5 AM, so you stopped waiting for it. A motivational gym shirt for no audience and no shortcuts — just showing up, again and again. An oversized gym shirt with the print on the back and a clean front. Heavyweight, garment-dyed cotton that feels broken-in from the first wear. Wear it as a pump cover over your sports bra or tank, with bike shorts for an easy gym outfit, or style it as an oversized graphic tee outside the gym. Details Back print onlyComfort Colors 1717, 100% ring-spun cotton, 6.1 oz heavyweightGarment-dyed for a soft, slightly vintage finishRelaxed unisex fit, US sizingPrinted to orderFit: relaxed. For the oversized look, size up 1–2 — see the size guide in the photos. Care: wash cold, inside out, with like colors. Tumble dry low.",https://aesthwear.com/products/i-stayed-oversized-gym-tee?utm_source=pinterest&utm_medium=catalog&utm_campaign=pinterest-catalog&utm_content=i-stayed-oversized-gym-tee,https://meakamst-stack.github.io/aesth-pinterest-feed/pins/stayed-01/stayed-01-tee-ivory-gym-v1.jpg,34.00 USD,in stock,new,AESTH.,Apparel & Accessories > Clothing > Shirts & Tops,i-stayed-oversized-gym-tee,"https://meakamst-stack.github.io/aesth-pinterest-feed/pins/stayed-01/stayed-01-tee-ivory-straat-v1.jpg,https://meakamst-stack.github.io/aesth-pinterest-feed/pins/stayed-01/stayed-01-tee-ivory-studio-v1.jpg,https://imgproxy.fourthwall.dev/u2JyXNFE8hxv-i80Ebr9CDFYprknxRUXIxe6vazcxbA/w:1920/sm:1/enc/GqGfRnh4u3UzRtcM/YqGPQXRD2obTxlOA/q0Gr2zcf5nwaIvzQ/M7V3P1KKdJpaUMLH/hwwphz6JjqAYF5ca/gh1FYA1uTSCHamOq/wfDXans3Dhi5tzpW/4pZDpUh0xVEEIGsD/NGQasHzwWilz6sne/RFDFFqimqtNfMArR/0kEawYe7QXeHq950/FfMjkkTFcFFShlK1/sSwK1bJgC-PgIkUh/qc1XpPh10XokBMbm/5xTes_yAUGw.webp,https://imgproxy.fourthwall.dev/aeSCV824V62sY-5lRLb1z_Nbd2vm7M5oT7W_YRyflu4/w:1920/sm:1/enc/AhOz_rPTW4-jbBuD/MqDdyPSjPjDOME9M/vHbuimwr-oWaX4W0/G02SzME_bdRLy7Ug/2mhib-FLvxyH-xSg/ADW2rTFcL9uWDTST/5suOA7T5xenV7Knk/5YQiKrCeCWy6DkF6/S0lg2bg2_8F1F6Y6/Tz4QYpzFkf15xq50/N8YVLPP9_78IR6O1/AIyirGm8Da0KorZM/RESZuUtKaOCog7SJ/EwG_TIBUYn1EuJty/8U3Hdcp2L2I.webp,https://imgproxy.fourthwall.dev/R-Rami1862GGMQrpTKiwd43sgvV_4-o6UwIF3JyfXes/w:1920/sm:1/enc/dG6ToL0kWwnuNVO8/O97F9DBEYoCe1ry9/orEb-DjgoDSy-rbN/lNpgA43MhzReKttb/TLehMnu6KFwVZSqP/eoQbESzKk2et-MX4/TR8GOZon_IzxhCDg/IEEx9pqa0-xyQoFC/sjCzOw7PmAZHWupK/eyAn1WkxWuGTrQTo/r4nL8QMPuX-4R5lb/23UXlNx9evYgybI4/aMIxc7-hX0DiDTSr/leeU8M-2raStrbEB/M34r8jxQkys.webp",Ivory,M,unisex,adult,i-stayed-oversized-gym-tee,Ivory
15SZ-8BGP00L,"I Stayed Oversized Gym Tee | Pump Cover — Ivory, L","Motivation left. I stayed. Written like a note to self from a training journal: motivation didn't show up at 5 AM, so you stopped waiting for it. A motivational gym shirt for no audience and no shortcuts — just showing up, again and again. An oversized gym shirt with the print on the back and a clean front. Heavyweight, garment-dyed cotton that feels broken-in from the first wear. Wear it as a pump cover over your sports bra or tank, with bike shorts for an easy gym outfit, or style it as an oversized graphic tee outside the gym. Details Back print onlyComfort Colors 1717, 100% ring-spun cotton, 6.1 oz heavyweightGarment-dyed for a soft, slightly vintage finishRelaxed unisex fit, US sizingPrinted to orderFit: relaxed. For the oversized look, size up 1–2 — see the size guide in the photos. Care: wash cold, inside out, with like colors. Tumble dry low.",https://aesthwear.com/products/i-stayed-oversized-gym-tee?utm_source=pinterest&utm_medium=catalog&utm_campaign=pinterest-catalog&utm_content=i-stayed-oversized-gym-tee,https://meakamst-stack.github.io/aesth-pinterest-feed/pins/stayed-01/stayed-01-tee-ivory-gym-v1.jpg,34.00 USD,in stock,new,AESTH.,Apparel & Accessories > Clothing > Shirts & Tops,i-stayed-oversized-gym-tee,"https://meakamst-stack.github.io/aesth-pinterest-feed/pins/stayed-01/stayed-01-tee-ivory-straat-v1.jpg,https://meakamst-stack.github.io/aesth-pinterest-feed/pins/stayed-01/stayed-01-tee-ivory-studio-v1.jpg,https://imgproxy.fourthwall.dev/u2JyXNFE8hxv-i80Ebr9CDFYprknxRUXIxe6vazcxbA/w:1920/sm:1/enc/GqGfRnh4u3UzRtcM/YqGPQXRD2obTxlOA/q0Gr2zcf5nwaIvzQ/M7V3P1KKdJpaUMLH/hwwphz6JjqAYF5ca/gh1FYA1uTSCHamOq/wfDXans3Dhi5tzpW/4pZDpUh0xVEEIGsD/NGQasHzwWilz6sne/RFDFFqimqtNfMArR/0kEawYe7QXeHq950/FfMjkkTFcFFShlK1/sSwK1bJgC-PgIkUh/qc1XpPh10XokBMbm/5xTes_yAUGw.webp,https://imgproxy.fourthwall.dev/aeSCV824V62sY-5lRLb1z_Nbd2vm7M5oT7W_YRyflu4/w:1920/sm:1/enc/AhOz_rPTW4-jbBuD/MqDdyPSjPjDOME9M/vHbuimwr-oWaX4W0/G02SzME_bdRLy7Ug/2mhib-FLvxyH-xSg/ADW2rTFcL9uWDTST/5suOA7T5xenV7Knk/5YQiKrCeCWy6DkF6/S0lg2bg2_8F1F6Y6/Tz4QYpzFkf15xq50/N8YVLPP9_78IR6O1/AIyirGm8Da0KorZM/RESZuUtKaOCog7SJ/EwG_TIBUYn1EuJty/8U3Hdcp2L2I.webp,https://imgproxy.fourthwall.dev/R-Rami1862GGMQrpTKiwd43sgvV_4-o6UwIF3JyfXes/w:1920/sm:1/enc/dG6ToL0kWwnuNVO8/O97F9DBEYoCe1ry9/orEb-DjgoDSy-rbN/lNpgA43MhzReKttb/TLehMnu6KFwVZSqP/eoQbESzKk2et-MX4/TR8GOZon_IzxhCDg/IEEx9pqa0-xyQoFC/sjCzOw7PmAZHWupK/eyAn1WkxWuGTrQTo/r4nL8QMPuX-4R5lb/23UXlNx9evYgybI4/aMIxc7-hX0DiDTSr/leeU8M-2raStrbEB/M34r8jxQkys.webp",Ivory,L,unisex,adult,i-stayed-oversized-gym-tee,Ivory
15SZ-GVKP0XL,"I Stayed Oversized Gym Tee | Pump Cover — Ivory, XL","Motivation left. I stayed. Written like a note to self from a training journal: motivation didn't show up at 5 AM, so you stopped waiting for it. A motivational gym shirt for no audience and no shortcuts — just showing up, again and again. An oversized gym shirt with the print on the back and a clean front. Heavyweight, garment-dyed cotton that feels broken-in from the first wear. Wear it as a pump cover over your sports bra or tank, with bike shorts for an easy gym outfit, or style it as an oversized graphic tee outside the gym. Details Back print onlyComfort Colors 1717, 100% ring-spun cotton, 6.1 oz heavyweightGarment-dyed for a soft, slightly vintage finishRelaxed unisex fit, US sizingPrinted to orderFit: relaxed. For the oversized look, size up 1–2 — see the size guide in the photos. Care: wash cold, inside out, with like colors. Tumble dry low.",https://aesthwear.com/products/i-stayed-oversized-gym-tee?utm_source=pinterest&utm_medium=catalog&utm_campaign=pinterest-catalog&utm_content=i-stayed-oversized-gym-tee,https://meakamst-stack.github.io/aesth-pinterest-feed/pins/stayed-01/stayed-01-tee-ivory-gym-v1.jpg,34.00 USD,in stock,new,AESTH.,Apparel & Accessories > Clothing > Shirts & Tops,i-stayed-oversized-gym-tee,"https://meakamst-stack.github.io/aesth-pinterest-feed/pins/stayed-01/stayed-01-tee-ivory-straat-v1.jpg,https://meakamst-stack.github.io/aesth-pinterest-feed/pins/stayed-01/stayed-01-tee-ivory-studio-v1.jpg,https://imgproxy.fourthwall.dev/u2JyXNFE8hxv-i80Ebr9CDFYprknxRUXIxe6vazcxbA/w:1920/sm:1/enc/GqGfRnh4u3UzRtcM/YqGPQXRD2obTxlOA/q0Gr2zcf5nwaIvzQ/M7V3P1KKdJpaUMLH/hwwphz6JjqAYF5ca/gh1FYA1uTSCHamOq/wfDXans3Dhi5tzpW/4pZDpUh0xVEEIGsD/NGQasHzwWilz6sne/RFDFFqimqtNfMArR/0kEawYe7QXeHq950/FfMjkkTFcFFShlK1/sSwK1bJgC-PgIkUh/qc1XpPh10XokBMbm/5xTes_yAUGw.webp,https://imgproxy.fourthwall.dev/aeSCV824V62sY-5lRLb1z_Nbd2vm7M5oT7W_YRyflu4/w:1920/sm:1/enc/AhOz_rPTW4-jbBuD/MqDdyPSjPjDOME9M/vHbuimwr-oWaX4W0/G02SzME_bdRLy7Ug/2mhib-FLvxyH-xSg/ADW2rTFcL9uWDTST/5suOA7T5xenV7Knk/5YQiKrCeCWy6DkF6/S0lg2bg2_8F1F6Y6/Tz4QYpzFkf15xq50/N8YVLPP9_78IR6O1/AIyirGm8Da0KorZM/RESZuUtKaOCog7SJ/EwG_TIBUYn1EuJty/8U3Hdcp2L2I.webp,https://imgproxy.fourthwall.dev/R-Rami1862GGMQrpTKiwd43sgvV_4-o6UwIF3JyfXes/w:1920/sm:1/enc/dG6ToL0kWwnuNVO8/O97F9DBEYoCe1ry9/orEb-DjgoDSy-rbN/lNpgA43MhzReKttb/TLehMnu6KFwVZSqP/eoQbESzKk2et-MX4/TR8GOZon_IzxhCDg/IEEx9pqa0-xyQoFC/sjCzOw7PmAZHWupK/eyAn1WkxWuGTrQTo/r4nL8QMPuX-4R5lb/23UXlNx9evYgybI4/aMIxc7-hX0DiDTSr/leeU8M-2raStrbEB/M34r8jxQkys.webp",Ivory,XL,unisex,adult,i-stayed-oversized-gym-tee,Ivory
15SZ-XHVP02X,"I Stayed Oversized Gym Tee | Pump Cover — Ivory, 2XL","Motivation left. I stayed. Written like a note to self from a training journal: motivation didn't show up at 5 AM, so you stopped waiting for it. A motivational gym shirt for no audience and no shortcuts — just showing up, again and again. An oversized gym shirt with the print on the back and a clean front. Heavyweight, garment-dyed cotton that feels broken-in from the first wear. Wear it as a pump cover over your sports bra or tank, with bike shorts for an easy gym outfit, or style it as an oversized graphic tee outside the gym. Details Back print onlyComfort Colors 1717, 100% ring-spun cotton, 6.1 oz heavyweightGarment-dyed for a soft, slightly vintage finishRelaxed unisex fit, US sizingPrinted to orderFit: relaxed. For the oversized look, size up 1–2 — see the size guide in the photos. Care: wash cold, inside out, with like colors. Tumble dry low.",https://aesthwear.com/products/i-stayed-oversized-gym-tee?utm_source=pinterest&utm_medium=catalog&utm_campaign=pinterest-catalog&utm_content=i-stayed-oversized-gym-tee,https://meakamst-stack.github.io/aesth-pinterest-feed/pins/stayed-01/stayed-01-tee-ivory-gym-v1.jpg,36.00 USD,in stock,new,AESTH.,Apparel & Accessories > Clothing > Shirts & Tops,i-stayed-oversized-gym-tee,"https://meakamst-stack.github.io/aesth-pinterest-feed/pins/stayed-01/stayed-01-tee-ivory-straat-v1.jpg,https://meakamst-stack.github.io/aesth-pinterest-feed/pins/stayed-01/stayed-01-tee-ivory-studio-v1.jpg,https://imgproxy.fourthwall.dev/u2JyXNFE8hxv-i80Ebr9CDFYprknxRUXIxe6vazcxbA/w:1920/sm:1/enc/GqGfRnh4u3UzRtcM/YqGPQXRD2obTxlOA/q0Gr2zcf5nwaIvzQ/M7V3P1KKdJpaUMLH/hwwphz6JjqAYF5ca/gh1FYA1uTSCHamOq/wfDXans3Dhi5tzpW/4pZDpUh0xVEEIGsD/NGQasHzwWilz6sne/RFDFFqimqtNfMArR/0kEawYe7QXeHq950/FfMjkkTFcFFShlK1/sSwK1bJgC-PgIkUh/qc1XpPh10XokBMbm/5xTes_yAUGw.webp,https://imgproxy.fourthwall.dev/aeSCV824V62sY-5lRLb1z_Nbd2vm7M5oT7W_YRyflu4/w:1920/sm:1/enc/AhOz_rPTW4-jbBuD/MqDdyPSjPjDOME9M/vHbuimwr-oWaX4W0/G02SzME_bdRLy7Ug/2mhib-FLvxyH-xSg/ADW2rTFcL9uWDTST/5suOA7T5xenV7Knk/5YQiKrCeCWy6DkF6/S0lg2bg2_8F1F6Y6/Tz4QYpzFkf15xq50/N8YVLPP9_78IR6O1/AIyirGm8Da0KorZM/RESZuUtKaOCog7SJ/EwG_TIBUYn1EuJty/8U3Hdcp2L2I.webp,https://imgproxy.fourthwall.dev/R-Rami1862GGMQrpTKiwd43sgvV_4-o6UwIF3JyfXes/w:1920/sm:1/enc/dG6ToL0kWwnuNVO8/O97F9DBEYoCe1ry9/orEb-DjgoDSy-rbN/lNpgA43MhzReKttb/TLehMnu6KFwVZSqP/eoQbESzKk2et-MX4/TR8GOZon_IzxhCDg/IEEx9pqa0-xyQoFC/sjCzOw7PmAZHWupK/eyAn1WkxWuGTrQTo/r4nL8QMPuX-4R5lb/23UXlNx9evYgybI4/aMIxc7-hX0DiDTSr/leeU8M-2raStrbEB/M34r8jxQkys.webp",Ivory,2XL,unisex,adult,i-stayed-oversized-gym-tee,Ivory
15SZ-71DP03X,"I Stayed Oversized Gym Tee | Pump Cover — Ivory, 3XL","Motivation left. I stayed. Written like a note to self from a training journal: motivation didn't show up at 5 AM, so you stopped waiting for it. A motivational gym shirt for no audience and no shortcuts — just showing up, again and again. An oversized gym shirt with the print on the back and a clean front. Heavyweight, garment-dyed cotton that feels broken-in from the first wear. Wear it as a pump cover over your sports bra or tank, with bike shorts for an easy gym outfit, or style it as an oversized graphic tee outside the gym. Details Back print onlyComfort Colors 1717, 100% ring-spun cotton, 6.1 oz heavyweightGarment-dyed for a soft, slightly vintage finishRelaxed unisex fit, US sizingPrinted to orderFit: relaxed. For the oversized look, size up 1–2 — see the size guide in the photos. Care: wash cold, inside out, with like colors. Tumble dry low.",https://aesthwear.com/products/i-stayed-oversized-gym-tee?utm_source=pinterest&utm_medium=catalog&utm_campaign=pinterest-catalog&utm_content=i-stayed-oversized-gym-tee,https://meakamst-stack.github.io/aesth-pinterest-feed/pins/stayed-01/stayed-01-tee-ivory-gym-v1.jpg,38.00 USD,in stock,new,AESTH.,Apparel & Accessories > Clothing > Shirts & Tops,i-stayed-oversized-gym-tee,"https://meakamst-stack.github.io/aesth-pinterest-feed/pins/stayed-01/stayed-01-tee-ivory-straat-v1.jpg,https://meakamst-stack.github.io/aesth-pinterest-feed/pins/stayed-01/stayed-01-tee-ivory-studio-v1.jpg,https://imgproxy.fourthwall.dev/u2JyXNFE8hxv-i80Ebr9CDFYprknxRUXIxe6vazcxbA/w:1920/sm:1/enc/GqGfRnh4u3UzRtcM/YqGPQXRD2obTxlOA/q0Gr2zcf5nwaIvzQ/M7V3P1KKdJpaUMLH/hwwphz6JjqAYF5ca/gh1FYA1uTSCHamOq/wfDXans3Dhi5tzpW/4pZDpUh0xVEEIGsD/NGQasHzwWilz6sne/RFDFFqimqtNfMArR/0kEawYe7QXeHq950/FfMjkkTFcFFShlK1/sSwK1bJgC-PgIkUh/qc1XpPh10XokBMbm/5xTes_yAUGw.webp,https://imgproxy.fourthwall.dev/aeSCV824V62sY-5lRLb1z_Nbd2vm7M5oT7W_YRyflu4/w:1920/sm:1/enc/AhOz_rPTW4-jbBuD/MqDdyPSjPjDOME9M/vHbuimwr-oWaX4W0/G02SzME_bdRLy7Ug/2mhib-FLvxyH-xSg/ADW2rTFcL9uWDTST/5suOA7T5xenV7Knk/5YQiKrCeCWy6DkF6/S0lg2bg2_8F1F6Y6/Tz4QYpzFkf15xq50/N8YVLPP9_78IR6O1/AIyirGm8Da0KorZM/RESZuUtKaOCog7SJ/EwG_TIBUYn1EuJty/8U3Hdcp2L2I.webp,https://imgproxy.fourthwall.dev/R-Rami1862GGMQrpTKiwd43sgvV_4-o6UwIF3JyfXes/w:1920/sm:1/enc/dG6ToL0kWwnuNVO8/O97F9DBEYoCe1ry9/orEb-DjgoDSy-rbN/lNpgA43MhzReKttb/TLehMnu6KFwVZSqP/eoQbESzKk2et-MX4/TR8GOZon_IzxhCDg/IEEx9pqa0-xyQoFC/sjCzOw7PmAZHWupK/eyAn1WkxWuGTrQTo/r4nL8QMPuX-4R5lb/23UXlNx9evYgybI4/aMIxc7-hX0DiDTSr/leeU8M-2raStrbEB/M34r8jxQkys.webp",Ivory,3XL,unisex,adult,i-stayed-oversized-gym-tee,Ivory
15SZ-8XWP04X,"I Stayed Oversized Gym Tee | Pump Cover — Ivory, 4XL","Motivation left. I stayed. Written like a note to self from a training journal: motivation didn't show up at 5 AM, so you stopped waiting for it. A motivational gym shirt for no audience and no shortcuts — just showing up, again and again. An oversized gym shirt with the print on the back and a clean front. Heavyweight, garment-dyed cotton that feels broken-in from the first wear. Wear it as a pump cover over your sports bra or tank, with bike shorts for an easy gym outfit, or style it as an oversized graphic tee outside the gym. Details Back print onlyComfort Colors 1717, 100% ring-spun cotton, 6.1 oz heavyweightGarment-dyed for a soft, slightly vintage finishRelaxed unisex fit, US sizingPrinted to orderFit: relaxed. For the oversized look, size up 1–2 — see the size guide in the photos. Care: wash cold, inside out, with like colors. Tumble dry low.",https://aesthwear.com/products/i-stayed-oversized-gym-tee?utm_source=pinterest&utm_medium=catalog&utm_campaign=pinterest-catalog&utm_content=i-stayed-oversized-gym-tee,https://meakamst-stack.github.io/aesth-pinterest-feed/pins/stayed-01/stayed-01-tee-ivory-gym-v1.jpg,40.00 USD,in stock,new,AESTH.,Apparel & Accessories > Clothing > Shirts & Tops,i-stayed-oversized-gym-tee,"https://meakamst-stack.github.io/aesth-pinterest-feed/pins/stayed-01/stayed-01-tee-ivory-straat-v1.jpg,https://meakamst-stack.github.io/aesth-pinterest-feed/pins/stayed-01/stayed-01-tee-ivory-studio-v1.jpg,https://imgproxy.fourthwall.dev/u2JyXNFE8hxv-i80Ebr9CDFYprknxRUXIxe6vazcxbA/w:1920/sm:1/enc/GqGfRnh4u3UzRtcM/YqGPQXRD2obTxlOA/q0Gr2zcf5nwaIvzQ/M7V3P1KKdJpaUMLH/hwwphz6JjqAYF5ca/gh1FYA1uTSCHamOq/wfDXans3Dhi5tzpW/4pZDpUh0xVEEIGsD/NGQasHzwWilz6sne/RFDFFqimqtNfMArR/0kEawYe7QXeHq950/FfMjkkTFcFFShlK1/sSwK1bJgC-PgIkUh/qc1XpPh10XokBMbm/5xTes_yAUGw.webp,https://imgproxy.fourthwall.dev/aeSCV824V62sY-5lRLb1z_Nbd2vm7M5oT7W_YRyflu4/w:1920/sm:1/enc/AhOz_rPTW4-jbBuD/MqDdyPSjPjDOME9M/vHbuimwr-oWaX4W0/G02SzME_bdRLy7Ug/2mhib-FLvxyH-xSg/ADW2rTFcL9uWDTST/5suOA7T5xenV7Knk/5YQiKrCeCWy6DkF6/S0lg2bg2_8F1F6Y6/Tz4QYpzFkf15xq50/N8YVLPP9_78IR6O1/AIyirGm8Da0KorZM/RESZuUtKaOCog7SJ/EwG_TIBUYn1EuJty/8U3Hdcp2L2I.webp,https://imgproxy.fourthwall.dev/R-Rami1862GGMQrpTKiwd43sgvV_4-o6UwIF3JyfXes/w:1920/sm:1/enc/dG6ToL0kWwnuNVO8/O97F9DBEYoCe1ry9/orEb-DjgoDSy-rbN/lNpgA43MhzReKttb/TLehMnu6KFwVZSqP/eoQbESzKk2et-MX4/TR8GOZon_IzxhCDg/IEEx9pqa0-xyQoFC/sjCzOw7PmAZHWupK/eyAn1WkxWuGTrQTo/r4nL8QMPuX-4R5lb/23UXlNx9evYgybI4/aMIxc7-hX0DiDTSr/leeU8M-2raStrbEB/M34r8jxQkys.webp",Ivory,4XL,unisex,adult,i-stayed-oversized-gym-tee,Ivory
17ER-BV3200S,"Deadlift Society Oversized Gym Tee | Pump Cover — Black, S","For the ones who love to pull. A vintage-washed back print of a woman locked out at the top of a deadlift, signed Deadlift Society — Est. 2026. A deadlift shirt for early sessions, heavy pulls and the quiet satisfaction of a clean rep. An oversized gym shirt with the print on the back and a clean front. Heavyweight, garment-dyed cotton that feels broken-in from the first wear. Wear it as a pump cover over your sports bra or tank, with bike shorts for an easy gym outfit, or style it as an oversized graphic tee outside the gym. Details Back print onlyComfort Colors 1717, 100% ring-spun cotton, 6.1 oz heavyweightGarment-dyed for a soft, slightly vintage finishRelaxed unisex fit, US sizingPrinted to orderFit: relaxed. For the oversized look, size up 1–2 — see the size guide in the photos. Care: wash cold, inside out, with like colors. Tumble dry low.",https://aesthwear.com/products/deadlift-society-oversized-gym-tee?utm_source=pinterest&utm_medium=catalog&utm_campaign=pinterest-catalog&utm_content=deadlift-society-oversized-gym-tee,https://meakamst-stack.github.io/aesth-pinterest-feed/pins/deadlift-society-01/deadlift-society-01-tee-black-gym-v1.jpg,34.00 USD,in stock,new,AESTH.,Apparel & Accessories > Clothing > Shirts & Tops,deadlift-society-oversized-gym-tee,"https://meakamst-stack.github.io/aesth-pinterest-feed/pins/deadlift-society-01/deadlift-society-01-tee-black-straat-v1.jpg,https://meakamst-stack.github.io/aesth-pinterest-feed/pins/deadlift-society-01/deadlift-society-01-tee-black-studio-v1.jpg,https://imgproxy.fourthwall.dev/cneJW7RBGlBHTI4Ggnyr1aamTjh4iF3jhZnkVyp2FlY/w:1920/sm:1/enc/3BU3Yi6Fusxb08SK/L9vn42ZQ6AHQ8BRQ/fCpDLgTuoFrSdRpS/QMD7OtxVipx4BlNQ/lQFipiL5eBeg_r78/_fMpbNwLnxdPNSIr/9FnQBxjc0JQKBQtu/jmxCwKvlt_1SZyu3/XaEyjBJC9XLiQ6j8/ET7WHMWmOjpw5__P/idF1AfMUpTo-mFXq/1cg1FctzmPLOXEQK/pDhiBcgjvdhO6zJm/TYu4OhTHNhUK4oLt/uR9s038EmQs.webp,https://imgproxy.fourthwall.dev/ZqFr7yj4liar32OxXTyrZB-bJWNYwelAVReOatIYgmw/w:1920/sm:1/enc/3oOPWYqvvLOyZ9Um/RLDI1eTONto_tBng/4VXWSA9hK4F_fhp5/75bssuZ6_osUUZw7/QF418WCotJm9YLFT/vzsNsOxLexAKpBBs/Ytx4xpAN7AnBtSy9/rj3JXHYDLEhD2PYC/xDfuE75v3sS4P1-U/7R-L5k8rdjYvb5p5/J0o20ZB2nSVpABH4/gcbevj3eDbVClkFa/CMbt13HeC6KHvprp/y9DGPWdSJctdCUya/VbfZNYbaoMc.webp,https://imgproxy.fourthwall.dev/1wd0e5rkmIr274bxSNkXPFXITduuE1r0qXobZXtx4e4/w:1920/sm:1/enc/ZoY6kb6S-f_JgYMQ/91lGBL1rLqumEms6/128ur5OSCuggU_Le/9j_spBdoMlG7qeHu/9Xu8vLaKdfDQBvGd/XAiFZdvMyYdztbjZ/7w2soXagI_ALj9jd/hMInQDGGL2jpvcHk/HIJlyD7LYhWkLLIh/UKCRNEGqZaKeV8Et/UP3K53lvpkU9KNdL/TfRDwP-gLO2hNP9N/LSBr1qAiGFP1dahS/qNsS0yjwyKKqa93w/lahbNdlMybw.webp",Black,S,unisex,adult,deadlift-society-oversized-gym-tee,Black
17ER-Y85200M,"Deadlift Society Oversized Gym Tee | Pump Cover — Black, M","For the ones who love to pull. A vintage-washed back print of a woman locked out at the top of a deadlift, signed Deadlift Society — Est. 2026. A deadlift shirt for early sessions, heavy pulls and the quiet satisfaction of a clean rep. An oversized gym shirt with the print on the back and a clean front. Heavyweight, garment-dyed cotton that feels broken-in from the first wear. Wear it as a pump cover over your sports bra or tank, with bike shorts for an easy gym outfit, or style it as an oversized graphic tee outside the gym. Details Back print onlyComfort Colors 1717, 100% ring-spun cotton, 6.1 oz heavyweightGarment-dyed for a soft, slightly vintage finishRelaxed unisex fit, US sizingPrinted to orderFit: relaxed. For the oversized look, size up 1–2 — see the size guide in the photos. Care: wash cold, inside out, with like colors. Tumble dry low.",https://aesthwear.com/products/deadlift-society-oversized-gym-tee?utm_source=pinterest&utm_medium=catalog&utm_campaign=pinterest-catalog&utm_content=deadlift-society-oversized-gym-tee,https://meakamst-stack.github.io/aesth-pinterest-feed/pins/deadlift-society-01/deadlift-society-01-tee-black-gym-v1.jpg,34.00 USD,in stock,new,AESTH.,Apparel & Accessories > Clothing > Shirts & Tops,deadlift-society-oversized-gym-tee,"https://meakamst-stack.github.io/aesth-pinterest-feed/pins/deadlift-society-01/deadlift-society-01-tee-black-straat-v1.jpg,https://meakamst-stack.github.io/aesth-pinterest-feed/pins/deadlift-society-01/deadlift-society-01-tee-black-studio-v1.jpg,https://imgproxy.fourthwall.dev/cneJW7RBGlBHTI4Ggnyr1aamTjh4iF3jhZnkVyp2FlY/w:1920/sm:1/enc/3BU3Yi6Fusxb08SK/L9vn42ZQ6AHQ8BRQ/fCpDLgTuoFrSdRpS/QMD7OtxVipx4BlNQ/lQFipiL5eBeg_r78/_fMpbNwLnxdPNSIr/9FnQBxjc0JQKBQtu/jmxCwKvlt_1SZyu3/XaEyjBJC9XLiQ6j8/ET7WHMWmOjpw5__P/idF1AfMUpTo-mFXq/1cg1FctzmPLOXEQK/pDhiBcgjvdhO6zJm/TYu4OhTHNhUK4oLt/uR9s038EmQs.webp,https://imgproxy.fourthwall.dev/ZqFr7yj4liar32OxXTyrZB-bJWNYwelAVReOatIYgmw/w:1920/sm:1/enc/3oOPWYqvvLOyZ9Um/RLDI1eTONto_tBng/4VXWSA9hK4F_fhp5/75bssuZ6_osUUZw7/QF418WCotJm9YLFT/vzsNsOxLexAKpBBs/Ytx4xpAN7AnBtSy9/rj3JXHYDLEhD2PYC/xDfuE75v3sS4P1-U/7R-L5k8rdjYvb5p5/J0o20ZB2nSVpABH4/gcbevj3eDbVClkFa/CMbt13HeC6KHvprp/y9DGPWdSJctdCUya/VbfZNYbaoMc.webp,https://imgproxy.fourthwall.dev/1wd0e5rkmIr274bxSNkXPFXITduuE1r0qXobZXtx4e4/w:1920/sm:1/enc/ZoY6kb6S-f_JgYMQ/91lGBL1rLqumEms6/128ur5OSCuggU_Le/9j_spBdoMlG7qeHu/9Xu8vLaKdfDQBvGd/XAiFZdvMyYdztbjZ/7w2soXagI_ALj9jd/hMInQDGGL2jpvcHk/HIJlyD7LYhWkLLIh/UKCRNEGqZaKeV8Et/UP3K53lvpkU9KNdL/TfRDwP-gLO2hNP9N/LSBr1qAiGFP1dahS/qNsS0yjwyKKqa93w/lahbNdlMybw.webp",Black,M,unisex,adult,deadlift-society-oversized-gym-tee,Black
17ER-37Z200L,"Deadlift Society Oversized Gym Tee | Pump Cover — Black, L","For the ones who love to pull. A vintage-washed back print of a woman locked out at the top of a deadlift, signed Deadlift Society — Est. 2026. A deadlift shirt for early sessions, heavy pulls and the quiet satisfaction of a clean rep. An oversized gym shirt with the print on the back and a clean front. Heavyweight, garment-dyed cotton that feels broken-in from the first wear. Wear it as a pump cover over your sports bra or tank, with bike shorts for an easy gym outfit, or style it as an oversized graphic tee outside the gym. Details Back print onlyComfort Colors 1717, 100% ring-spun cotton, 6.1 oz heavyweightGarment-dyed for a soft, slightly vintage finishRelaxed unisex fit, US sizingPrinted to orderFit: relaxed. For the oversized look, size up 1–2 — see the size guide in the photos. Care: wash cold, inside out, with like colors. Tumble dry low.",https://aesthwear.com/products/deadlift-society-oversized-gym-tee?utm_source=pinterest&utm_medium=catalog&utm_campaign=pinterest-catalog&utm_content=deadlift-society-oversized-gym-tee,https://meakamst-stack.github.io/aesth-pinterest-feed/pins/deadlift-society-01/deadlift-society-01-tee-black-gym-v1.jpg,34.00 USD,in stock,new,AESTH.,Apparel & Accessories > Clothing > Shirts & Tops,deadlift-society-oversized-gym-tee,"https://meakamst-stack.github.io/aesth-pinterest-feed/pins/deadlift-society-01/deadlift-society-01-tee-black-straat-v1.jpg,https://meakamst-stack.github.io/aesth-pinterest-feed/pins/deadlift-society-01/deadlift-society-01-tee-black-studio-v1.jpg,https://imgproxy.fourthwall.dev/cneJW7RBGlBHTI4Ggnyr1aamTjh4iF3jhZnkVyp2FlY/w:1920/sm:1/enc/3BU3Yi6Fusxb08SK/L9vn42ZQ6AHQ8BRQ/fCpDLgTuoFrSdRpS/QMD7OtxVipx4BlNQ/lQFipiL5eBeg_r78/_fMpbNwLnxdPNSIr/9FnQBxjc0JQKBQtu/jmxCwKvlt_1SZyu3/XaEyjBJC9XLiQ6j8/ET7WHMWmOjpw5__P/idF1AfMUpTo-mFXq/1cg1FctzmPLOXEQK/pDhiBcgjvdhO6zJm/TYu4OhTHNhUK4oLt/uR9s038EmQs.webp,https://imgproxy.fourthwall.dev/ZqFr7yj4liar32OxXTyrZB-bJWNYwelAVReOatIYgmw/w:1920/sm:1/enc/3oOPWYqvvLOyZ9Um/RLDI1eTONto_tBng/4VXWSA9hK4F_fhp5/75bssuZ6_osUUZw7/QF418WCotJm9YLFT/vzsNsOxLexAKpBBs/Ytx4xpAN7AnBtSy9/rj3JXHYDLEhD2PYC/xDfuE75v3sS4P1-U/7R-L5k8rdjYvb5p5/J0o20ZB2nSVpABH4/gcbevj3eDbVClkFa/CMbt13HeC6KHvprp/y9DGPWdSJctdCUya/VbfZNYbaoMc.webp,https://imgproxy.fourthwall.dev/1wd0e5rkmIr274bxSNkXPFXITduuE1r0qXobZXtx4e4/w:1920/sm:1/enc/ZoY6kb6S-f_JgYMQ/91lGBL1rLqumEms6/128ur5OSCuggU_Le/9j_spBdoMlG7qeHu/9Xu8vLaKdfDQBvGd/XAiFZdvMyYdztbjZ/7w2soXagI_ALj9jd/hMInQDGGL2jpvcHk/HIJlyD7LYhWkLLIh/UKCRNEGqZaKeV8Et/UP3K53lvpkU9KNdL/TfRDwP-gLO2hNP9N/LSBr1qAiGFP1dahS/qNsS0yjwyKKqa93w/lahbNdlMybw.webp",Black,L,unisex,adult,deadlift-society-oversized-gym-tee,Black
17ER-F7620XL,"Deadlift Society Oversized Gym Tee | Pump Cover — Black, XL","For the ones who love to pull. A vintage-washed back print of a woman locked out at the top of a deadlift, signed Deadlift Society — Est. 2026. A deadlift shirt for early sessions, heavy pulls and the quiet satisfaction of a clean rep. An oversized gym shirt with the print on the back and a clean front. Heavyweight, garment-dyed cotton that feels broken-in from the first wear. Wear it as a pump cover over your sports bra or tank, with bike shorts for an easy gym outfit, or style it as an oversized graphic tee outside the gym. Details Back print onlyComfort Colors 1717, 100% ring-spun cotton, 6.1 oz heavyweightGarment-dyed for a soft, slightly vintage finishRelaxed unisex fit, US sizingPrinted to orderFit: relaxed. For the oversized look, size up 1–2 — see the size guide in the photos. Care: wash cold, inside out, with like colors. Tumble dry low.",https://aesthwear.com/products/deadlift-society-oversized-gym-tee?utm_source=pinterest&utm_medium=catalog&utm_campaign=pinterest-catalog&utm_content=deadlift-society-oversized-gym-tee,https://meakamst-stack.github.io/aesth-pinterest-feed/pins/deadlift-society-01/deadlift-society-01-tee-black-gym-v1.jpg,34.00 USD,in stock,new,AESTH.,Apparel & Accessories > Clothing > Shirts & Tops,deadlift-society-oversized-gym-tee,"https://meakamst-stack.github.io/aesth-pinterest-feed/pins/deadlift-society-01/deadlift-society-01-tee-black-straat-v1.jpg,https://meakamst-stack.github.io/aesth-pinterest-feed/pins/deadlift-society-01/deadlift-society-01-tee-black-studio-v1.jpg,https://imgproxy.fourthwall.dev/cneJW7RBGlBHTI4Ggnyr1aamTjh4iF3jhZnkVyp2FlY/w:1920/sm:1/enc/3BU3Yi6Fusxb08SK/L9vn42ZQ6AHQ8BRQ/fCpDLgTuoFrSdRpS/QMD7OtxVipx4BlNQ/lQFipiL5eBeg_r78/_fMpbNwLnxdPNSIr/9FnQBxjc0JQKBQtu/jmxCwKvlt_1SZyu3/XaEyjBJC9XLiQ6j8/ET7WHMWmOjpw5__P/idF1AfMUpTo-mFXq/1cg1FctzmPLOXEQK/pDhiBcgjvdhO6zJm/TYu4OhTHNhUK4oLt/uR9s038EmQs.webp,https://imgproxy.fourthwall.dev/ZqFr7yj4liar32OxXTyrZB-bJWNYwelAVReOatIYgmw/w:1920/sm:1/enc/3oOPWYqvvLOyZ9Um/RLDI1eTONto_tBng/4VXWSA9hK4F_fhp5/75bssuZ6_osUUZw7/QF418WCotJm9YLFT/vzsNsOxLexAKpBBs/Ytx4xpAN7AnBtSy9/rj3JXHYDLEhD2PYC/xDfuE75v3sS4P1-U/7R-L5k8rdjYvb5p5/J0o20ZB2nSVpABH4/gcbevj3eDbVClkFa/CMbt13HeC6KHvprp/y9DGPWdSJctdCUya/VbfZNYbaoMc.webp,https://imgproxy.fourthwall.dev/1wd0e5rkmIr274bxSNkXPFXITduuE1r0qXobZXtx4e4/w:1920/sm:1/enc/ZoY6kb6S-f_JgYMQ/91lGBL1rLqumEms6/128ur5OSCuggU_Le/9j_spBdoMlG7qeHu/9Xu8vLaKdfDQBvGd/XAiFZdvMyYdztbjZ/7w2soXagI_ALj9jd/hMInQDGGL2jpvcHk/HIJlyD7LYhWkLLIh/UKCRNEGqZaKeV8Et/UP3K53lvpkU9KNdL/TfRDwP-gLO2hNP9N/LSBr1qAiGFP1dahS/qNsS0yjwyKKqa93w/lahbNdlMybw.webp",Black,XL,unisex,adult,deadlift-society-oversized-gym-tee,Black
17ER-XEA202X,"Deadlift Society Oversized Gym Tee | Pump Cover — Black, 2XL","For the ones who love to pull. A vintage-washed back print of a woman locked out at the top of a deadlift, signed Deadlift Society — Est. 2026. A deadlift shirt for early sessions, heavy pulls and the quiet satisfaction of a clean rep. An oversized gym shirt with the print on the back and a clean front. Heavyweight, garment-dyed cotton that feels broken-in from the first wear. Wear it as a pump cover over your sports bra or tank, with bike shorts for an easy gym outfit, or style it as an oversized graphic tee outside the gym. Details Back print onlyComfort Colors 1717, 100% ring-spun cotton, 6.1 oz heavyweightGarment-dyed for a soft, slightly vintage finishRelaxed unisex fit, US sizingPrinted to orderFit: relaxed. For the oversized look, size up 1–2 — see the size guide in the photos. Care: wash cold, inside out, with like colors. Tumble dry low.",https://aesthwear.com/products/deadlift-society-oversized-gym-tee?utm_source=pinterest&utm_medium=catalog&utm_campaign=pinterest-catalog&utm_content=deadlift-society-oversized-gym-tee,https://meakamst-stack.github.io/aesth-pinterest-feed/pins/deadlift-society-01/deadlift-society-01-tee-black-gym-v1.jpg,36.00 USD,in stock,new,AESTH.,Apparel & Accessories > Clothing > Shirts & Tops,deadlift-society-oversized-gym-tee,"https://meakamst-stack.github.io/aesth-pinterest-feed/pins/deadlift-society-01/deadlift-society-01-tee-black-straat-v1.jpg,https://meakamst-stack.github.io/aesth-pinterest-feed/pins/deadlift-society-01/deadlift-society-01-tee-black-studio-v1.jpg,https://imgproxy.fourthwall.dev/cneJW7RBGlBHTI4Ggnyr1aamTjh4iF3jhZnkVyp2FlY/w:1920/sm:1/enc/3BU3Yi6Fusxb08SK/L9vn42ZQ6AHQ8BRQ/fCpDLgTuoFrSdRpS/QMD7OtxVipx4BlNQ/lQFipiL5eBeg_r78/_fMpbNwLnxdPNSIr/9FnQBxjc0JQKBQtu/jmxCwKvlt_1SZyu3/XaEyjBJC9XLiQ6j8/ET7WHMWmOjpw5__P/idF1AfMUpTo-mFXq/1cg1FctzmPLOXEQK/pDhiBcgjvdhO6zJm/TYu4OhTHNhUK4oLt/uR9s038EmQs.webp,https://imgproxy.fourthwall.dev/ZqFr7yj4liar32OxXTyrZB-bJWNYwelAVReOatIYgmw/w:1920/sm:1/enc/3oOPWYqvvLOyZ9Um/RLDI1eTONto_tBng/4VXWSA9hK4F_fhp5/75bssuZ6_osUUZw7/QF418WCotJm9YLFT/vzsNsOxLexAKpBBs/Ytx4xpAN7AnBtSy9/rj3JXHYDLEhD2PYC/xDfuE75v3sS4P1-U/7R-L5k8rdjYvb5p5/J0o20ZB2nSVpABH4/gcbevj3eDbVClkFa/CMbt13HeC6KHvprp/y9DGPWdSJctdCUya/VbfZNYbaoMc.webp,https://imgproxy.fourthwall.dev/1wd0e5rkmIr274bxSNkXPFXITduuE1r0qXobZXtx4e4/w:1920/sm:1/enc/ZoY6kb6S-f_JgYMQ/91lGBL1rLqumEms6/128ur5OSCuggU_Le/9j_spBdoMlG7qeHu/9Xu8vLaKdfDQBvGd/XAiFZdvMyYdztbjZ/7w2soXagI_ALj9jd/hMInQDGGL2jpvcHk/HIJlyD7LYhWkLLIh/UKCRNEGqZaKeV8Et/UP3K53lvpkU9KNdL/TfRDwP-gLO2hNP9N/LSBr1qAiGFP1dahS/qNsS0yjwyKKqa93w/lahbNdlMybw.webp",Black,2XL,unisex,adult,deadlift-society-oversized-gym-tee,Black
17ER-CNT203X,"Deadlift Society Oversized Gym Tee | Pump Cover — Black, 3XL","For the ones who love to pull. A vintage-washed back print of a woman locked out at the top of a deadlift, signed Deadlift Society — Est. 2026. A deadlift shirt for early sessions, heavy pulls and the quiet satisfaction of a clean rep. An oversized gym shirt with the print on the back and a clean front. Heavyweight, garment-dyed cotton that feels broken-in from the first wear. Wear it as a pump cover over your sports bra or tank, with bike shorts for an easy gym outfit, or style it as an oversized graphic tee outside the gym. Details Back print onlyComfort Colors 1717, 100% ring-spun cotton, 6.1 oz heavyweightGarment-dyed for a soft, slightly vintage finishRelaxed unisex fit, US sizingPrinted to orderFit: relaxed. For the oversized look, size up 1–2 — see the size guide in the photos. Care: wash cold, inside out, with like colors. Tumble dry low.",https://aesthwear.com/products/deadlift-society-oversized-gym-tee?utm_source=pinterest&utm_medium=catalog&utm_campaign=pinterest-catalog&utm_content=deadlift-society-oversized-gym-tee,https://meakamst-stack.github.io/aesth-pinterest-feed/pins/deadlift-society-01/deadlift-society-01-tee-black-gym-v1.jpg,38.00 USD,in stock,new,AESTH.,Apparel & Accessories > Clothing > Shirts & Tops,deadlift-society-oversized-gym-tee,"https://meakamst-stack.github.io/aesth-pinterest-feed/pins/deadlift-society-01/deadlift-society-01-tee-black-straat-v1.jpg,https://meakamst-stack.github.io/aesth-pinterest-feed/pins/deadlift-society-01/deadlift-society-01-tee-black-studio-v1.jpg,https://imgproxy.fourthwall.dev/cneJW7RBGlBHTI4Ggnyr1aamTjh4iF3jhZnkVyp2FlY/w:1920/sm:1/enc/3BU3Yi6Fusxb08SK/L9vn42ZQ6AHQ8BRQ/fCpDLgTuoFrSdRpS/QMD7OtxVipx4BlNQ/lQFipiL5eBeg_r78/_fMpbNwLnxdPNSIr/9FnQBxjc0JQKBQtu/jmxCwKvlt_1SZyu3/XaEyjBJC9XLiQ6j8/ET7WHMWmOjpw5__P/idF1AfMUpTo-mFXq/1cg1FctzmPLOXEQK/pDhiBcgjvdhO6zJm/TYu4OhTHNhUK4oLt/uR9s038EmQs.webp,https://imgproxy.fourthwall.dev/ZqFr7yj4liar32OxXTyrZB-bJWNYwelAVReOatIYgmw/w:1920/sm:1/enc/3oOPWYqvvLOyZ9Um/RLDI1eTONto_tBng/4VXWSA9hK4F_fhp5/75bssuZ6_osUUZw7/QF418WCotJm9YLFT/vzsNsOxLexAKpBBs/Ytx4xpAN7AnBtSy9/rj3JXHYDLEhD2PYC/xDfuE75v3sS4P1-U/7R-L5k8rdjYvb5p5/J0o20ZB2nSVpABH4/gcbevj3eDbVClkFa/CMbt13HeC6KHvprp/y9DGPWdSJctdCUya/VbfZNYbaoMc.webp,https://imgproxy.fourthwall.dev/1wd0e5rkmIr274bxSNkXPFXITduuE1r0qXobZXtx4e4/w:1920/sm:1/enc/ZoY6kb6S-f_JgYMQ/91lGBL1rLqumEms6/128ur5OSCuggU_Le/9j_spBdoMlG7qeHu/9Xu8vLaKdfDQBvGd/XAiFZdvMyYdztbjZ/7w2soXagI_ALj9jd/hMInQDGGL2jpvcHk/HIJlyD7LYhWkLLIh/UKCRNEGqZaKeV8Et/UP3K53lvpkU9KNdL/TfRDwP-gLO2hNP9N/LSBr1qAiGFP1dahS/qNsS0yjwyKKqa93w/lahbNdlMybw.webp",Black,3XL,unisex,adult,deadlift-society-oversized-gym-tee,Black
17ER-FH1204X,"Deadlift Society Oversized Gym Tee | Pump Cover — Black, 4XL","For the ones who love to pull. A vintage-washed back print of a woman locked out at the top of a deadlift, signed Deadlift Society — Est. 2026. A deadlift shirt for early sessions, heavy pulls and the quiet satisfaction of a clean rep. An oversized gym shirt with the print on the back and a clean front. Heavyweight, garment-dyed cotton that feels broken-in from the first wear. Wear it as a pump cover over your sports bra or tank, with bike shorts for an easy gym outfit, or style it as an oversized graphic tee outside the gym. Details Back print onlyComfort Colors 1717, 100% ring-spun cotton, 6.1 oz heavyweightGarment-dyed for a soft, slightly vintage finishRelaxed unisex fit, US sizingPrinted to orderFit: relaxed. For the oversized look, size up 1–2 — see the size guide in the photos. Care: wash cold, inside out, with like colors. Tumble dry low.",https://aesthwear.com/products/deadlift-society-oversized-gym-tee?utm_source=pinterest&utm_medium=catalog&utm_campaign=pinterest-catalog&utm_content=deadlift-society-oversized-gym-tee,https://meakamst-stack.github.io/aesth-pinterest-feed/pins/deadlift-society-01/deadlift-society-01-tee-black-gym-v1.jpg,40.00 USD,in stock,new,AESTH.,Apparel & Accessories > Clothing > Shirts & Tops,deadlift-society-oversized-gym-tee,"https://meakamst-stack.github.io/aesth-pinterest-feed/pins/deadlift-society-01/deadlift-society-01-tee-black-straat-v1.jpg,https://meakamst-stack.github.io/aesth-pinterest-feed/pins/deadlift-society-01/deadlift-society-01-tee-black-studio-v1.jpg,https://imgproxy.fourthwall.dev/cneJW7RBGlBHTI4Ggnyr1aamTjh4iF3jhZnkVyp2FlY/w:1920/sm:1/enc/3BU3Yi6Fusxb08SK/L9vn42ZQ6AHQ8BRQ/fCpDLgTuoFrSdRpS/QMD7OtxVipx4BlNQ/lQFipiL5eBeg_r78/_fMpbNwLnxdPNSIr/9FnQBxjc0JQKBQtu/jmxCwKvlt_1SZyu3/XaEyjBJC9XLiQ6j8/ET7WHMWmOjpw5__P/idF1AfMUpTo-mFXq/1cg1FctzmPLOXEQK/pDhiBcgjvdhO6zJm/TYu4OhTHNhUK4oLt/uR9s038EmQs.webp,https://imgproxy.fourthwall.dev/ZqFr7yj4liar32OxXTyrZB-bJWNYwelAVReOatIYgmw/w:1920/sm:1/enc/3oOPWYqvvLOyZ9Um/RLDI1eTONto_tBng/4VXWSA9hK4F_fhp5/75bssuZ6_osUUZw7/QF418WCotJm9YLFT/vzsNsOxLexAKpBBs/Ytx4xpAN7AnBtSy9/rj3JXHYDLEhD2PYC/xDfuE75v3sS4P1-U/7R-L5k8rdjYvb5p5/J0o20ZB2nSVpABH4/gcbevj3eDbVClkFa/CMbt13HeC6KHvprp/y9DGPWdSJctdCUya/VbfZNYbaoMc.webp,https://imgproxy.fourthwall.dev/1wd0e5rkmIr274bxSNkXPFXITduuE1r0qXobZXtx4e4/w:1920/sm:1/enc/ZoY6kb6S-f_JgYMQ/91lGBL1rLqumEms6/128ur5OSCuggU_Le/9j_spBdoMlG7qeHu/9Xu8vLaKdfDQBvGd/XAiFZdvMyYdztbjZ/7w2soXagI_ALj9jd/hMInQDGGL2jpvcHk/HIJlyD7LYhWkLLIh/UKCRNEGqZaKeV8Et/UP3K53lvpkU9KNdL/TfRDwP-gLO2hNP9N/LSBr1qAiGFP1dahS/qNsS0yjwyKKqa93w/lahbNdlMybw.webp",Black,4XL,unisex,adult,deadlift-society-oversized-gym-tee,Black
1RDL-PEBM00S,"Hot Girls Hit Legs Oversized Gym Tee | Pump Cover — Bay, S","Never skip leg day. Elegant script, a bow-tied barbell and Leg Day Society in fine print. A leg day shirt with a wink — for squats, lunges and everything that comes after. An oversized gym shirt with the print on the back and a clean front. Heavyweight, garment-dyed cotton that feels broken-in from the first wear. Wear it as a pump cover over your sports bra or tank, with bike shorts for an easy gym outfit, or style it as an oversized graphic tee outside the gym. Details Back print onlyComfort Colors 1717, 100% ring-spun cotton, 6.1 oz heavyweightGarment-dyed for a soft, slightly vintage finishRelaxed unisex fit, US sizingPrinted to orderFit: relaxed. For the oversized look, size up 1–2 — see the size guide in the photos. Care: wash cold, inside out, with like colors. Tumble dry low.",https://aesthwear.com/products/hot-girls-hit-legs-oversized-gym-tee?utm_source=pinterest&utm_medium=catalog&utm_campaign=pinterest-catalog&utm_content=hot-girls-hit-legs-oversized-gym-tee,https://meakamst-stack.github.io/aesth-pinterest-feed/pins/hot-girls-01/hot-girls-01-tee-bay-gym-v1.jpg,34.00 USD,in stock,new,AESTH.,Apparel & Accessories > Clothing > Shirts & Tops,hot-girls-hit-legs-oversized-gym-tee,"https://meakamst-stack.github.io/aesth-pinterest-feed/pins/hot-girls-01/hot-girls-01-tee-bay-straat-v1.jpg,https://meakamst-stack.github.io/aesth-pinterest-feed/pins/hot-girls-01/hot-girls-01-tee-bay-studio-v1.jpg,https://imgproxy.fourthwall.dev/32nIL4aN7UwSj4jYwMJFysL2GPn0cQARFtqdpJReFSM/w:1920/sm:1/enc/1HwZCiFqnompkN8O/TMUq_mQ2XrOgPxao/nVT98uuRni44Pgk7/Dtzmrj2M3xuCpwf4/AObM8THbyFK91qp2/KqOVzXcTREBDPk2a/MLJyKoj3UBxTQL_A/X7UaZ2CFjWECMfhc/tGP0wri51jdhkVTH/bkiMjJI57F1IYU2-/lxpDUguBuevV-Qbi/us9NZYluO4bgxiiz/YXXjAtM8xJzi0yB7/jyIKa8AaGe73gtsc/HU8fsThO0i4.webp,https://imgproxy.fourthwall.dev/dBldh2lMZ5sm95MESEOYDHyngSjhYOQqUUiErFBFBWA/w:1920/sm:1/enc/LWRcWnK2Q61hqAk9/vR7oAhes5G5NdeY_/i2-bE8FZDn8qLTaR/PLKYgzZntCuPy1NZ/4z6XMF7wtJ3tFzu9/_68BPa75NdJgTT96/aA-wdiySVcYmCt9j/-PNCcAA4A9CrH8Va/VqWXaC6yc-HgKHPu/-qE8rEdFhJWhIC03/0wQqXoM47ZFu8jUF/3plMW7lejpvIIfPV/GE-QsqjszONqmacX/3zFkW0Dl260zxHOE/D5H40pRz8Bo.webp,https://imgproxy.fourthwall.dev/4rVPVFoRWEb8G4sWuiTEEiZ3N5vPReEyRLFaXJIfpiU/w:1920/sm:1/enc/PuHiEEUvqQP1bJZS/7SRFffwu9-Nwjvj7/Fgcx8_nYf0dT8Zji/sYRXErBSIDuU5fg9/XI2V6ATKKyZMtpDS/Goll0PBIotKEaOLS/5oO0d3cm6YhsDQ02/S8fGAxm6Y8TUkDyM/hwR0NrE-2gN8VR-c/K4B_vU7TdFpvMBR5/-gLvkwkK3E44ILEn/L-afh8KEsKhjJ5Bx/DOXfai-TmxXXvA0K/lxwJ4TRIpDunBB_z/-4ssT93kUCY.webp",Bay,S,unisex,adult,hot-girls-hit-legs-oversized-gym-tee,Bay
1RDL-1ALM00M,"Hot Girls Hit Legs Oversized Gym Tee | Pump Cover — Bay, M","Never skip leg day. Elegant script, a bow-tied barbell and Leg Day Society in fine print. A leg day shirt with a wink — for squats, lunges and everything that comes after. An oversized gym shirt with the print on the back and a clean front. Heavyweight, garment-dyed cotton that feels broken-in from the first wear. Wear it as a pump cover over your sports bra or tank, with bike shorts for an easy gym outfit, or style it as an oversized graphic tee outside the gym. Details Back print onlyComfort Colors 1717, 100% ring-spun cotton, 6.1 oz heavyweightGarment-dyed for a soft, slightly vintage finishRelaxed unisex fit, US sizingPrinted to orderFit: relaxed. For the oversized look, size up 1–2 — see the size guide in the photos. Care: wash cold, inside out, with like colors. Tumble dry low.",https://aesthwear.com/products/hot-girls-hit-legs-oversized-gym-tee?utm_source=pinterest&utm_medium=catalog&utm_campaign=pinterest-catalog&utm_content=hot-girls-hit-legs-oversized-gym-tee,https://meakamst-stack.github.io/aesth-pinterest-feed/pins/hot-girls-01/hot-girls-01-tee-bay-gym-v1.jpg,34.00 USD,in stock,new,AESTH.,Apparel & Accessories > Clothing > Shirts & Tops,hot-girls-hit-legs-oversized-gym-tee,"https://meakamst-stack.github.io/aesth-pinterest-feed/pins/hot-girls-01/hot-girls-01-tee-bay-straat-v1.jpg,https://meakamst-stack.github.io/aesth-pinterest-feed/pins/hot-girls-01/hot-girls-01-tee-bay-studio-v1.jpg,https://imgproxy.fourthwall.dev/32nIL4aN7UwSj4jYwMJFysL2GPn0cQARFtqdpJReFSM/w:1920/sm:1/enc/1HwZCiFqnompkN8O/TMUq_mQ2XrOgPxao/nVT98uuRni44Pgk7/Dtzmrj2M3xuCpwf4/AObM8THbyFK91qp2/KqOVzXcTREBDPk2a/MLJyKoj3UBxTQL_A/X7UaZ2CFjWECMfhc/tGP0wri51jdhkVTH/bkiMjJI57F1IYU2-/lxpDUguBuevV-Qbi/us9NZYluO4bgxiiz/YXXjAtM8xJzi0yB7/jyIKa8AaGe73gtsc/HU8fsThO0i4.webp,https://imgproxy.fourthwall.dev/dBldh2lMZ5sm95MESEOYDHyngSjhYOQqUUiErFBFBWA/w:1920/sm:1/enc/LWRcWnK2Q61hqAk9/vR7oAhes5G5NdeY_/i2-bE8FZDn8qLTaR/PLKYgzZntCuPy1NZ/4z6XMF7wtJ3tFzu9/_68BPa75NdJgTT96/aA-wdiySVcYmCt9j/-PNCcAA4A9CrH8Va/VqWXaC6yc-HgKHPu/-qE8rEdFhJWhIC03/0wQqXoM47ZFu8jUF/3plMW7lejpvIIfPV/GE-QsqjszONqmacX/3zFkW0Dl260zxHOE/D5H40pRz8Bo.webp,https://imgproxy.fourthwall.dev/4rVPVFoRWEb8G4sWuiTEEiZ3N5vPReEyRLFaXJIfpiU/w:1920/sm:1/enc/PuHiEEUvqQP1bJZS/7SRFffwu9-Nwjvj7/Fgcx8_nYf0dT8Zji/sYRXErBSIDuU5fg9/XI2V6ATKKyZMtpDS/Goll0PBIotKEaOLS/5oO0d3cm6YhsDQ02/S8fGAxm6Y8TUkDyM/hwR0NrE-2gN8VR-c/K4B_vU7TdFpvMBR5/-gLvkwkK3E44ILEn/L-afh8KEsKhjJ5Bx/DOXfai-TmxXXvA0K/lxwJ4TRIpDunBB_z/-4ssT93kUCY.webp",Bay,M,unisex,adult,hot-girls-hit-legs-oversized-gym-tee,Bay
1RDL-H9AM00L,"Hot Girls Hit Legs Oversized Gym Tee | Pump Cover — Bay, L","Never skip leg day. Elegant script, a bow-tied barbell and Leg Day Society in fine print. A leg day shirt with a wink — for squats, lunges and everything that comes after. An oversized gym shirt with the print on the back and a clean front. Heavyweight, garment-dyed cotton that feels broken-in from the first wear. Wear it as a pump cover over your sports bra or tank, with bike shorts for an easy gym outfit, or style it as an oversized graphic tee outside the gym. Details Back print onlyComfort Colors 1717, 100% ring-spun cotton, 6.1 oz heavyweightGarment-dyed for a soft, slightly vintage finishRelaxed unisex fit, US sizingPrinted to orderFit: relaxed. For the oversized look, size up 1–2 — see the size guide in the photos. Care: wash cold, inside out, with like colors. Tumble dry low.",https://aesthwear.com/products/hot-girls-hit-legs-oversized-gym-tee?utm_source=pinterest&utm_medium=catalog&utm_campaign=pinterest-catalog&utm_content=hot-girls-hit-legs-oversized-gym-tee,https://meakamst-stack.github.io/aesth-pinterest-feed/pins/hot-girls-01/hot-girls-01-tee-bay-gym-v1.jpg,34.00 USD,in stock,new,AESTH.,Apparel & Accessories > Clothing > Shirts & Tops,hot-girls-hit-legs-oversized-gym-tee,"https://meakamst-stack.github.io/aesth-pinterest-feed/pins/hot-girls-01/hot-girls-01-tee-bay-straat-v1.jpg,https://meakamst-stack.github.io/aesth-pinterest-feed/pins/hot-girls-01/hot-girls-01-tee-bay-studio-v1.jpg,https://imgproxy.fourthwall.dev/32nIL4aN7UwSj4jYwMJFysL2GPn0cQARFtqdpJReFSM/w:1920/sm:1/enc/1HwZCiFqnompkN8O/TMUq_mQ2XrOgPxao/nVT98uuRni44Pgk7/Dtzmrj2M3xuCpwf4/AObM8THbyFK91qp2/KqOVzXcTREBDPk2a/MLJyKoj3UBxTQL_A/X7UaZ2CFjWECMfhc/tGP0wri51jdhkVTH/bkiMjJI57F1IYU2-/lxpDUguBuevV-Qbi/us9NZYluO4bgxiiz/YXXjAtM8xJzi0yB7/jyIKa8AaGe73gtsc/HU8fsThO0i4.webp,https://imgproxy.fourthwall.dev/dBldh2lMZ5sm95MESEOYDHyngSjhYOQqUUiErFBFBWA/w:1920/sm:1/enc/LWRcWnK2Q61hqAk9/vR7oAhes5G5NdeY_/i2-bE8FZDn8qLTaR/PLKYgzZntCuPy1NZ/4z6XMF7wtJ3tFzu9/_68BPa75NdJgTT96/aA-wdiySVcYmCt9j/-PNCcAA4A9CrH8Va/VqWXaC6yc-HgKHPu/-qE8rEdFhJWhIC03/0wQqXoM47ZFu8jUF/3plMW7lejpvIIfPV/GE-QsqjszONqmacX/3zFkW0Dl260zxHOE/D5H40pRz8Bo.webp,https://imgproxy.fourthwall.dev/4rVPVFoRWEb8G4sWuiTEEiZ3N5vPReEyRLFaXJIfpiU/w:1920/sm:1/enc/PuHiEEUvqQP1bJZS/7SRFffwu9-Nwjvj7/Fgcx8_nYf0dT8Zji/sYRXErBSIDuU5fg9/XI2V6ATKKyZMtpDS/Goll0PBIotKEaOLS/5oO0d3cm6YhsDQ02/S8fGAxm6Y8TUkDyM/hwR0NrE-2gN8VR-c/K4B_vU7TdFpvMBR5/-gLvkwkK3E44ILEn/L-afh8KEsKhjJ5Bx/DOXfai-TmxXXvA0K/lxwJ4TRIpDunBB_z/-4ssT93kUCY.webp",Bay,L,unisex,adult,hot-girls-hit-legs-oversized-gym-tee,Bay
1RDL-JUCM0XL,"Hot Girls Hit Legs Oversized Gym Tee | Pump Cover — Bay, XL","Never skip leg day. Elegant script, a bow-tied barbell and Leg Day Society in fine print. A leg day shirt with a wink — for squats, lunges and everything that comes after. An oversized gym shirt with the print on the back and a clean front. Heavyweight, garment-dyed cotton that feels broken-in from the first wear. Wear it as a pump cover over your sports bra or tank, with bike shorts for an easy gym outfit, or style it as an oversized graphic tee outside the gym. Details Back print onlyComfort Colors 1717, 100% ring-spun cotton, 6.1 oz heavyweightGarment-dyed for a soft, slightly vintage finishRelaxed unisex fit, US sizingPrinted to orderFit: relaxed. For the oversized look, size up 1–2 — see the size guide in the photos. Care: wash cold, inside out, with like colors. Tumble dry low.",https://aesthwear.com/products/hot-girls-hit-legs-oversized-gym-tee?utm_source=pinterest&utm_medium=catalog&utm_campaign=pinterest-catalog&utm_content=hot-girls-hit-legs-oversized-gym-tee,https://meakamst-stack.github.io/aesth-pinterest-feed/pins/hot-girls-01/hot-girls-01-tee-bay-gym-v1.jpg,34.00 USD,in stock,new,AESTH.,Apparel & Accessories > Clothing > Shirts & Tops,hot-girls-hit-legs-oversized-gym-tee,"https://meakamst-stack.github.io/aesth-pinterest-feed/pins/hot-girls-01/hot-girls-01-tee-bay-straat-v1.jpg,https://meakamst-stack.github.io/aesth-pinterest-feed/pins/hot-girls-01/hot-girls-01-tee-bay-studio-v1.jpg,https://imgproxy.fourthwall.dev/32nIL4aN7UwSj4jYwMJFysL2GPn0cQARFtqdpJReFSM/w:1920/sm:1/enc/1HwZCiFqnompkN8O/TMUq_mQ2XrOgPxao/nVT98uuRni44Pgk7/Dtzmrj2M3xuCpwf4/AObM8THbyFK91qp2/KqOVzXcTREBDPk2a/MLJyKoj3UBxTQL_A/X7UaZ2CFjWECMfhc/tGP0wri51jdhkVTH/bkiMjJI57F1IYU2-/lxpDUguBuevV-Qbi/us9NZYluO4bgxiiz/YXXjAtM8xJzi0yB7/jyIKa8AaGe73gtsc/HU8fsThO0i4.webp,https://imgproxy.fourthwall.dev/dBldh2lMZ5sm95MESEOYDHyngSjhYOQqUUiErFBFBWA/w:1920/sm:1/enc/LWRcWnK2Q61hqAk9/vR7oAhes5G5NdeY_/i2-bE8FZDn8qLTaR/PLKYgzZntCuPy1NZ/4z6XMF7wtJ3tFzu9/_68BPa75NdJgTT96/aA-wdiySVcYmCt9j/-PNCcAA4A9CrH8Va/VqWXaC6yc-HgKHPu/-qE8rEdFhJWhIC03/0wQqXoM47ZFu8jUF/3plMW7lejpvIIfPV/GE-QsqjszONqmacX/3zFkW0Dl260zxHOE/D5H40pRz8Bo.webp,https://imgproxy.fourthwall.dev/4rVPVFoRWEb8G4sWuiTEEiZ3N5vPReEyRLFaXJIfpiU/w:1920/sm:1/enc/PuHiEEUvqQP1bJZS/7SRFffwu9-Nwjvj7/Fgcx8_nYf0dT8Zji/sYRXErBSIDuU5fg9/XI2V6ATKKyZMtpDS/Goll0PBIotKEaOLS/5oO0d3cm6YhsDQ02/S8fGAxm6Y8TUkDyM/hwR0NrE-2gN8VR-c/K4B_vU7TdFpvMBR5/-gLvkwkK3E44ILEn/L-afh8KEsKhjJ5Bx/DOXfai-TmxXXvA0K/lxwJ4TRIpDunBB_z/-4ssT93kUCY.webp",Bay,XL,unisex,adult,hot-girls-hit-legs-oversized-gym-tee,Bay
1RDL-Z3YM02X,"Hot Girls Hit Legs Oversized Gym Tee | Pump Cover — Bay, 2XL","Never skip leg day. Elegant script, a bow-tied barbell and Leg Day Society in fine print. A leg day shirt with a wink — for squats, lunges and everything that comes after. An oversized gym shirt with the print on the back and a clean front. Heavyweight, garment-dyed cotton that feels broken-in from the first wear. Wear it as a pump cover over your sports bra or tank, with bike shorts for an easy gym outfit, or style it as an oversized graphic tee outside the gym. Details Back print onlyComfort Colors 1717, 100% ring-spun cotton, 6.1 oz heavyweightGarment-dyed for a soft, slightly vintage finishRelaxed unisex fit, US sizingPrinted to orderFit: relaxed. For the oversized look, size up 1–2 — see the size guide in the photos. Care: wash cold, inside out, with like colors. Tumble dry low.",https://aesthwear.com/products/hot-girls-hit-legs-oversized-gym-tee?utm_source=pinterest&utm_medium=catalog&utm_campaign=pinterest-catalog&utm_content=hot-girls-hit-legs-oversized-gym-tee,https://meakamst-stack.github.io/aesth-pinterest-feed/pins/hot-girls-01/hot-girls-01-tee-bay-gym-v1.jpg,36.00 USD,in stock,new,AESTH.,Apparel & Accessories > Clothing > Shirts & Tops,hot-girls-hit-legs-oversized-gym-tee,"https://meakamst-stack.github.io/aesth-pinterest-feed/pins/hot-girls-01/hot-girls-01-tee-bay-straat-v1.jpg,https://meakamst-stack.github.io/aesth-pinterest-feed/pins/hot-girls-01/hot-girls-01-tee-bay-studio-v1.jpg,https://imgproxy.fourthwall.dev/32nIL4aN7UwSj4jYwMJFysL2GPn0cQARFtqdpJReFSM/w:1920/sm:1/enc/1HwZCiFqnompkN8O/TMUq_mQ2XrOgPxao/nVT98uuRni44Pgk7/Dtzmrj2M3xuCpwf4/AObM8THbyFK91qp2/KqOVzXcTREBDPk2a/MLJyKoj3UBxTQL_A/X7UaZ2CFjWECMfhc/tGP0wri51jdhkVTH/bkiMjJI57F1IYU2-/lxpDUguBuevV-Qbi/us9NZYluO4bgxiiz/YXXjAtM8xJzi0yB7/jyIKa8AaGe73gtsc/HU8fsThO0i4.webp,https://imgproxy.fourthwall.dev/dBldh2lMZ5sm95MESEOYDHyngSjhYOQqUUiErFBFBWA/w:1920/sm:1/enc/LWRcWnK2Q61hqAk9/vR7oAhes5G5NdeY_/i2-bE8FZDn8qLTaR/PLKYgzZntCuPy1NZ/4z6XMF7wtJ3tFzu9/_68BPa75NdJgTT96/aA-wdiySVcYmCt9j/-PNCcAA4A9CrH8Va/VqWXaC6yc-HgKHPu/-qE8rEdFhJWhIC03/0wQqXoM47ZFu8jUF/3plMW7lejpvIIfPV/GE-QsqjszONqmacX/3zFkW0Dl260zxHOE/D5H40pRz8Bo.webp,https://imgproxy.fourthwall.dev/4rVPVFoRWEb8G4sWuiTEEiZ3N5vPReEyRLFaXJIfpiU/w:1920/sm:1/enc/PuHiEEUvqQP1bJZS/7SRFffwu9-Nwjvj7/Fgcx8_nYf0dT8Zji/sYRXErBSIDuU5fg9/XI2V6ATKKyZMtpDS/Goll0PBIotKEaOLS/5oO0d3cm6YhsDQ02/S8fGAxm6Y8TUkDyM/hwR0NrE-2gN8VR-c/K4B_vU7TdFpvMBR5/-gLvkwkK3E44ILEn/L-afh8KEsKhjJ5Bx/DOXfai-TmxXXvA0K/lxwJ4TRIpDunBB_z/-4ssT93kUCY.webp",Bay,2XL,unisex,adult,hot-girls-hit-legs-oversized-gym-tee,Bay
1RDL-U7XM03X,"Hot Girls Hit Legs Oversized Gym Tee | Pump Cover — Bay, 3XL","Never skip leg day. Elegant script, a bow-tied barbell and Leg Day Society in fine print. A leg day shirt with a wink — for squats, lunges and everything that comes after. An oversized gym shirt with the print on the back and a clean front. Heavyweight, garment-dyed cotton that feels broken-in from the first wear. Wear it as a pump cover over your sports bra or tank, with bike shorts for an easy gym outfit, or style it as an oversized graphic tee outside the gym. Details Back print onlyComfort Colors 1717, 100% ring-spun cotton, 6.1 oz heavyweightGarment-dyed for a soft, slightly vintage finishRelaxed unisex fit, US sizingPrinted to orderFit: relaxed. For the oversized look, size up 1–2 — see the size guide in the photos. Care: wash cold, inside out, with like colors. Tumble dry low.",https://aesthwear.com/products/hot-girls-hit-legs-oversized-gym-tee?utm_source=pinterest&utm_medium=catalog&utm_campaign=pinterest-catalog&utm_content=hot-girls-hit-legs-oversized-gym-tee,https://meakamst-stack.github.io/aesth-pinterest-feed/pins/hot-girls-01/hot-girls-01-tee-bay-gym-v1.jpg,38.00 USD,in stock,new,AESTH.,Apparel & Accessories > Clothing > Shirts & Tops,hot-girls-hit-legs-oversized-gym-tee,"https://meakamst-stack.github.io/aesth-pinterest-feed/pins/hot-girls-01/hot-girls-01-tee-bay-straat-v1.jpg,https://meakamst-stack.github.io/aesth-pinterest-feed/pins/hot-girls-01/hot-girls-01-tee-bay-studio-v1.jpg,https://imgproxy.fourthwall.dev/32nIL4aN7UwSj4jYwMJFysL2GPn0cQARFtqdpJReFSM/w:1920/sm:1/enc/1HwZCiFqnompkN8O/TMUq_mQ2XrOgPxao/nVT98uuRni44Pgk7/Dtzmrj2M3xuCpwf4/AObM8THbyFK91qp2/KqOVzXcTREBDPk2a/MLJyKoj3UBxTQL_A/X7UaZ2CFjWECMfhc/tGP0wri51jdhkVTH/bkiMjJI57F1IYU2-/lxpDUguBuevV-Qbi/us9NZYluO4bgxiiz/YXXjAtM8xJzi0yB7/jyIKa8AaGe73gtsc/HU8fsThO0i4.webp,https://imgproxy.fourthwall.dev/dBldh2lMZ5sm95MESEOYDHyngSjhYOQqUUiErFBFBWA/w:1920/sm:1/enc/LWRcWnK2Q61hqAk9/vR7oAhes5G5NdeY_/i2-bE8FZDn8qLTaR/PLKYgzZntCuPy1NZ/4z6XMF7wtJ3tFzu9/_68BPa75NdJgTT96/aA-wdiySVcYmCt9j/-PNCcAA4A9CrH8Va/VqWXaC6yc-HgKHPu/-qE8rEdFhJWhIC03/0wQqXoM47ZFu8jUF/3plMW7lejpvIIfPV/GE-QsqjszONqmacX/3zFkW0Dl260zxHOE/D5H40pRz8Bo.webp,https://imgproxy.fourthwall.dev/4rVPVFoRWEb8G4sWuiTEEiZ3N5vPReEyRLFaXJIfpiU/w:1920/sm:1/enc/PuHiEEUvqQP1bJZS/7SRFffwu9-Nwjvj7/Fgcx8_nYf0dT8Zji/sYRXErBSIDuU5fg9/XI2V6ATKKyZMtpDS/Goll0PBIotKEaOLS/5oO0d3cm6YhsDQ02/S8fGAxm6Y8TUkDyM/hwR0NrE-2gN8VR-c/K4B_vU7TdFpvMBR5/-gLvkwkK3E44ILEn/L-afh8KEsKhjJ5Bx/DOXfai-TmxXXvA0K/lxwJ4TRIpDunBB_z/-4ssT93kUCY.webp",Bay,3XL,unisex,adult,hot-girls-hit-legs-oversized-gym-tee,Bay
1RDL-QWWM04X,"Hot Girls Hit Legs Oversized Gym Tee | Pump Cover — Bay, 4XL","Never skip leg day. Elegant script, a bow-tied barbell and Leg Day Society in fine print. A leg day shirt with a wink — for squats, lunges and everything that comes after. An oversized gym shirt with the print on the back and a clean front. Heavyweight, garment-dyed cotton that feels broken-in from the first wear. Wear it as a pump cover over your sports bra or tank, with bike shorts for an easy gym outfit, or style it as an oversized graphic tee outside the gym. Details Back print onlyComfort Colors 1717, 100% ring-spun cotton, 6.1 oz heavyweightGarment-dyed for a soft, slightly vintage finishRelaxed unisex fit, US sizingPrinted to orderFit: relaxed. For the oversized look, size up 1–2 — see the size guide in the photos. Care: wash cold, inside out, with like colors. Tumble dry low.",https://aesthwear.com/products/hot-girls-hit-legs-oversized-gym-tee?utm_source=pinterest&utm_medium=catalog&utm_campaign=pinterest-catalog&utm_content=hot-girls-hit-legs-oversized-gym-tee,https://meakamst-stack.github.io/aesth-pinterest-feed/pins/hot-girls-01/hot-girls-01-tee-bay-gym-v1.jpg,40.00 USD,in stock,new,AESTH.,Apparel & Accessories > Clothing > Shirts & Tops,hot-girls-hit-legs-oversized-gym-tee,"https://meakamst-stack.github.io/aesth-pinterest-feed/pins/hot-girls-01/hot-girls-01-tee-bay-straat-v1.jpg,https://meakamst-stack.github.io/aesth-pinterest-feed/pins/hot-girls-01/hot-girls-01-tee-bay-studio-v1.jpg,https://imgproxy.fourthwall.dev/32nIL4aN7UwSj4jYwMJFysL2GPn0cQARFtqdpJReFSM/w:1920/sm:1/enc/1HwZCiFqnompkN8O/TMUq_mQ2XrOgPxao/nVT98uuRni44Pgk7/Dtzmrj2M3xuCpwf4/AObM8THbyFK91qp2/KqOVzXcTREBDPk2a/MLJyKoj3UBxTQL_A/X7UaZ2CFjWECMfhc/tGP0wri51jdhkVTH/bkiMjJI57F1IYU2-/lxpDUguBuevV-Qbi/us9NZYluO4bgxiiz/YXXjAtM8xJzi0yB7/jyIKa8AaGe73gtsc/HU8fsThO0i4.webp,https://imgproxy.fourthwall.dev/dBldh2lMZ5sm95MESEOYDHyngSjhYOQqUUiErFBFBWA/w:1920/sm:1/enc/LWRcWnK2Q61hqAk9/vR7oAhes5G5NdeY_/i2-bE8FZDn8qLTaR/PLKYgzZntCuPy1NZ/4z6XMF7wtJ3tFzu9/_68BPa75NdJgTT96/aA-wdiySVcYmCt9j/-PNCcAA4A9CrH8Va/VqWXaC6yc-HgKHPu/-qE8rEdFhJWhIC03/0wQqXoM47ZFu8jUF/3plMW7lejpvIIfPV/GE-QsqjszONqmacX/3zFkW0Dl260zxHOE/D5H40pRz8Bo.webp,https://imgproxy.fourthwall.dev/4rVPVFoRWEb8G4sWuiTEEiZ3N5vPReEyRLFaXJIfpiU/w:1920/sm:1/enc/PuHiEEUvqQP1bJZS/7SRFffwu9-Nwjvj7/Fgcx8_nYf0dT8Zji/sYRXErBSIDuU5fg9/XI2V6ATKKyZMtpDS/Goll0PBIotKEaOLS/5oO0d3cm6YhsDQ02/S8fGAxm6Y8TUkDyM/hwR0NrE-2gN8VR-c/K4B_vU7TdFpvMBR5/-gLvkwkK3E44ILEn/L-afh8KEsKhjJ5Bx/DOXfai-TmxXXvA0K/lxwJ4TRIpDunBB_z/-4ssT93kUCY.webp",Bay,4XL,unisex,adult,hot-girls-hit-legs-oversized-gym-tee,Bay
1RDL-5N2P00S,"Hot Girls Hit Legs Oversized Gym Tee | Pump Cover — Ivory, S","Never skip leg day. Elegant script, a bow-tied barbell and Leg Day Society in fine print. A leg day shirt with a wink — for squats, lunges and everything that comes after. An oversized gym shirt with the print on the back and a clean front. Heavyweight, garment-dyed cotton that feels broken-in from the first wear. Wear it as a pump cover over your sports bra or tank, with bike shorts for an easy gym outfit, or style it as an oversized graphic tee outside the gym. Details Back print onlyComfort Colors 1717, 100% ring-spun cotton, 6.1 oz heavyweightGarment-dyed for a soft, slightly vintage finishRelaxed unisex fit, US sizingPrinted to orderFit: relaxed. For the oversized look, size up 1–2 — see the size guide in the photos. Care: wash cold, inside out, with like colors. Tumble dry low.",https://aesthwear.com/products/hot-girls-hit-legs-oversized-gym-tee?utm_source=pinterest&utm_medium=catalog&utm_campaign=pinterest-catalog&utm_content=hot-girls-hit-legs-oversized-gym-tee,https://meakamst-stack.github.io/aesth-pinterest-feed/pins/hot-girls-01/hot-girls-01-tee-ivory-gym-v1.jpg,34.00 USD,in stock,new,AESTH.,Apparel & Accessories > Clothing > Shirts & Tops,hot-girls-hit-legs-oversized-gym-tee,"https://meakamst-stack.github.io/aesth-pinterest-feed/pins/hot-girls-01/hot-girls-01-tee-ivory-straat-v1.jpg,https://meakamst-stack.github.io/aesth-pinterest-feed/pins/hot-girls-01/hot-girls-01-tee-ivory-studio-v1.jpg,https://imgproxy.fourthwall.dev/O6kcUM-YM3hl_5MQk5iTv4_h0TL72ReYdmYMDsA7h58/w:1920/sm:1/enc/9rkdQvYv42_lGBK7/Q-TnO72Z_tpaOiPf/wv82NGTYtSRDBuoA/FQswQclFhSjo4_dm/Aze3m7qVE695D8nS/sjJrtrrLqGel_nEF/xOpSjro4a6k7bJA3/Y3Uv2c1hi5k3pwBg/UA7j_9FwjZUu82h1/xkli6ob1WLhKq2oi/2RuV0ycBbLoFko38/mHdYAXBRXHxOLzrn/GQRqqIvzYXQNGS0s/O3pkLsOzmiEnlabu/5tE62QJe-WU.webp,https://imgproxy.fourthwall.dev/-fVs7SNIfzwUlJ8HskacKAPpUDryx3Oj5RkxS_8sZLo/w:1920/sm:1/enc/UgOW2hsCs1fK8i1V/STlfSDU_B4s3xitk/itjUHgAZRnSA9fcX/MWt-H7Mg5sXlU_w5/lWl6QvkU5C1O9C4v/bIwIekcug25PRijG/mcGMVIg3GEs6k2S6/J93deaIRctYyTNFY/OSARQAiHQ9E2bbNB/BE5COCfKAdnJtotM/MUyvdara8NYA1VKu/kPWAK9qmJCrNnxQZ/8x4f0VMakaJF-40p/HBtVOutA95XmTRVC/MJR_eojwWRQ.webp,https://imgproxy.fourthwall.dev/tXPJjZ6TpQp1Y3Dwg1OBWqJIDUZzQvkCLD9aXNOlA7Q/w:1920/sm:1/enc/Q6kRskywerja9Dq_/vJyUGHBQi3qB93B-/27Gfy_D8flAnJKVD/KKiu7SZc6JA13Y4R/S73XgC_zSRsEpIag/UAyYtIRMsOLa2nD6/45ggW3xQ22kuCFgO/6gs9UV0fgxHseskC/tFyTr9tuA82ZzNsh/uLoheXkyl6HCLGiH/h-z52QnMMSXM5dTo/kfvKgjJbrUiR5tlr/0a0ts0O6y4Vyh0jD/hV7G9tVVQ6-6k1yz/OxwUFaFC3uU.webp",Ivory,S,unisex,adult,hot-girls-hit-legs-oversized-gym-tee,Ivory
1RDL-TT5P00M,"Hot Girls Hit Legs Oversized Gym Tee | Pump Cover — Ivory, M","Never skip leg day. Elegant script, a bow-tied barbell and Leg Day Society in fine print. A leg day shirt with a wink — for squats, lunges and everything that comes after. An oversized gym shirt with the print on the back and a clean front. Heavyweight, garment-dyed cotton that feels broken-in from the first wear. Wear it as a pump cover over your sports bra or tank, with bike shorts for an easy gym outfit, or style it as an oversized graphic tee outside the gym. Details Back print onlyComfort Colors 1717, 100% ring-spun cotton, 6.1 oz heavyweightGarment-dyed for a soft, slightly vintage finishRelaxed unisex fit, US sizingPrinted to orderFit: relaxed. For the oversized look, size up 1–2 — see the size guide in the photos. Care: wash cold, inside out, with like colors. Tumble dry low.",https://aesthwear.com/products/hot-girls-hit-legs-oversized-gym-tee?utm_source=pinterest&utm_medium=catalog&utm_campaign=pinterest-catalog&utm_content=hot-girls-hit-legs-oversized-gym-tee,https://meakamst-stack.github.io/aesth-pinterest-feed/pins/hot-girls-01/hot-girls-01-tee-ivory-gym-v1.jpg,34.00 USD,in stock,new,AESTH.,Apparel & Accessories > Clothing > Shirts & Tops,hot-girls-hit-legs-oversized-gym-tee,"https://meakamst-stack.github.io/aesth-pinterest-feed/pins/hot-girls-01/hot-girls-01-tee-ivory-straat-v1.jpg,https://meakamst-stack.github.io/aesth-pinterest-feed/pins/hot-girls-01/hot-girls-01-tee-ivory-studio-v1.jpg,https://imgproxy.fourthwall.dev/O6kcUM-YM3hl_5MQk5iTv4_h0TL72ReYdmYMDsA7h58/w:1920/sm:1/enc/9rkdQvYv42_lGBK7/Q-TnO72Z_tpaOiPf/wv82NGTYtSRDBuoA/FQswQclFhSjo4_dm/Aze3m7qVE695D8nS/sjJrtrrLqGel_nEF/xOpSjro4a6k7bJA3/Y3Uv2c1hi5k3pwBg/UA7j_9FwjZUu82h1/xkli6ob1WLhKq2oi/2RuV0ycBbLoFko38/mHdYAXBRXHxOLzrn/GQRqqIvzYXQNGS0s/O3pkLsOzmiEnlabu/5tE62QJe-WU.webp,https://imgproxy.fourthwall.dev/-fVs7SNIfzwUlJ8HskacKAPpUDryx3Oj5RkxS_8sZLo/w:1920/sm:1/enc/UgOW2hsCs1fK8i1V/STlfSDU_B4s3xitk/itjUHgAZRnSA9fcX/MWt-H7Mg5sXlU_w5/lWl6QvkU5C1O9C4v/bIwIekcug25PRijG/mcGMVIg3GEs6k2S6/J93deaIRctYyTNFY/OSARQAiHQ9E2bbNB/BE5COCfKAdnJtotM/MUyvdara8NYA1VKu/kPWAK9qmJCrNnxQZ/8x4f0VMakaJF-40p/HBtVOutA95XmTRVC/MJR_eojwWRQ.webp,https://imgproxy.fourthwall.dev/tXPJjZ6TpQp1Y3Dwg1OBWqJIDUZzQvkCLD9aXNOlA7Q/w:1920/sm:1/enc/Q6kRskywerja9Dq_/vJyUGHBQi3qB93B-/27Gfy_D8flAnJKVD/KKiu7SZc6JA13Y4R/S73XgC_zSRsEpIag/UAyYtIRMsOLa2nD6/45ggW3xQ22kuCFgO/6gs9UV0fgxHseskC/tFyTr9tuA82ZzNsh/uLoheXkyl6HCLGiH/h-z52QnMMSXM5dTo/kfvKgjJbrUiR5tlr/0a0ts0O6y4Vyh0jD/hV7G9tVVQ6-6k1yz/OxwUFaFC3uU.webp",Ivory,M,unisex,adult,hot-girls-hit-legs-oversized-gym-tee,Ivory
1RDL-89CP00L,"Hot Girls Hit Legs Oversized Gym Tee | Pump Cover — Ivory, L","Never skip leg day. Elegant script, a bow-tied barbell and Leg Day Society in fine print. A leg day shirt with a wink — for squats, lunges and everything that comes after. An oversized gym shirt with the print on the back and a clean front. Heavyweight, garment-dyed cotton that feels broken-in from the first wear. Wear it as a pump cover over your sports bra or tank, with bike shorts for an easy gym outfit, or style it as an oversized graphic tee outside the gym. Details Back print onlyComfort Colors 1717, 100% ring-spun cotton, 6.1 oz heavyweightGarment-dyed for a soft, slightly vintage finishRelaxed unisex fit, US sizingPrinted to orderFit: relaxed. For the oversized look, size up 1–2 — see the size guide in the photos. Care: wash cold, inside out, with like colors. Tumble dry low.",https://aesthwear.com/products/hot-girls-hit-legs-oversized-gym-tee?utm_source=pinterest&utm_medium=catalog&utm_campaign=pinterest-catalog&utm_content=hot-girls-hit-legs-oversized-gym-tee,https://meakamst-stack.github.io/aesth-pinterest-feed/pins/hot-girls-01/hot-girls-01-tee-ivory-gym-v1.jpg,34.00 USD,in stock,new,AESTH.,Apparel & Accessories > Clothing > Shirts & Tops,hot-girls-hit-legs-oversized-gym-tee,"https://meakamst-stack.github.io/aesth-pinterest-feed/pins/hot-girls-01/hot-girls-01-tee-ivory-straat-v1.jpg,https://meakamst-stack.github.io/aesth-pinterest-feed/pins/hot-girls-01/hot-girls-01-tee-ivory-studio-v1.jpg,https://imgproxy.fourthwall.dev/O6kcUM-YM3hl_5MQk5iTv4_h0TL72ReYdmYMDsA7h58/w:1920/sm:1/enc/9rkdQvYv42_lGBK7/Q-TnO72Z_tpaOiPf/wv82NGTYtSRDBuoA/FQswQclFhSjo4_dm/Aze3m7qVE695D8nS/sjJrtrrLqGel_nEF/xOpSjro4a6k7bJA3/Y3Uv2c1hi5k3pwBg/UA7j_9FwjZUu82h1/xkli6ob1WLhKq2oi/2RuV0ycBbLoFko38/mHdYAXBRXHxOLzrn/GQRqqIvzYXQNGS0s/O3pkLsOzmiEnlabu/5tE62QJe-WU.webp,https://imgproxy.fourthwall.dev/-fVs7SNIfzwUlJ8HskacKAPpUDryx3Oj5RkxS_8sZLo/w:1920/sm:1/enc/UgOW2hsCs1fK8i1V/STlfSDU_B4s3xitk/itjUHgAZRnSA9fcX/MWt-H7Mg5sXlU_w5/lWl6QvkU5C1O9C4v/bIwIekcug25PRijG/mcGMVIg3GEs6k2S6/J93deaIRctYyTNFY/OSARQAiHQ9E2bbNB/BE5COCfKAdnJtotM/MUyvdara8NYA1VKu/kPWAK9qmJCrNnxQZ/8x4f0VMakaJF-40p/HBtVOutA95XmTRVC/MJR_eojwWRQ.webp,https://imgproxy.fourthwall.dev/tXPJjZ6TpQp1Y3Dwg1OBWqJIDUZzQvkCLD9aXNOlA7Q/w:1920/sm:1/enc/Q6kRskywerja9Dq_/vJyUGHBQi3qB93B-/27Gfy_D8flAnJKVD/KKiu7SZc6JA13Y4R/S73XgC_zSRsEpIag/UAyYtIRMsOLa2nD6/45ggW3xQ22kuCFgO/6gs9UV0fgxHseskC/tFyTr9tuA82ZzNsh/uLoheXkyl6HCLGiH/h-z52QnMMSXM5dTo/kfvKgjJbrUiR5tlr/0a0ts0O6y4Vyh0jD/hV7G9tVVQ6-6k1yz/OxwUFaFC3uU.webp",Ivory,L,unisex,adult,hot-girls-hit-legs-oversized-gym-tee,Ivory
1RDL-VVYP0XL,"Hot Girls Hit Legs Oversized Gym Tee | Pump Cover — Ivory, XL","Never skip leg day. Elegant script, a bow-tied barbell and Leg Day Society in fine print. A leg day shirt with a wink — for squats, lunges and everything that comes after. An oversized gym shirt with the print on the back and a clean front. Heavyweight, garment-dyed cotton that feels broken-in from the first wear. Wear it as a pump cover over your sports bra or tank, with bike shorts for an easy gym outfit, or style it as an oversized graphic tee outside the gym. Details Back print onlyComfort Colors 1717, 100% ring-spun cotton, 6.1 oz heavyweightGarment-dyed for a soft, slightly vintage finishRelaxed unisex fit, US sizingPrinted to orderFit: relaxed. For the oversized look, size up 1–2 — see the size guide in the photos. Care: wash cold, inside out, with like colors. Tumble dry low.",https://aesthwear.com/products/hot-girls-hit-legs-oversized-gym-tee?utm_source=pinterest&utm_medium=catalog&utm_campaign=pinterest-catalog&utm_content=hot-girls-hit-legs-oversized-gym-tee,https://meakamst-stack.github.io/aesth-pinterest-feed/pins/hot-girls-01/hot-girls-01-tee-ivory-gym-v1.jpg,34.00 USD,in stock,new,AESTH.,Apparel & Accessories > Clothing > Shirts & Tops,hot-girls-hit-legs-oversized-gym-tee,"https://meakamst-stack.github.io/aesth-pinterest-feed/pins/hot-girls-01/hot-girls-01-tee-ivory-straat-v1.jpg,https://meakamst-stack.github.io/aesth-pinterest-feed/pins/hot-girls-01/hot-girls-01-tee-ivory-studio-v1.jpg,https://imgproxy.fourthwall.dev/O6kcUM-YM3hl_5MQk5iTv4_h0TL72ReYdmYMDsA7h58/w:1920/sm:1/enc/9rkdQvYv42_lGBK7/Q-TnO72Z_tpaOiPf/wv82NGTYtSRDBuoA/FQswQclFhSjo4_dm/Aze3m7qVE695D8nS/sjJrtrrLqGel_nEF/xOpSjro4a6k7bJA3/Y3Uv2c1hi5k3pwBg/UA7j_9FwjZUu82h1/xkli6ob1WLhKq2oi/2RuV0ycBbLoFko38/mHdYAXBRXHxOLzrn/GQRqqIvzYXQNGS0s/O3pkLsOzmiEnlabu/5tE62QJe-WU.webp,https://imgproxy.fourthwall.dev/-fVs7SNIfzwUlJ8HskacKAPpUDryx3Oj5RkxS_8sZLo/w:1920/sm:1/enc/UgOW2hsCs1fK8i1V/STlfSDU_B4s3xitk/itjUHgAZRnSA9fcX/MWt-H7Mg5sXlU_w5/lWl6QvkU5C1O9C4v/bIwIekcug25PRijG/mcGMVIg3GEs6k2S6/J93deaIRctYyTNFY/OSARQAiHQ9E2bbNB/BE5COCfKAdnJtotM/MUyvdara8NYA1VKu/kPWAK9qmJCrNnxQZ/8x4f0VMakaJF-40p/HBtVOutA95XmTRVC/MJR_eojwWRQ.webp,https://imgproxy.fourthwall.dev/tXPJjZ6TpQp1Y3Dwg1OBWqJIDUZzQvkCLD9aXNOlA7Q/w:1920/sm:1/enc/Q6kRskywerja9Dq_/vJyUGHBQi3qB93B-/27Gfy_D8flAnJKVD/KKiu7SZc6JA13Y4R/S73XgC_zSRsEpIag/UAyYtIRMsOLa2nD6/45ggW3xQ22kuCFgO/6gs9UV0fgxHseskC/tFyTr9tuA82ZzNsh/uLoheXkyl6HCLGiH/h-z52QnMMSXM5dTo/kfvKgjJbrUiR5tlr/0a0ts0O6y4Vyh0jD/hV7G9tVVQ6-6k1yz/OxwUFaFC3uU.webp",Ivory,XL,unisex,adult,hot-girls-hit-legs-oversized-gym-tee,Ivory
1RDL-3GFP02X,"Hot Girls Hit Legs Oversized Gym Tee | Pump Cover — Ivory, 2XL","Never skip leg day. Elegant script, a bow-tied barbell and Leg Day Society in fine print. A leg day shirt with a wink — for squats, lunges and everything that comes after. An oversized gym shirt with the print on the back and a clean front. Heavyweight, garment-dyed cotton that feels broken-in from the first wear. Wear it as a pump cover over your sports bra or tank, with bike shorts for an easy gym outfit, or style it as an oversized graphic tee outside the gym. Details Back print onlyComfort Colors 1717, 100% ring-spun cotton, 6.1 oz heavyweightGarment-dyed for a soft, slightly vintage finishRelaxed unisex fit, US sizingPrinted to orderFit: relaxed. For the oversized look, size up 1–2 — see the size guide in the photos. Care: wash cold, inside out, with like colors. Tumble dry low.",https://aesthwear.com/products/hot-girls-hit-legs-oversized-gym-tee?utm_source=pinterest&utm_medium=catalog&utm_campaign=pinterest-catalog&utm_content=hot-girls-hit-legs-oversized-gym-tee,https://meakamst-stack.github.io/aesth-pinterest-feed/pins/hot-girls-01/hot-girls-01-tee-ivory-gym-v1.jpg,36.00 USD,in stock,new,AESTH.,Apparel & Accessories > Clothing > Shirts & Tops,hot-girls-hit-legs-oversized-gym-tee,"https://meakamst-stack.github.io/aesth-pinterest-feed/pins/hot-girls-01/hot-girls-01-tee-ivory-straat-v1.jpg,https://meakamst-stack.github.io/aesth-pinterest-feed/pins/hot-girls-01/hot-girls-01-tee-ivory-studio-v1.jpg,https://imgproxy.fourthwall.dev/O6kcUM-YM3hl_5MQk5iTv4_h0TL72ReYdmYMDsA7h58/w:1920/sm:1/enc/9rkdQvYv42_lGBK7/Q-TnO72Z_tpaOiPf/wv82NGTYtSRDBuoA/FQswQclFhSjo4_dm/Aze3m7qVE695D8nS/sjJrtrrLqGel_nEF/xOpSjro4a6k7bJA3/Y3Uv2c1hi5k3pwBg/UA7j_9FwjZUu82h1/xkli6ob1WLhKq2oi/2RuV0ycBbLoFko38/mHdYAXBRXHxOLzrn/GQRqqIvzYXQNGS0s/O3pkLsOzmiEnlabu/5tE62QJe-WU.webp,https://imgproxy.fourthwall.dev/-fVs7SNIfzwUlJ8HskacKAPpUDryx3Oj5RkxS_8sZLo/w:1920/sm:1/enc/UgOW2hsCs1fK8i1V/STlfSDU_B4s3xitk/itjUHgAZRnSA9fcX/MWt-H7Mg5sXlU_w5/lWl6QvkU5C1O9C4v/bIwIekcug25PRijG/mcGMVIg3GEs6k2S6/J93deaIRctYyTNFY/OSARQAiHQ9E2bbNB/BE5COCfKAdnJtotM/MUyvdara8NYA1VKu/kPWAK9qmJCrNnxQZ/8x4f0VMakaJF-40p/HBtVOutA95XmTRVC/MJR_eojwWRQ.webp,https://imgproxy.fourthwall.dev/tXPJjZ6TpQp1Y3Dwg1OBWqJIDUZzQvkCLD9aXNOlA7Q/w:1920/sm:1/enc/Q6kRskywerja9Dq_/vJyUGHBQi3qB93B-/27Gfy_D8flAnJKVD/KKiu7SZc6JA13Y4R/S73XgC_zSRsEpIag/UAyYtIRMsOLa2nD6/45ggW3xQ22kuCFgO/6gs9UV0fgxHseskC/tFyTr9tuA82ZzNsh/uLoheXkyl6HCLGiH/h-z52QnMMSXM5dTo/kfvKgjJbrUiR5tlr/0a0ts0O6y4Vyh0jD/hV7G9tVVQ6-6k1yz/OxwUFaFC3uU.webp",Ivory,2XL,unisex,adult,hot-girls-hit-legs-oversized-gym-tee,Ivory
1RDL-YFTP03X,"Hot Girls Hit Legs Oversized Gym Tee | Pump Cover — Ivory, 3XL","Never skip leg day. Elegant script, a bow-tied barbell and Leg Day Society in fine print. A leg day shirt with a wink — for squats, lunges and everything that comes after. An oversized gym shirt with the print on the back and a clean front. Heavyweight, garment-dyed cotton that feels broken-in from the first wear. Wear it as a pump cover over your sports bra or tank, with bike shorts for an easy gym outfit, or style it as an oversized graphic tee outside the gym. Details Back print onlyComfort Colors 1717, 100% ring-spun cotton, 6.1 oz heavyweightGarment-dyed for a soft, slightly vintage finishRelaxed unisex fit, US sizingPrinted to orderFit: relaxed. For the oversized look, size up 1–2 — see the size guide in the photos. Care: wash cold, inside out, with like colors. Tumble dry low.",https://aesthwear.com/products/hot-girls-hit-legs-oversized-gym-tee?utm_source=pinterest&utm_medium=catalog&utm_campaign=pinterest-catalog&utm_content=hot-girls-hit-legs-oversized-gym-tee,https://meakamst-stack.github.io/aesth-pinterest-feed/pins/hot-girls-01/hot-girls-01-tee-ivory-gym-v1.jpg,38.00 USD,in stock,new,AESTH.,Apparel & Accessories > Clothing > Shirts & Tops,hot-girls-hit-legs-oversized-gym-tee,"https://meakamst-stack.github.io/aesth-pinterest-feed/pins/hot-girls-01/hot-girls-01-tee-ivory-straat-v1.jpg,https://meakamst-stack.github.io/aesth-pinterest-feed/pins/hot-girls-01/hot-girls-01-tee-ivory-studio-v1.jpg,https://imgproxy.fourthwall.dev/O6kcUM-YM3hl_5MQk5iTv4_h0TL72ReYdmYMDsA7h58/w:1920/sm:1/enc/9rkdQvYv42_lGBK7/Q-TnO72Z_tpaOiPf/wv82NGTYtSRDBuoA/FQswQclFhSjo4_dm/Aze3m7qVE695D8nS/sjJrtrrLqGel_nEF/xOpSjro4a6k7bJA3/Y3Uv2c1hi5k3pwBg/UA7j_9FwjZUu82h1/xkli6ob1WLhKq2oi/2RuV0ycBbLoFko38/mHdYAXBRXHxOLzrn/GQRqqIvzYXQNGS0s/O3pkLsOzmiEnlabu/5tE62QJe-WU.webp,https://imgproxy.fourthwall.dev/-fVs7SNIfzwUlJ8HskacKAPpUDryx3Oj5RkxS_8sZLo/w:1920/sm:1/enc/UgOW2hsCs1fK8i1V/STlfSDU_B4s3xitk/itjUHgAZRnSA9fcX/MWt-H7Mg5sXlU_w5/lWl6QvkU5C1O9C4v/bIwIekcug25PRijG/mcGMVIg3GEs6k2S6/J93deaIRctYyTNFY/OSARQAiHQ9E2bbNB/BE5COCfKAdnJtotM/MUyvdara8NYA1VKu/kPWAK9qmJCrNnxQZ/8x4f0VMakaJF-40p/HBtVOutA95XmTRVC/MJR_eojwWRQ.webp,https://imgproxy.fourthwall.dev/tXPJjZ6TpQp1Y3Dwg1OBWqJIDUZzQvkCLD9aXNOlA7Q/w:1920/sm:1/enc/Q6kRskywerja9Dq_/vJyUGHBQi3qB93B-/27Gfy_D8flAnJKVD/KKiu7SZc6JA13Y4R/S73XgC_zSRsEpIag/UAyYtIRMsOLa2nD6/45ggW3xQ22kuCFgO/6gs9UV0fgxHseskC/tFyTr9tuA82ZzNsh/uLoheXkyl6HCLGiH/h-z52QnMMSXM5dTo/kfvKgjJbrUiR5tlr/0a0ts0O6y4Vyh0jD/hV7G9tVVQ6-6k1yz/OxwUFaFC3uU.webp",Ivory,3XL,unisex,adult,hot-girls-hit-legs-oversized-gym-tee,Ivory
1RDL-RS0P04X,"Hot Girls Hit Legs Oversized Gym Tee | Pump Cover — Ivory, 4XL","Never skip leg day. Elegant script, a bow-tied barbell and Leg Day Society in fine print. A leg day shirt with a wink — for squats, lunges and everything that comes after. An oversized gym shirt with the print on the back and a clean front. Heavyweight, garment-dyed cotton that feels broken-in from the first wear. Wear it as a pump cover over your sports bra or tank, with bike shorts for an easy gym outfit, or style it as an oversized graphic tee outside the gym. Details Back print onlyComfort Colors 1717, 100% ring-spun cotton, 6.1 oz heavyweightGarment-dyed for a soft, slightly vintage finishRelaxed unisex fit, US sizingPrinted to orderFit: relaxed. For the oversized look, size up 1–2 — see the size guide in the photos. Care: wash cold, inside out, with like colors. Tumble dry low.",https://aesthwear.com/products/hot-girls-hit-legs-oversized-gym-tee?utm_source=pinterest&utm_medium=catalog&utm_campaign=pinterest-catalog&utm_content=hot-girls-hit-legs-oversized-gym-tee,https://meakamst-stack.github.io/aesth-pinterest-feed/pins/hot-girls-01/hot-girls-01-tee-ivory-gym-v1.jpg,40.00 USD,in stock,new,AESTH.,Apparel & Accessories > Clothing > Shirts & Tops,hot-girls-hit-legs-oversized-gym-tee,"https://meakamst-stack.github.io/aesth-pinterest-feed/pins/hot-girls-01/hot-girls-01-tee-ivory-straat-v1.jpg,https://meakamst-stack.github.io/aesth-pinterest-feed/pins/hot-girls-01/hot-girls-01-tee-ivory-studio-v1.jpg,https://imgproxy.fourthwall.dev/O6kcUM-YM3hl_5MQk5iTv4_h0TL72ReYdmYMDsA7h58/w:1920/sm:1/enc/9rkdQvYv42_lGBK7/Q-TnO72Z_tpaOiPf/wv82NGTYtSRDBuoA/FQswQclFhSjo4_dm/Aze3m7qVE695D8nS/sjJrtrrLqGel_nEF/xOpSjro4a6k7bJA3/Y3Uv2c1hi5k3pwBg/UA7j_9FwjZUu82h1/xkli6ob1WLhKq2oi/2RuV0ycBbLoFko38/mHdYAXBRXHxOLzrn/GQRqqIvzYXQNGS0s/O3pkLsOzmiEnlabu/5tE62QJe-WU.webp,https://imgproxy.fourthwall.dev/-fVs7SNIfzwUlJ8HskacKAPpUDryx3Oj5RkxS_8sZLo/w:1920/sm:1/enc/UgOW2hsCs1fK8i1V/STlfSDU_B4s3xitk/itjUHgAZRnSA9fcX/MWt-H7Mg5sXlU_w5/lWl6QvkU5C1O9C4v/bIwIekcug25PRijG/mcGMVIg3GEs6k2S6/J93deaIRctYyTNFY/OSARQAiHQ9E2bbNB/BE5COCfKAdnJtotM/MUyvdara8NYA1VKu/kPWAK9qmJCrNnxQZ/8x4f0VMakaJF-40p/HBtVOutA95XmTRVC/MJR_eojwWRQ.webp,https://imgproxy.fourthwall.dev/tXPJjZ6TpQp1Y3Dwg1OBWqJIDUZzQvkCLD9aXNOlA7Q/w:1920/sm:1/enc/Q6kRskywerja9Dq_/vJyUGHBQi3qB93B-/27Gfy_D8flAnJKVD/KKiu7SZc6JA13Y4R/S73XgC_zSRsEpIag/UAyYtIRMsOLa2nD6/45ggW3xQ22kuCFgO/6gs9UV0fgxHseskC/tFyTr9tuA82ZzNsh/uLoheXkyl6HCLGiH/h-z52QnMMSXM5dTo/kfvKgjJbrUiR5tlr/0a0ts0O6y4Vyh0jD/hV7G9tVVQ6-6k1yz/OxwUFaFC3uU.webp",Ivory,4XL,unisex,adult,hot-girls-hit-legs-oversized-gym-tee,Ivory
1DFK-HS6M00S,"Strong Is the New Pretty Oversized Gym Tee | Pump Cover — Bay, S","Strong is the new pretty. A flexing silhouette in soft pink, framed by bold type and a hand-lettered Pretty. One of those gym shirts for women that celebrates every rep that made you stronger. An oversized gym shirt with the print on the back and a clean front. Heavyweight, garment-dyed cotton that feels broken-in from the first wear. Wear it as a pump cover over your sports bra or tank, with bike shorts for an easy gym outfit, or style it as an oversized graphic tee outside the gym. Details Back print onlyComfort Colors 1717, 100% ring-spun cotton, 6.1 oz heavyweightGarment-dyed for a soft, slightly vintage finishRelaxed unisex fit, US sizingPrinted to orderFit: relaxed. For the oversized look, size up 1–2 — see the size guide in the photos. Care: wash cold, inside out, with like colors. Tumble dry low.",https://aesthwear.com/products/strong-is-the-new-pretty-oversized-gym-tee?utm_source=pinterest&utm_medium=catalog&utm_campaign=pinterest-catalog&utm_content=strong-is-the-new-pretty-oversized-gym-tee,https://meakamst-stack.github.io/aesth-pinterest-feed/pins/strong-pretty-01/strong-pretty-01-tee-bay-gym-v1.jpg,34.00 USD,in stock,new,AESTH.,Apparel & Accessories > Clothing > Shirts & Tops,strong-is-the-new-pretty-oversized-gym-tee,"https://meakamst-stack.github.io/aesth-pinterest-feed/pins/strong-pretty-01/strong-pretty-01-tee-bay-straat-v1.jpg,https://meakamst-stack.github.io/aesth-pinterest-feed/pins/strong-pretty-01/strong-pretty-01-tee-bay-studio-v1.jpg,https://imgproxy.fourthwall.dev/nnOofSa2iLDP9FT3UeXsJ3x0NVv4ZVuYPNz1GTUSsw0/w:1920/sm:1/enc/P3HvNDaEg6DzZuxB/kSBwTLTnonQehVDx/xcto68wXBX0SpBku/kMnI6_WnHRsax7Tl/b4c4jsBiCHpHxE5z/bYS5MenLDH7hdY2D/NKuzAGaZwKjD_kcj/J3W00qvzIY51r3ow/twMYlJEL0YHK-UcM/rZHsv86l9WPI-OV6/6JBc9hg9kmjyaq5F/hRVU7qY2gNETdsqA/0tP0Xo1OwAmn3MlH/DmLDvNQjYkilyX8g/Xl3pOkPNXBU.webp,https://imgproxy.fourthwall.dev/ZDxbkuQdXlhc_NoL2OxR9nXQ62HGDPjCK5XlxLfnHtM/w:1920/sm:1/enc/JTon6SFxbJXOjpoo/tGlgsUtrqvGw6Qtn/p1JQpItQp5Fjotkb/NAzR-0XnFSvU9q9-/U-i70qtEXDAGKi2Y/IUDA-8xxqbzlQhGP/XZXU2-3Rl8215jpN/aYWAgzyoAumKPkEz/wKDpYrrVkbJ_lmQA/ElcQSML271dF1irn/qpMVwiqvaeFUCbqc/akYXS0M8Z18UXD5m/zun2L71QPZUtw0AV/Tl75B_MTTiIsHlfs/jDs9rKes1V4.webp,https://imgproxy.fourthwall.dev/A3aF3JCdUkgmrS1iLnKkoYeUTOhXcfSyBuYLb5Mx-D8/w:1920/sm:1/enc/SMcykHMTNRJGIiy5/KK9K4uDSZWYhie__/5P9RX0ws3gQ5m6Z8/SFL-Tgm4IsYIAs6u/x4GNKcYDWe-E4w8c/q0l93EExy49HefV4/Z57XeYJX5GBlDzrs/QEK4QkYMTuw4uHoB/a5XE9byF5O3Q3Loo/w9gkltA0koDT4sXL/VcSxigPqFx5RhEi4/AVbsSOmwrSebrt1V/MeqIZNOCkCT3PtpR/fOjwpyN9LcZK7h2l/maSDh61TDD0.webp",Bay,S,unisex,adult,strong-is-the-new-pretty-oversized-gym-tee,Bay
1DFK-XMFM00M,"Strong Is the New Pretty Oversized Gym Tee | Pump Cover — Bay, M","Strong is the new pretty. A flexing silhouette in soft pink, framed by bold type and a hand-lettered Pretty. One of those gym shirts for women that celebrates every rep that made you stronger. An oversized gym shirt with the print on the back and a clean front. Heavyweight, garment-dyed cotton that feels broken-in from the first wear. Wear it as a pump cover over your sports bra or tank, with bike shorts for an easy gym outfit, or style it as an oversized graphic tee outside the gym. Details Back print onlyComfort Colors 1717, 100% ring-spun cotton, 6.1 oz heavyweightGarment-dyed for a soft, slightly vintage finishRelaxed unisex fit, US sizingPrinted to orderFit: relaxed. For the oversized look, size up 1–2 — see the size guide in the photos. Care: wash cold, inside out, with like colors. Tumble dry low.",https://aesthwear.com/products/strong-is-the-new-pretty-oversized-gym-tee?utm_source=pinterest&utm_medium=catalog&utm_campaign=pinterest-catalog&utm_content=strong-is-the-new-pretty-oversized-gym-tee,https://meakamst-stack.github.io/aesth-pinterest-feed/pins/strong-pretty-01/strong-pretty-01-tee-bay-gym-v1.jpg,34.00 USD,in stock,new,AESTH.,Apparel & Accessories > Clothing > Shirts & Tops,strong-is-the-new-pretty-oversized-gym-tee,"https://meakamst-stack.github.io/aesth-pinterest-feed/pins/strong-pretty-01/strong-pretty-01-tee-bay-straat-v1.jpg,https://meakamst-stack.github.io/aesth-pinterest-feed/pins/strong-pretty-01/strong-pretty-01-tee-bay-studio-v1.jpg,https://imgproxy.fourthwall.dev/nnOofSa2iLDP9FT3UeXsJ3x0NVv4ZVuYPNz1GTUSsw0/w:1920/sm:1/enc/P3HvNDaEg6DzZuxB/kSBwTLTnonQehVDx/xcto68wXBX0SpBku/kMnI6_WnHRsax7Tl/b4c4jsBiCHpHxE5z/bYS5MenLDH7hdY2D/NKuzAGaZwKjD_kcj/J3W00qvzIY51r3ow/twMYlJEL0YHK-UcM/rZHsv86l9WPI-OV6/6JBc9hg9kmjyaq5F/hRVU7qY2gNETdsqA/0tP0Xo1OwAmn3MlH/DmLDvNQjYkilyX8g/Xl3pOkPNXBU.webp,https://imgproxy.fourthwall.dev/ZDxbkuQdXlhc_NoL2OxR9nXQ62HGDPjCK5XlxLfnHtM/w:1920/sm:1/enc/JTon6SFxbJXOjpoo/tGlgsUtrqvGw6Qtn/p1JQpItQp5Fjotkb/NAzR-0XnFSvU9q9-/U-i70qtEXDAGKi2Y/IUDA-8xxqbzlQhGP/XZXU2-3Rl8215jpN/aYWAgzyoAumKPkEz/wKDpYrrVkbJ_lmQA/ElcQSML271dF1irn/qpMVwiqvaeFUCbqc/akYXS0M8Z18UXD5m/zun2L71QPZUtw0AV/Tl75B_MTTiIsHlfs/jDs9rKes1V4.webp,https://imgproxy.fourthwall.dev/A3aF3JCdUkgmrS1iLnKkoYeUTOhXcfSyBuYLb5Mx-D8/w:1920/sm:1/enc/SMcykHMTNRJGIiy5/KK9K4uDSZWYhie__/5P9RX0ws3gQ5m6Z8/SFL-Tgm4IsYIAs6u/x4GNKcYDWe-E4w8c/q0l93EExy49HefV4/Z57XeYJX5GBlDzrs/QEK4QkYMTuw4uHoB/a5XE9byF5O3Q3Loo/w9gkltA0koDT4sXL/VcSxigPqFx5RhEi4/AVbsSOmwrSebrt1V/MeqIZNOCkCT3PtpR/fOjwpyN9LcZK7h2l/maSDh61TDD0.webp",Bay,M,unisex,adult,strong-is-the-new-pretty-oversized-gym-tee,Bay
1DFK-UZYM00L,"Strong Is the New Pretty Oversized Gym Tee | Pump Cover — Bay, L","Strong is the new pretty. A flexing silhouette in soft pink, framed by bold type and a hand-lettered Pretty. One of those gym shirts for women that celebrates every rep that made you stronger. An oversized gym shirt with the print on the back and a clean front. Heavyweight, garment-dyed cotton that feels broken-in from the first wear. Wear it as a pump cover over your sports bra or tank, with bike shorts for an easy gym outfit, or style it as an oversized graphic tee outside the gym. Details Back print onlyComfort Colors 1717, 100% ring-spun cotton, 6.1 oz heavyweightGarment-dyed for a soft, slightly vintage finishRelaxed unisex fit, US sizingPrinted to orderFit: relaxed. For the oversized look, size up 1–2 — see the size guide in the photos. Care: wash cold, inside out, with like colors. Tumble dry low.",https://aesthwear.com/products/strong-is-the-new-pretty-oversized-gym-tee?utm_source=pinterest&utm_medium=catalog&utm_campaign=pinterest-catalog&utm_content=strong-is-the-new-pretty-oversized-gym-tee,https://meakamst-stack.github.io/aesth-pinterest-feed/pins/strong-pretty-01/strong-pretty-01-tee-bay-gym-v1.jpg,34.00 USD,in stock,new,AESTH.,Apparel & Accessories > Clothing > Shirts & Tops,strong-is-the-new-pretty-oversized-gym-tee,"https://meakamst-stack.github.io/aesth-pinterest-feed/pins/strong-pretty-01/strong-pretty-01-tee-bay-straat-v1.jpg,https://meakamst-stack.github.io/aesth-pinterest-feed/pins/strong-pretty-01/strong-pretty-01-tee-bay-studio-v1.jpg,https://imgproxy.fourthwall.dev/nnOofSa2iLDP9FT3UeXsJ3x0NVv4ZVuYPNz1GTUSsw0/w:1920/sm:1/enc/P3HvNDaEg6DzZuxB/kSBwTLTnonQehVDx/xcto68wXBX0SpBku/kMnI6_WnHRsax7Tl/b4c4jsBiCHpHxE5z/bYS5MenLDH7hdY2D/NKuzAGaZwKjD_kcj/J3W00qvzIY51r3ow/twMYlJEL0YHK-UcM/rZHsv86l9WPI-OV6/6JBc9hg9kmjyaq5F/hRVU7qY2gNETdsqA/0tP0Xo1OwAmn3MlH/DmLDvNQjYkilyX8g/Xl3pOkPNXBU.webp,https://imgproxy.fourthwall.dev/ZDxbkuQdXlhc_NoL2OxR9nXQ62HGDPjCK5XlxLfnHtM/w:1920/sm:1/enc/JTon6SFxbJXOjpoo/tGlgsUtrqvGw6Qtn/p1JQpItQp5Fjotkb/NAzR-0XnFSvU9q9-/U-i70qtEXDAGKi2Y/IUDA-8xxqbzlQhGP/XZXU2-3Rl8215jpN/aYWAgzyoAumKPkEz/wKDpYrrVkbJ_lmQA/ElcQSML271dF1irn/qpMVwiqvaeFUCbqc/akYXS0M8Z18UXD5m/zun2L71QPZUtw0AV/Tl75B_MTTiIsHlfs/jDs9rKes1V4.webp,https://imgproxy.fourthwall.dev/A3aF3JCdUkgmrS1iLnKkoYeUTOhXcfSyBuYLb5Mx-D8/w:1920/sm:1/enc/SMcykHMTNRJGIiy5/KK9K4uDSZWYhie__/5P9RX0ws3gQ5m6Z8/SFL-Tgm4IsYIAs6u/x4GNKcYDWe-E4w8c/q0l93EExy49HefV4/Z57XeYJX5GBlDzrs/QEK4QkYMTuw4uHoB/a5XE9byF5O3Q3Loo/w9gkltA0koDT4sXL/VcSxigPqFx5RhEi4/AVbsSOmwrSebrt1V/MeqIZNOCkCT3PtpR/fOjwpyN9LcZK7h2l/maSDh61TDD0.webp",Bay,L,unisex,adult,strong-is-the-new-pretty-oversized-gym-tee,Bay
1DFK-G4AM0XL,"Strong Is the New Pretty Oversized Gym Tee | Pump Cover — Bay, XL","Strong is the new pretty. A flexing silhouette in soft pink, framed by bold type and a hand-lettered Pretty. One of those gym shirts for women that celebrates every rep that made you stronger. An oversized gym shirt with the print on the back and a clean front. Heavyweight, garment-dyed cotton that feels broken-in from the first wear. Wear it as a pump cover over your sports bra or tank, with bike shorts for an easy gym outfit, or style it as an oversized graphic tee outside the gym. Details Back print onlyComfort Colors 1717, 100% ring-spun cotton, 6.1 oz heavyweightGarment-dyed for a soft, slightly vintage finishRelaxed unisex fit, US sizingPrinted to orderFit: relaxed. For the oversized look, size up 1–2 — see the size guide in the photos. Care: wash cold, inside out, with like colors. Tumble dry low.",https://aesthwear.com/products/strong-is-the-new-pretty-oversized-gym-tee?utm_source=pinterest&utm_medium=catalog&utm_campaign=pinterest-catalog&utm_content=strong-is-the-new-pretty-oversized-gym-tee,https://meakamst-stack.github.io/aesth-pinterest-feed/pins/strong-pretty-01/strong-pretty-01-tee-bay-gym-v1.jpg,34.00 USD,in stock,new,AESTH.,Apparel & Accessories > Clothing > Shirts & Tops,strong-is-the-new-pretty-oversized-gym-tee,"https://meakamst-stack.github.io/aesth-pinterest-feed/pins/strong-pretty-01/strong-pretty-01-tee-bay-straat-v1.jpg,https://meakamst-stack.github.io/aesth-pinterest-feed/pins/strong-pretty-01/strong-pretty-01-tee-bay-studio-v1.jpg,https://imgproxy.fourthwall.dev/nnOofSa2iLDP9FT3UeXsJ3x0NVv4ZVuYPNz1GTUSsw0/w:1920/sm:1/enc/P3HvNDaEg6DzZuxB/kSBwTLTnonQehVDx/xcto68wXBX0SpBku/kMnI6_WnHRsax7Tl/b4c4jsBiCHpHxE5z/bYS5MenLDH7hdY2D/NKuzAGaZwKjD_kcj/J3W00qvzIY51r3ow/twMYlJEL0YHK-UcM/rZHsv86l9WPI-OV6/6JBc9hg9kmjyaq5F/hRVU7qY2gNETdsqA/0tP0Xo1OwAmn3MlH/DmLDvNQjYkilyX8g/Xl3pOkPNXBU.webp,https://imgproxy.fourthwall.dev/ZDxbkuQdXlhc_NoL2OxR9nXQ62HGDPjCK5XlxLfnHtM/w:1920/sm:1/enc/JTon6SFxbJXOjpoo/tGlgsUtrqvGw6Qtn/p1JQpItQp5Fjotkb/NAzR-0XnFSvU9q9-/U-i70qtEXDAGKi2Y/IUDA-8xxqbzlQhGP/XZXU2-3Rl8215jpN/aYWAgzyoAumKPkEz/wKDpYrrVkbJ_lmQA/ElcQSML271dF1irn/qpMVwiqvaeFUCbqc/akYXS0M8Z18UXD5m/zun2L71QPZUtw0AV/Tl75B_MTTiIsHlfs/jDs9rKes1V4.webp,https://imgproxy.fourthwall.dev/A3aF3JCdUkgmrS1iLnKkoYeUTOhXcfSyBuYLb5Mx-D8/w:1920/sm:1/enc/SMcykHMTNRJGIiy5/KK9K4uDSZWYhie__/5P9RX0ws3gQ5m6Z8/SFL-Tgm4IsYIAs6u/x4GNKcYDWe-E4w8c/q0l93EExy49HefV4/Z57XeYJX5GBlDzrs/QEK4QkYMTuw4uHoB/a5XE9byF5O3Q3Loo/w9gkltA0koDT4sXL/VcSxigPqFx5RhEi4/AVbsSOmwrSebrt1V/MeqIZNOCkCT3PtpR/fOjwpyN9LcZK7h2l/maSDh61TDD0.webp",Bay,XL,unisex,adult,strong-is-the-new-pretty-oversized-gym-tee,Bay
1DFK-ZRXM02X,"Strong Is the New Pretty Oversized Gym Tee | Pump Cover — Bay, 2XL","Strong is the new pretty. A flexing silhouette in soft pink, framed by bold type and a hand-lettered Pretty. One of those gym shirts for women that celebrates every rep that made you stronger. An oversized gym shirt with the print on the back and a clean front. Heavyweight, garment-dyed cotton that feels broken-in from the first wear. Wear it as a pump cover over your sports bra or tank, with bike shorts for an easy gym outfit, or style it as an oversized graphic tee outside the gym. Details Back print onlyComfort Colors 1717, 100% ring-spun cotton, 6.1 oz heavyweightGarment-dyed for a soft, slightly vintage finishRelaxed unisex fit, US sizingPrinted to orderFit: relaxed. For the oversized look, size up 1–2 — see the size guide in the photos. Care: wash cold, inside out, with like colors. Tumble dry low.",https://aesthwear.com/products/strong-is-the-new-pretty-oversized-gym-tee?utm_source=pinterest&utm_medium=catalog&utm_campaign=pinterest-catalog&utm_content=strong-is-the-new-pretty-oversized-gym-tee,https://meakamst-stack.github.io/aesth-pinterest-feed/pins/strong-pretty-01/strong-pretty-01-tee-bay-gym-v1.jpg,36.00 USD,in stock,new,AESTH.,Apparel & Accessories > Clothing > Shirts & Tops,strong-is-the-new-pretty-oversized-gym-tee,"https://meakamst-stack.github.io/aesth-pinterest-feed/pins/strong-pretty-01/strong-pretty-01-tee-bay-straat-v1.jpg,https://meakamst-stack.github.io/aesth-pinterest-feed/pins/strong-pretty-01/strong-pretty-01-tee-bay-studio-v1.jpg,https://imgproxy.fourthwall.dev/nnOofSa2iLDP9FT3UeXsJ3x0NVv4ZVuYPNz1GTUSsw0/w:1920/sm:1/enc/P3HvNDaEg6DzZuxB/kSBwTLTnonQehVDx/xcto68wXBX0SpBku/kMnI6_WnHRsax7Tl/b4c4jsBiCHpHxE5z/bYS5MenLDH7hdY2D/NKuzAGaZwKjD_kcj/J3W00qvzIY51r3ow/twMYlJEL0YHK-UcM/rZHsv86l9WPI-OV6/6JBc9hg9kmjyaq5F/hRVU7qY2gNETdsqA/0tP0Xo1OwAmn3MlH/DmLDvNQjYkilyX8g/Xl3pOkPNXBU.webp,https://imgproxy.fourthwall.dev/ZDxbkuQdXlhc_NoL2OxR9nXQ62HGDPjCK5XlxLfnHtM/w:1920/sm:1/enc/JTon6SFxbJXOjpoo/tGlgsUtrqvGw6Qtn/p1JQpItQp5Fjotkb/NAzR-0XnFSvU9q9-/U-i70qtEXDAGKi2Y/IUDA-8xxqbzlQhGP/XZXU2-3Rl8215jpN/aYWAgzyoAumKPkEz/wKDpYrrVkbJ_lmQA/ElcQSML271dF1irn/qpMVwiqvaeFUCbqc/akYXS0M8Z18UXD5m/zun2L71QPZUtw0AV/Tl75B_MTTiIsHlfs/jDs9rKes1V4.webp,https://imgproxy.fourthwall.dev/A3aF3JCdUkgmrS1iLnKkoYeUTOhXcfSyBuYLb5Mx-D8/w:1920/sm:1/enc/SMcykHMTNRJGIiy5/KK9K4uDSZWYhie__/5P9RX0ws3gQ5m6Z8/SFL-Tgm4IsYIAs6u/x4GNKcYDWe-E4w8c/q0l93EExy49HefV4/Z57XeYJX5GBlDzrs/QEK4QkYMTuw4uHoB/a5XE9byF5O3Q3Loo/w9gkltA0koDT4sXL/VcSxigPqFx5RhEi4/AVbsSOmwrSebrt1V/MeqIZNOCkCT3PtpR/fOjwpyN9LcZK7h2l/maSDh61TDD0.webp",Bay,2XL,unisex,adult,strong-is-the-new-pretty-oversized-gym-tee,Bay
1DFK-QRUM03X,"Strong Is the New Pretty Oversized Gym Tee | Pump Cover — Bay, 3XL","Strong is the new pretty. A flexing silhouette in soft pink, framed by bold type and a hand-lettered Pretty. One of those gym shirts for women that celebrates every rep that made you stronger. An oversized gym shirt with the print on the back and a clean front. Heavyweight, garment-dyed cotton that feels broken-in from the first wear. Wear it as a pump cover over your sports bra or tank, with bike shorts for an easy gym outfit, or style it as an oversized graphic tee outside the gym. Details Back print onlyComfort Colors 1717, 100% ring-spun cotton, 6.1 oz heavyweightGarment-dyed for a soft, slightly vintage finishRelaxed unisex fit, US sizingPrinted to orderFit: relaxed. For the oversized look, size up 1–2 — see the size guide in the photos. Care: wash cold, inside out, with like colors. Tumble dry low.",https://aesthwear.com/products/strong-is-the-new-pretty-oversized-gym-tee?utm_source=pinterest&utm_medium=catalog&utm_campaign=pinterest-catalog&utm_content=strong-is-the-new-pretty-oversized-gym-tee,https://meakamst-stack.github.io/aesth-pinterest-feed/pins/strong-pretty-01/strong-pretty-01-tee-bay-gym-v1.jpg,38.00 USD,in stock,new,AESTH.,Apparel & Accessories > Clothing > Shirts & Tops,strong-is-the-new-pretty-oversized-gym-tee,"https://meakamst-stack.github.io/aesth-pinterest-feed/pins/strong-pretty-01/strong-pretty-01-tee-bay-straat-v1.jpg,https://meakamst-stack.github.io/aesth-pinterest-feed/pins/strong-pretty-01/strong-pretty-01-tee-bay-studio-v1.jpg,https://imgproxy.fourthwall.dev/nnOofSa2iLDP9FT3UeXsJ3x0NVv4ZVuYPNz1GTUSsw0/w:1920/sm:1/enc/P3HvNDaEg6DzZuxB/kSBwTLTnonQehVDx/xcto68wXBX0SpBku/kMnI6_WnHRsax7Tl/b4c4jsBiCHpHxE5z/bYS5MenLDH7hdY2D/NKuzAGaZwKjD_kcj/J3W00qvzIY51r3ow/twMYlJEL0YHK-UcM/rZHsv86l9WPI-OV6/6JBc9hg9kmjyaq5F/hRVU7qY2gNETdsqA/0tP0Xo1OwAmn3MlH/DmLDvNQjYkilyX8g/Xl3pOkPNXBU.webp,https://imgproxy.fourthwall.dev/ZDxbkuQdXlhc_NoL2OxR9nXQ62HGDPjCK5XlxLfnHtM/w:1920/sm:1/enc/JTon6SFxbJXOjpoo/tGlgsUtrqvGw6Qtn/p1JQpItQp5Fjotkb/NAzR-0XnFSvU9q9-/U-i70qtEXDAGKi2Y/IUDA-8xxqbzlQhGP/XZXU2-3Rl8215jpN/aYWAgzyoAumKPkEz/wKDpYrrVkbJ_lmQA/ElcQSML271dF1irn/qpMVwiqvaeFUCbqc/akYXS0M8Z18UXD5m/zun2L71QPZUtw0AV/Tl75B_MTTiIsHlfs/jDs9rKes1V4.webp,https://imgproxy.fourthwall.dev/A3aF3JCdUkgmrS1iLnKkoYeUTOhXcfSyBuYLb5Mx-D8/w:1920/sm:1/enc/SMcykHMTNRJGIiy5/KK9K4uDSZWYhie__/5P9RX0ws3gQ5m6Z8/SFL-Tgm4IsYIAs6u/x4GNKcYDWe-E4w8c/q0l93EExy49HefV4/Z57XeYJX5GBlDzrs/QEK4QkYMTuw4uHoB/a5XE9byF5O3Q3Loo/w9gkltA0koDT4sXL/VcSxigPqFx5RhEi4/AVbsSOmwrSebrt1V/MeqIZNOCkCT3PtpR/fOjwpyN9LcZK7h2l/maSDh61TDD0.webp",Bay,3XL,unisex,adult,strong-is-the-new-pretty-oversized-gym-tee,Bay
1DFK-EE5M04X,"Strong Is the New Pretty Oversized Gym Tee | Pump Cover — Bay, 4XL","Strong is the new pretty. A flexing silhouette in soft pink, framed by bold type and a hand-lettered Pretty. One of those gym shirts for women that celebrates every rep that made you stronger. An oversized gym shirt with the print on the back and a clean front. Heavyweight, garment-dyed cotton that feels broken-in from the first wear. Wear it as a pump cover over your sports bra or tank, with bike shorts for an easy gym outfit, or style it as an oversized graphic tee outside the gym. Details Back print onlyComfort Colors 1717, 100% ring-spun cotton, 6.1 oz heavyweightGarment-dyed for a soft, slightly vintage finishRelaxed unisex fit, US sizingPrinted to orderFit: relaxed. For the oversized look, size up 1–2 — see the size guide in the photos. Care: wash cold, inside out, with like colors. Tumble dry low.",https://aesthwear.com/products/strong-is-the-new-pretty-oversized-gym-tee?utm_source=pinterest&utm_medium=catalog&utm_campaign=pinterest-catalog&utm_content=strong-is-the-new-pretty-oversized-gym-tee,https://meakamst-stack.github.io/aesth-pinterest-feed/pins/strong-pretty-01/strong-pretty-01-tee-bay-gym-v1.jpg,40.00 USD,in stock,new,AESTH.,Apparel & Accessories > Clothing > Shirts & Tops,strong-is-the-new-pretty-oversized-gym-tee,"https://meakamst-stack.github.io/aesth-pinterest-feed/pins/strong-pretty-01/strong-pretty-01-tee-bay-straat-v1.jpg,https://meakamst-stack.github.io/aesth-pinterest-feed/pins/strong-pretty-01/strong-pretty-01-tee-bay-studio-v1.jpg,https://imgproxy.fourthwall.dev/nnOofSa2iLDP9FT3UeXsJ3x0NVv4ZVuYPNz1GTUSsw0/w:1920/sm:1/enc/P3HvNDaEg6DzZuxB/kSBwTLTnonQehVDx/xcto68wXBX0SpBku/kMnI6_WnHRsax7Tl/b4c4jsBiCHpHxE5z/bYS5MenLDH7hdY2D/NKuzAGaZwKjD_kcj/J3W00qvzIY51r3ow/twMYlJEL0YHK-UcM/rZHsv86l9WPI-OV6/6JBc9hg9kmjyaq5F/hRVU7qY2gNETdsqA/0tP0Xo1OwAmn3MlH/DmLDvNQjYkilyX8g/Xl3pOkPNXBU.webp,https://imgproxy.fourthwall.dev/ZDxbkuQdXlhc_NoL2OxR9nXQ62HGDPjCK5XlxLfnHtM/w:1920/sm:1/enc/JTon6SFxbJXOjpoo/tGlgsUtrqvGw6Qtn/p1JQpItQp5Fjotkb/NAzR-0XnFSvU9q9-/U-i70qtEXDAGKi2Y/IUDA-8xxqbzlQhGP/XZXU2-3Rl8215jpN/aYWAgzyoAumKPkEz/wKDpYrrVkbJ_lmQA/ElcQSML271dF1irn/qpMVwiqvaeFUCbqc/akYXS0M8Z18UXD5m/zun2L71QPZUtw0AV/Tl75B_MTTiIsHlfs/jDs9rKes1V4.webp,https://imgproxy.fourthwall.dev/A3aF3JCdUkgmrS1iLnKkoYeUTOhXcfSyBuYLb5Mx-D8/w:1920/sm:1/enc/SMcykHMTNRJGIiy5/KK9K4uDSZWYhie__/5P9RX0ws3gQ5m6Z8/SFL-Tgm4IsYIAs6u/x4GNKcYDWe-E4w8c/q0l93EExy49HefV4/Z57XeYJX5GBlDzrs/QEK4QkYMTuw4uHoB/a5XE9byF5O3Q3Loo/w9gkltA0koDT4sXL/VcSxigPqFx5RhEi4/AVbsSOmwrSebrt1V/MeqIZNOCkCT3PtpR/fOjwpyN9LcZK7h2l/maSDh61TDD0.webp",Bay,4XL,unisex,adult,strong-is-the-new-pretty-oversized-gym-tee,Bay
1DFK-3ACP00S,"Strong Is the New Pretty Oversized Gym Tee | Pump Cover — Ivory, S","Strong is the new pretty. A flexing silhouette in soft pink, framed by bold type and a hand-lettered Pretty. One of those gym shirts for women that celebrates every rep that made you stronger. An oversized gym shirt with the print on the back and a clean front. Heavyweight, garment-dyed cotton that feels broken-in from the first wear. Wear it as a pump cover over your sports bra or tank, with bike shorts for an easy gym outfit, or style it as an oversized graphic tee outside the gym. Details Back print onlyComfort Colors 1717, 100% ring-spun cotton, 6.1 oz heavyweightGarment-dyed for a soft, slightly vintage finishRelaxed unisex fit, US sizingPrinted to orderFit: relaxed. For the oversized look, size up 1–2 — see the size guide in the photos. Care: wash cold, inside out, with like colors. Tumble dry low.",https://aesthwear.com/products/strong-is-the-new-pretty-oversized-gym-tee?utm_source=pinterest&utm_medium=catalog&utm_campaign=pinterest-catalog&utm_content=strong-is-the-new-pretty-oversized-gym-tee,https://meakamst-stack.github.io/aesth-pinterest-feed/pins/strong-pretty-01/strong-pretty-01-tee-ivory-gym-v1.jpg,34.00 USD,in stock,new,AESTH.,Apparel & Accessories > Clothing > Shirts & Tops,strong-is-the-new-pretty-oversized-gym-tee,"https://meakamst-stack.github.io/aesth-pinterest-feed/pins/strong-pretty-01/strong-pretty-01-tee-ivory-straat-v1.jpg,https://meakamst-stack.github.io/aesth-pinterest-feed/pins/strong-pretty-01/strong-pretty-01-tee-ivory-studio-v1.jpg,https://imgproxy.fourthwall.dev/wWEe50PzotZXgDigaZL1_5kFQ5fVzPGrrDI5o_siI2c/w:1920/sm:1/enc/drAdE9PrR36YKPx6/T_w5rQIUJCwhNpsH/yv2I3rhHThtpXKg9/1Kpxzk4v1p5kLsld/bpTqJ6P-V6zZSt6p/udMytYvWbz_xEvHW/AFGmzaD6uJjetOtQ/OuVFlJQKWBSXgB8o/rl7HiBRauACSfbab/0fSk1tFUGvc-_MQf/VsR6m3ql4epWvu3Y/euBwkxZRgBZqaJrq/d1bWu6P0kXdszACs/t9cnqyT8X727tlUt/PDJVcxpNLDk.webp,https://imgproxy.fourthwall.dev/L1PBM1YkU6E-vb_tqsjsl55SFZYe7Pz7-eCMhDFEXuI/w:1920/sm:1/enc/DGDpP33b5cPoqa7E/kdl6EuMVr43gBw3O/3Z6S3Hk6mfJwgkeq/OBVSg_tUKXulZoAW/SAbDVkVWwH0Kfwkx/BI5LNUX7t6n-Vm7Y/u9048yfQOfh1W7Hf/UwqlaYpY31X0r0zt/ehQG44IU2FR_5Jnq/DE4xSPiIVZ7ZfnzU/y1k-rXT_jfo_1I8m/If6xnUnzr5DLz7dt/8PRingpEPBC8tqJe/zXy5IEeSKCZOdeAh/IQPSfUB21nE.webp,https://imgproxy.fourthwall.dev/wqAC2-G_ztJVFy_ooNQYzu1NwjJVj_ByhvRXGr3WMx8/w:1920/sm:1/enc/YRFh8GIIp8G0x2MD/kfv_BTbx-t3l0Agi/AOsE4BAmAeN0NJjt/Y9SH_iPb23CdAj8d/0xkaD1L3G7xkebb3/1wQVRkzfhLhmbor2/9K6Rba5hYuDSas5m/17phne4La7sZ2hvE/z4r85Yk6S3gko34W/Vt_kARURc54TmN5k/IIANUditS6aLPROG/eLVO_0lCL1XHxrsm/fGLq2AgWg1pQC8m8/k3DSE3LOAfIwHInY/vEP-f-0L8bI.webp",Ivory,S,unisex,adult,strong-is-the-new-pretty-oversized-gym-tee,Ivory
1DFK-6A9P00M,"Strong Is the New Pretty Oversized Gym Tee | Pump Cover — Ivory, M","Strong is the new pretty. A flexing silhouette in soft pink, framed by bold type and a hand-lettered Pretty. One of those gym shirts for women that celebrates every rep that made you stronger. An oversized gym shirt with the print on the back and a clean front. Heavyweight, garment-dyed cotton that feels broken-in from the first wear. Wear it as a pump cover over your sports bra or tank, with bike shorts for an easy gym outfit, or style it as an oversized graphic tee outside the gym. Details Back print onlyComfort Colors 1717, 100% ring-spun cotton, 6.1 oz heavyweightGarment-dyed for a soft, slightly vintage finishRelaxed unisex fit, US sizingPrinted to orderFit: relaxed. For the oversized look, size up 1–2 — see the size guide in the photos. Care: wash cold, inside out, with like colors. Tumble dry low.",https://aesthwear.com/products/strong-is-the-new-pretty-oversized-gym-tee?utm_source=pinterest&utm_medium=catalog&utm_campaign=pinterest-catalog&utm_content=strong-is-the-new-pretty-oversized-gym-tee,https://meakamst-stack.github.io/aesth-pinterest-feed/pins/strong-pretty-01/strong-pretty-01-tee-ivory-gym-v1.jpg,34.00 USD,in stock,new,AESTH.,Apparel & Accessories > Clothing > Shirts & Tops,strong-is-the-new-pretty-oversized-gym-tee,"https://meakamst-stack.github.io/aesth-pinterest-feed/pins/strong-pretty-01/strong-pretty-01-tee-ivory-straat-v1.jpg,https://meakamst-stack.github.io/aesth-pinterest-feed/pins/strong-pretty-01/strong-pretty-01-tee-ivory-studio-v1.jpg,https://imgproxy.fourthwall.dev/wWEe50PzotZXgDigaZL1_5kFQ5fVzPGrrDI5o_siI2c/w:1920/sm:1/enc/drAdE9PrR36YKPx6/T_w5rQIUJCwhNpsH/yv2I3rhHThtpXKg9/1Kpxzk4v1p5kLsld/bpTqJ6P-V6zZSt6p/udMytYvWbz_xEvHW/AFGmzaD6uJjetOtQ/OuVFlJQKWBSXgB8o/rl7HiBRauACSfbab/0fSk1tFUGvc-_MQf/VsR6m3ql4epWvu3Y/euBwkxZRgBZqaJrq/d1bWu6P0kXdszACs/t9cnqyT8X727tlUt/PDJVcxpNLDk.webp,https://imgproxy.fourthwall.dev/L1PBM1YkU6E-vb_tqsjsl55SFZYe7Pz7-eCMhDFEXuI/w:1920/sm:1/enc/DGDpP33b5cPoqa7E/kdl6EuMVr43gBw3O/3Z6S3Hk6mfJwgkeq/OBVSg_tUKXulZoAW/SAbDVkVWwH0Kfwkx/BI5LNUX7t6n-Vm7Y/u9048yfQOfh1W7Hf/UwqlaYpY31X0r0zt/ehQG44IU2FR_5Jnq/DE4xSPiIVZ7ZfnzU/y1k-rXT_jfo_1I8m/If6xnUnzr5DLz7dt/8PRingpEPBC8tqJe/zXy5IEeSKCZOdeAh/IQPSfUB21nE.webp,https://imgproxy.fourthwall.dev/wqAC2-G_ztJVFy_ooNQYzu1NwjJVj_ByhvRXGr3WMx8/w:1920/sm:1/enc/YRFh8GIIp8G0x2MD/kfv_BTbx-t3l0Agi/AOsE4BAmAeN0NJjt/Y9SH_iPb23CdAj8d/0xkaD1L3G7xkebb3/1wQVRkzfhLhmbor2/9K6Rba5hYuDSas5m/17phne4La7sZ2hvE/z4r85Yk6S3gko34W/Vt_kARURc54TmN5k/IIANUditS6aLPROG/eLVO_0lCL1XHxrsm/fGLq2AgWg1pQC8m8/k3DSE3LOAfIwHInY/vEP-f-0L8bI.webp",Ivory,M,unisex,adult,strong-is-the-new-pretty-oversized-gym-tee,Ivory
1DFK-0VRP00L,"Strong Is the New Pretty Oversized Gym Tee | Pump Cover — Ivory, L","Strong is the new pretty. A flexing silhouette in soft pink, framed by bold type and a hand-lettered Pretty. One of those gym shirts for women that celebrates every rep that made you stronger. An oversized gym shirt with the print on the back and a clean front. Heavyweight, garment-dyed cotton that feels broken-in from the first wear. Wear it as a pump cover over your sports bra or tank, with bike shorts for an easy gym outfit, or style it as an oversized graphic tee outside the gym. Details Back print onlyComfort Colors 1717, 100% ring-spun cotton, 6.1 oz heavyweightGarment-dyed for a soft, slightly vintage finishRelaxed unisex fit, US sizingPrinted to orderFit: relaxed. For the oversized look, size up 1–2 — see the size guide in the photos. Care: wash cold, inside out, with like colors. Tumble dry low.",https://aesthwear.com/products/strong-is-the-new-pretty-oversized-gym-tee?utm_source=pinterest&utm_medium=catalog&utm_campaign=pinterest-catalog&utm_content=strong-is-the-new-pretty-oversized-gym-tee,https://meakamst-stack.github.io/aesth-pinterest-feed/pins/strong-pretty-01/strong-pretty-01-tee-ivory-gym-v1.jpg,34.00 USD,in stock,new,AESTH.,Apparel & Accessories > Clothing > Shirts & Tops,strong-is-the-new-pretty-oversized-gym-tee,"https://meakamst-stack.github.io/aesth-pinterest-feed/pins/strong-pretty-01/strong-pretty-01-tee-ivory-straat-v1.jpg,https://meakamst-stack.github.io/aesth-pinterest-feed/pins/strong-pretty-01/strong-pretty-01-tee-ivory-studio-v1.jpg,https://imgproxy.fourthwall.dev/wWEe50PzotZXgDigaZL1_5kFQ5fVzPGrrDI5o_siI2c/w:1920/sm:1/enc/drAdE9PrR36YKPx6/T_w5rQIUJCwhNpsH/yv2I3rhHThtpXKg9/1Kpxzk4v1p5kLsld/bpTqJ6P-V6zZSt6p/udMytYvWbz_xEvHW/AFGmzaD6uJjetOtQ/OuVFlJQKWBSXgB8o/rl7HiBRauACSfbab/0fSk1tFUGvc-_MQf/VsR6m3ql4epWvu3Y/euBwkxZRgBZqaJrq/d1bWu6P0kXdszACs/t9cnqyT8X727tlUt/PDJVcxpNLDk.webp,https://imgproxy.fourthwall.dev/L1PBM1YkU6E-vb_tqsjsl55SFZYe7Pz7-eCMhDFEXuI/w:1920/sm:1/enc/DGDpP33b5cPoqa7E/kdl6EuMVr43gBw3O/3Z6S3Hk6mfJwgkeq/OBVSg_tUKXulZoAW/SAbDVkVWwH0Kfwkx/BI5LNUX7t6n-Vm7Y/u9048yfQOfh1W7Hf/UwqlaYpY31X0r0zt/ehQG44IU2FR_5Jnq/DE4xSPiIVZ7ZfnzU/y1k-rXT_jfo_1I8m/If6xnUnzr5DLz7dt/8PRingpEPBC8tqJe/zXy5IEeSKCZOdeAh/IQPSfUB21nE.webp,https://imgproxy.fourthwall.dev/wqAC2-G_ztJVFy_ooNQYzu1NwjJVj_ByhvRXGr3WMx8/w:1920/sm:1/enc/YRFh8GIIp8G0x2MD/kfv_BTbx-t3l0Agi/AOsE4BAmAeN0NJjt/Y9SH_iPb23CdAj8d/0xkaD1L3G7xkebb3/1wQVRkzfhLhmbor2/9K6Rba5hYuDSas5m/17phne4La7sZ2hvE/z4r85Yk6S3gko34W/Vt_kARURc54TmN5k/IIANUditS6aLPROG/eLVO_0lCL1XHxrsm/fGLq2AgWg1pQC8m8/k3DSE3LOAfIwHInY/vEP-f-0L8bI.webp",Ivory,L,unisex,adult,strong-is-the-new-pretty-oversized-gym-tee,Ivory
1DFK-8PSP0XL,"Strong Is the New Pretty Oversized Gym Tee | Pump Cover — Ivory, XL","Strong is the new pretty. A flexing silhouette in soft pink, framed by bold type and a hand-lettered Pretty. One of those gym shirts for women that celebrates every rep that made you stronger. An oversized gym shirt with the print on the back and a clean front. Heavyweight, garment-dyed cotton that feels broken-in from the first wear. Wear it as a pump cover over your sports bra or tank, with bike shorts for an easy gym outfit, or style it as an oversized graphic tee outside the gym. Details Back print onlyComfort Colors 1717, 100% ring-spun cotton, 6.1 oz heavyweightGarment-dyed for a soft, slightly vintage finishRelaxed unisex fit, US sizingPrinted to orderFit: relaxed. For the oversized look, size up 1–2 — see the size guide in the photos. Care: wash cold, inside out, with like colors. Tumble dry low.",https://aesthwear.com/products/strong-is-the-new-pretty-oversized-gym-tee?utm_source=pinterest&utm_medium=catalog&utm_campaign=pinterest-catalog&utm_content=strong-is-the-new-pretty-oversized-gym-tee,https://meakamst-stack.github.io/aesth-pinterest-feed/pins/strong-pretty-01/strong-pretty-01-tee-ivory-gym-v1.jpg,34.00 USD,in stock,new,AESTH.,Apparel & Accessories > Clothing > Shirts & Tops,strong-is-the-new-pretty-oversized-gym-tee,"https://meakamst-stack.github.io/aesth-pinterest-feed/pins/strong-pretty-01/strong-pretty-01-tee-ivory-straat-v1.jpg,https://meakamst-stack.github.io/aesth-pinterest-feed/pins/strong-pretty-01/strong-pretty-01-tee-ivory-studio-v1.jpg,https://imgproxy.fourthwall.dev/wWEe50PzotZXgDigaZL1_5kFQ5fVzPGrrDI5o_siI2c/w:1920/sm:1/enc/drAdE9PrR36YKPx6/T_w5rQIUJCwhNpsH/yv2I3rhHThtpXKg9/1Kpxzk4v1p5kLsld/bpTqJ6P-V6zZSt6p/udMytYvWbz_xEvHW/AFGmzaD6uJjetOtQ/OuVFlJQKWBSXgB8o/rl7HiBRauACSfbab/0fSk1tFUGvc-_MQf/VsR6m3ql4epWvu3Y/euBwkxZRgBZqaJrq/d1bWu6P0kXdszACs/t9cnqyT8X727tlUt/PDJVcxpNLDk.webp,https://imgproxy.fourthwall.dev/L1PBM1YkU6E-vb_tqsjsl55SFZYe7Pz7-eCMhDFEXuI/w:1920/sm:1/enc/DGDpP33b5cPoqa7E/kdl6EuMVr43gBw3O/3Z6S3Hk6mfJwgkeq/OBVSg_tUKXulZoAW/SAbDVkVWwH0Kfwkx/BI5LNUX7t6n-Vm7Y/u9048yfQOfh1W7Hf/UwqlaYpY31X0r0zt/ehQG44IU2FR_5Jnq/DE4xSPiIVZ7ZfnzU/y1k-rXT_jfo_1I8m/If6xnUnzr5DLz7dt/8PRingpEPBC8tqJe/zXy5IEeSKCZOdeAh/IQPSfUB21nE.webp,https://imgproxy.fourthwall.dev/wqAC2-G_ztJVFy_ooNQYzu1NwjJVj_ByhvRXGr3WMx8/w:1920/sm:1/enc/YRFh8GIIp8G0x2MD/kfv_BTbx-t3l0Agi/AOsE4BAmAeN0NJjt/Y9SH_iPb23CdAj8d/0xkaD1L3G7xkebb3/1wQVRkzfhLhmbor2/9K6Rba5hYuDSas5m/17phne4La7sZ2hvE/z4r85Yk6S3gko34W/Vt_kARURc54TmN5k/IIANUditS6aLPROG/eLVO_0lCL1XHxrsm/fGLq2AgWg1pQC8m8/k3DSE3LOAfIwHInY/vEP-f-0L8bI.webp",Ivory,XL,unisex,adult,strong-is-the-new-pretty-oversized-gym-tee,Ivory
1DFK-EW0P02X,"Strong Is the New Pretty Oversized Gym Tee | Pump Cover — Ivory, 2XL","Strong is the new pretty. A flexing silhouette in soft pink, framed by bold type and a hand-lettered Pretty. One of those gym shirts for women that celebrates every rep that made you stronger. An oversized gym shirt with the print on the back and a clean front. Heavyweight, garment-dyed cotton that feels broken-in from the first wear. Wear it as a pump cover over your sports bra or tank, with bike shorts for an easy gym outfit, or style it as an oversized graphic tee outside the gym. Details Back print onlyComfort Colors 1717, 100% ring-spun cotton, 6.1 oz heavyweightGarment-dyed for a soft, slightly vintage finishRelaxed unisex fit, US sizingPrinted to orderFit: relaxed. For the oversized look, size up 1–2 — see the size guide in the photos. Care: wash cold, inside out, with like colors. Tumble dry low.",https://aesthwear.com/products/strong-is-the-new-pretty-oversized-gym-tee?utm_source=pinterest&utm_medium=catalog&utm_campaign=pinterest-catalog&utm_content=strong-is-the-new-pretty-oversized-gym-tee,https://meakamst-stack.github.io/aesth-pinterest-feed/pins/strong-pretty-01/strong-pretty-01-tee-ivory-gym-v1.jpg,36.00 USD,in stock,new,AESTH.,Apparel & Accessories > Clothing > Shirts & Tops,strong-is-the-new-pretty-oversized-gym-tee,"https://meakamst-stack.github.io/aesth-pinterest-feed/pins/strong-pretty-01/strong-pretty-01-tee-ivory-straat-v1.jpg,https://meakamst-stack.github.io/aesth-pinterest-feed/pins/strong-pretty-01/strong-pretty-01-tee-ivory-studio-v1.jpg,https://imgproxy.fourthwall.dev/wWEe50PzotZXgDigaZL1_5kFQ5fVzPGrrDI5o_siI2c/w:1920/sm:1/enc/drAdE9PrR36YKPx6/T_w5rQIUJCwhNpsH/yv2I3rhHThtpXKg9/1Kpxzk4v1p5kLsld/bpTqJ6P-V6zZSt6p/udMytYvWbz_xEvHW/AFGmzaD6uJjetOtQ/OuVFlJQKWBSXgB8o/rl7HiBRauACSfbab/0fSk1tFUGvc-_MQf/VsR6m3ql4epWvu3Y/euBwkxZRgBZqaJrq/d1bWu6P0kXdszACs/t9cnqyT8X727tlUt/PDJVcxpNLDk.webp,https://imgproxy.fourthwall.dev/L1PBM1YkU6E-vb_tqsjsl55SFZYe7Pz7-eCMhDFEXuI/w:1920/sm:1/enc/DGDpP33b5cPoqa7E/kdl6EuMVr43gBw3O/3Z6S3Hk6mfJwgkeq/OBVSg_tUKXulZoAW/SAbDVkVWwH0Kfwkx/BI5LNUX7t6n-Vm7Y/u9048yfQOfh1W7Hf/UwqlaYpY31X0r0zt/ehQG44IU2FR_5Jnq/DE4xSPiIVZ7ZfnzU/y1k-rXT_jfo_1I8m/If6xnUnzr5DLz7dt/8PRingpEPBC8tqJe/zXy5IEeSKCZOdeAh/IQPSfUB21nE.webp,https://imgproxy.fourthwall.dev/wqAC2-G_ztJVFy_ooNQYzu1NwjJVj_ByhvRXGr3WMx8/w:1920/sm:1/enc/YRFh8GIIp8G0x2MD/kfv_BTbx-t3l0Agi/AOsE4BAmAeN0NJjt/Y9SH_iPb23CdAj8d/0xkaD1L3G7xkebb3/1wQVRkzfhLhmbor2/9K6Rba5hYuDSas5m/17phne4La7sZ2hvE/z4r85Yk6S3gko34W/Vt_kARURc54TmN5k/IIANUditS6aLPROG/eLVO_0lCL1XHxrsm/fGLq2AgWg1pQC8m8/k3DSE3LOAfIwHInY/vEP-f-0L8bI.webp",Ivory,2XL,unisex,adult,strong-is-the-new-pretty-oversized-gym-tee,Ivory
1DFK-QVCP03X,"Strong Is the New Pretty Oversized Gym Tee | Pump Cover — Ivory, 3XL","Strong is the new pretty. A flexing silhouette in soft pink, framed by bold type and a hand-lettered Pretty. One of those gym shirts for women that celebrates every rep that made you stronger. An oversized gym shirt with the print on the back and a clean front. Heavyweight, garment-dyed cotton that feels broken-in from the first wear. Wear it as a pump cover over your sports bra or tank, with bike shorts for an easy gym outfit, or style it as an oversized graphic tee outside the gym. Details Back print onlyComfort Colors 1717, 100% ring-spun cotton, 6.1 oz heavyweightGarment-dyed for a soft, slightly vintage finishRelaxed unisex fit, US sizingPrinted to orderFit: relaxed. For the oversized look, size up 1–2 — see the size guide in the photos. Care: wash cold, inside out, with like colors. Tumble dry low.",https://aesthwear.com/products/strong-is-the-new-pretty-oversized-gym-tee?utm_source=pinterest&utm_medium=catalog&utm_campaign=pinterest-catalog&utm_content=strong-is-the-new-pretty-oversized-gym-tee,https://meakamst-stack.github.io/aesth-pinterest-feed/pins/strong-pretty-01/strong-pretty-01-tee-ivory-gym-v1.jpg,38.00 USD,in stock,new,AESTH.,Apparel & Accessories > Clothing > Shirts & Tops,strong-is-the-new-pretty-oversized-gym-tee,"https://meakamst-stack.github.io/aesth-pinterest-feed/pins/strong-pretty-01/strong-pretty-01-tee-ivory-straat-v1.jpg,https://meakamst-stack.github.io/aesth-pinterest-feed/pins/strong-pretty-01/strong-pretty-01-tee-ivory-studio-v1.jpg,https://imgproxy.fourthwall.dev/wWEe50PzotZXgDigaZL1_5kFQ5fVzPGrrDI5o_siI2c/w:1920/sm:1/enc/drAdE9PrR36YKPx6/T_w5rQIUJCwhNpsH/yv2I3rhHThtpXKg9/1Kpxzk4v1p5kLsld/bpTqJ6P-V6zZSt6p/udMytYvWbz_xEvHW/AFGmzaD6uJjetOtQ/OuVFlJQKWBSXgB8o/rl7HiBRauACSfbab/0fSk1tFUGvc-_MQf/VsR6m3ql4epWvu3Y/euBwkxZRgBZqaJrq/d1bWu6P0kXdszACs/t9cnqyT8X727tlUt/PDJVcxpNLDk.webp,https://imgproxy.fourthwall.dev/L1PBM1YkU6E-vb_tqsjsl55SFZYe7Pz7-eCMhDFEXuI/w:1920/sm:1/enc/DGDpP33b5cPoqa7E/kdl6EuMVr43gBw3O/3Z6S3Hk6mfJwgkeq/OBVSg_tUKXulZoAW/SAbDVkVWwH0Kfwkx/BI5LNUX7t6n-Vm7Y/u9048yfQOfh1W7Hf/UwqlaYpY31X0r0zt/ehQG44IU2FR_5Jnq/DE4xSPiIVZ7ZfnzU/y1k-rXT_jfo_1I8m/If6xnUnzr5DLz7dt/8PRingpEPBC8tqJe/zXy5IEeSKCZOdeAh/IQPSfUB21nE.webp,https://imgproxy.fourthwall.dev/wqAC2-G_ztJVFy_ooNQYzu1NwjJVj_ByhvRXGr3WMx8/w:1920/sm:1/enc/YRFh8GIIp8G0x2MD/kfv_BTbx-t3l0Agi/AOsE4BAmAeN0NJjt/Y9SH_iPb23CdAj8d/0xkaD1L3G7xkebb3/1wQVRkzfhLhmbor2/9K6Rba5hYuDSas5m/17phne4La7sZ2hvE/z4r85Yk6S3gko34W/Vt_kARURc54TmN5k/IIANUditS6aLPROG/eLVO_0lCL1XHxrsm/fGLq2AgWg1pQC8m8/k3DSE3LOAfIwHInY/vEP-f-0L8bI.webp",Ivory,3XL,unisex,adult,strong-is-the-new-pretty-oversized-gym-tee,Ivory
1DFK-2TFP04X,"Strong Is the New Pretty Oversized Gym Tee | Pump Cover — Ivory, 4XL","Strong is the new pretty. A flexing silhouette in soft pink, framed by bold type and a hand-lettered Pretty. One of those gym shirts for women that celebrates every rep that made you stronger. An oversized gym shirt with the print on the back and a clean front. Heavyweight, garment-dyed cotton that feels broken-in from the first wear. Wear it as a pump cover over your sports bra or tank, with bike shorts for an easy gym outfit, or style it as an oversized graphic tee outside the gym. Details Back print onlyComfort Colors 1717, 100% ring-spun cotton, 6.1 oz heavyweightGarment-dyed for a soft, slightly vintage finishRelaxed unisex fit, US sizingPrinted to orderFit: relaxed. For the oversized look, size up 1–2 — see the size guide in the photos. Care: wash cold, inside out, with like colors. Tumble dry low.",https://aesthwear.com/products/strong-is-the-new-pretty-oversized-gym-tee?utm_source=pinterest&utm_medium=catalog&utm_campaign=pinterest-catalog&utm_content=strong-is-the-new-pretty-oversized-gym-tee,https://meakamst-stack.github.io/aesth-pinterest-feed/pins/strong-pretty-01/strong-pretty-01-tee-ivory-gym-v1.jpg,40.00 USD,in stock,new,AESTH.,Apparel & Accessories > Clothing > Shirts & Tops,strong-is-the-new-pretty-oversized-gym-tee,"https://meakamst-stack.github.io/aesth-pinterest-feed/pins/strong-pretty-01/strong-pretty-01-tee-ivory-straat-v1.jpg,https://meakamst-stack.github.io/aesth-pinterest-feed/pins/strong-pretty-01/strong-pretty-01-tee-ivory-studio-v1.jpg,https://imgproxy.fourthwall.dev/wWEe50PzotZXgDigaZL1_5kFQ5fVzPGrrDI5o_siI2c/w:1920/sm:1/enc/drAdE9PrR36YKPx6/T_w5rQIUJCwhNpsH/yv2I3rhHThtpXKg9/1Kpxzk4v1p5kLsld/bpTqJ6P-V6zZSt6p/udMytYvWbz_xEvHW/AFGmzaD6uJjetOtQ/OuVFlJQKWBSXgB8o/rl7HiBRauACSfbab/0fSk1tFUGvc-_MQf/VsR6m3ql4epWvu3Y/euBwkxZRgBZqaJrq/d1bWu6P0kXdszACs/t9cnqyT8X727tlUt/PDJVcxpNLDk.webp,https://imgproxy.fourthwall.dev/L1PBM1YkU6E-vb_tqsjsl55SFZYe7Pz7-eCMhDFEXuI/w:1920/sm:1/enc/DGDpP33b5cPoqa7E/kdl6EuMVr43gBw3O/3Z6S3Hk6mfJwgkeq/OBVSg_tUKXulZoAW/SAbDVkVWwH0Kfwkx/BI5LNUX7t6n-Vm7Y/u9048yfQOfh1W7Hf/UwqlaYpY31X0r0zt/ehQG44IU2FR_5Jnq/DE4xSPiIVZ7ZfnzU/y1k-rXT_jfo_1I8m/If6xnUnzr5DLz7dt/8PRingpEPBC8tqJe/zXy5IEeSKCZOdeAh/IQPSfUB21nE.webp,https://imgproxy.fourthwall.dev/wqAC2-G_ztJVFy_ooNQYzu1NwjJVj_ByhvRXGr3WMx8/w:1920/sm:1/enc/YRFh8GIIp8G0x2MD/kfv_BTbx-t3l0Agi/AOsE4BAmAeN0NJjt/Y9SH_iPb23CdAj8d/0xkaD1L3G7xkebb3/1wQVRkzfhLhmbor2/9K6Rba5hYuDSas5m/17phne4La7sZ2hvE/z4r85Yk6S3gko34W/Vt_kARURc54TmN5k/IIANUditS6aLPROG/eLVO_0lCL1XHxrsm/fGLq2AgWg1pQC8m8/k3DSE3LOAfIwHInY/vEP-f-0L8bI.webp",Ivory,4XL,unisex,adult,strong-is-the-new-pretty-oversized-gym-tee,Ivory
